Country,Year,Gender,Metric,Value
Afghanistan,2015,Female,Employment to population ratio,16.89
Afghanistan,2015,Male,Employment to population ratio,68.965
Afghanistan,2015,Female,Labour Force Participation Rate,19.096
Afghanistan,2015,Male,Labour Force Participation Rate,75.253
Afghanistan,2015,Female,Vulnerable Employment,94.11133622
Afghanistan,2015,Male,Vulnerable Employment,82.94094643
Albania,2015,Female,Employment to population ratio,38.946
Albania,2015,Male,Employment to population ratio,53.029
Albania,2015,Female,Labour Force Participation Rate,46.989
Albania,2015,Male,Labour Force Participation Rate,64.08
Albania,2015,Female,Part Time Employment,37.01
Albania,2015,Male,Part Time Employment,26.22
Albania,2015,Female,Vulnerable Employment,56.28318853
Albania,2015,Male,Vulnerable Employment,56.5744714
Algeria,2015,Female,Employment to population ratio,13.493
Algeria,2015,Male,Employment to population ratio,59.741
Algeria,2015,Female,Labour Force Participation Rate,16.179
Algeria,2015,Male,Labour Force Participation Rate,66.336
Algeria,2015,Female,Vulnerable Employment,24.03178338
Algeria,2015,Male,Vulnerable Employment,27.53709041
Angola,2015,Female,Employment to population ratio,61.008
Angola,2015,Male,Employment to population ratio,66.452
Angola,2015,Female,Labour Force Participation Rate,73.936
Angola,2015,Male,Labour Force Participation Rate,78.563
Angola,2015,Female,Vulnerable Employment,70.77072422
Angola,2015,Male,Vulnerable Employment,47.38222921
Argentina,2015,Female,Employment to population ratio,43.374
Argentina,2015,Male,Employment to population ratio,66.635
Argentina,2015,Female,Labour Force Participation Rate,47.512
Argentina,2015,Male,Labour Force Participation Rate,71.497
Argentina,2015,Female,Vulnerable Employment,17.95292261
Argentina,2015,Male,Vulnerable Employment,22.47015829
Armenia,2015,Female,Employment to population ratio,49.508
Armenia,2015,Male,Employment to population ratio,59.911
Armenia,2015,Female,Labour Force Participation Rate,55.651
Armenia,2015,Male,Labour Force Participation Rate,69.351
Armenia,2015,Female,Part Time Employment,48.27
Armenia,2015,Male,Part Time Employment,27.59
Armenia,2015,Female,Vulnerable Employment,67.04019701
Armenia,2015,Male,Vulnerable Employment,60.00184287
Australia,2015,Female,Employment to population ratio,55.517
Australia,2015,Male,Employment to population ratio,66.788
Australia,2015,Female,Labour Force Participation Rate,59.108
Australia,2015,Male,Labour Force Participation Rate,71.086
Australia,2015,Female,Part Time Employment,59.12
Australia,2015,Male,Part Time Employment,33.71
Australia,2015,Female,Vulnerable Employment,6.477987144
Australia,2015,Male,Vulnerable Employment,10.97253943
Austria,2015,Female,Employment to population ratio,52.487
Austria,2015,Male,Employment to population ratio,62.002
Austria,2015,Female,Labour Force Participation Rate,55.466
Austria,2015,Male,Labour Force Participation Rate,66.087
Austria,2015,Female,Part Time Employment,60.75
Austria,2015,Male,Part Time Employment,30.32
Austria,2015,Female,Vulnerable Employment,9.028312246
Austria,2015,Male,Vulnerable Employment,9.660619551
Azerbaijan,2015,Female,Employment to population ratio,57.396
Azerbaijan,2015,Male,Employment to population ratio,63.426
Azerbaijan,2015,Female,Labour Force Participation Rate,60.96
Azerbaijan,2015,Male,Labour Force Participation Rate,66.119
Azerbaijan,2015,Female,Part Time Employment,23.33
Azerbaijan,2015,Male,Part Time Employment,14.21
Azerbaijan,2015,Female,Vulnerable Employment,63.55029825
Azerbaijan,2015,Male,Vulnerable Employment,47.92573424
"Bahamas, The",2015,Female,Employment to population ratio,58.027
"Bahamas, The",2015,Male,Employment to population ratio,72.251
"Bahamas, The",2015,Female,Labour Force Participation Rate,66.702
"Bahamas, The",2015,Male,Labour Force Participation Rate,81.263
"Bahamas, The",2015,Female,Vulnerable Employment,8.122015568
"Bahamas, The",2015,Male,Vulnerable Employment,21.00634887
Bahrain,2015,Female,Employment to population ratio,41.402
Bahrain,2015,Male,Employment to population ratio,85.772
Bahrain,2015,Female,Labour Force Participation Rate,43.029
Bahrain,2015,Male,Labour Force Participation Rate,86.158
Bahrain,2015,Female,Vulnerable Employment,0.99096894
Bahrain,2015,Male,Vulnerable Employment,1.025052394
Bangladesh,2015,Female,Employment to population ratio,30.428
Bangladesh,2015,Male,Employment to population ratio,77.886
Bangladesh,2015,Female,Labour Force Participation Rate,32.847
Bangladesh,2015,Male,Labour Force Participation Rate,80.399
Bangladesh,2015,Female,Vulnerable Employment,73.39832303
Bangladesh,2015,Male,Vulnerable Employment,53.1700225
Barbados,2015,Female,Employment to population ratio,55.386
Barbados,2015,Male,Employment to population ratio,60.277
Barbados,2015,Female,Labour Force Participation Rate,60.847
Barbados,2015,Male,Labour Force Participation Rate,67.451
Barbados,2015,Female,Vulnerable Employment,10.20361854
Barbados,2015,Male,Vulnerable Employment,21.07166235
Belarus,2015,Female,Employment to population ratio,56.777
Belarus,2015,Male,Employment to population ratio,65.848
Belarus,2015,Female,Labour Force Participation Rate,59.304
Belarus,2015,Male,Labour Force Participation Rate,71.19
Belarus,2015,Female,Vulnerable Employment,1.909353768
Belarus,2015,Male,Vulnerable Employment,4.961943788
Belgium,2015,Female,Employment to population ratio,44.275
Belgium,2015,Male,Employment to population ratio,53.531
Belgium,2015,Female,Labour Force Participation Rate,48.004
Belgium,2015,Male,Labour Force Participation Rate,58.883
Belgium,2015,Female,Part Time Employment,56.09
Belgium,2015,Male,Part Time Employment,26.51
Belgium,2015,Female,Vulnerable Employment,8.692314194
Belgium,2015,Male,Vulnerable Employment,12.78537371
Belize,2015,Female,Employment to population ratio,42.903
Belize,2015,Male,Employment to population ratio,75.147
Belize,2015,Female,Labour Force Participation Rate,48.255
Belize,2015,Male,Labour Force Participation Rate,79.479
Belize,2015,Female,Vulnerable Employment,24.8105593
Belize,2015,Male,Vulnerable Employment,26.98772202
Benin,2015,Female,Employment to population ratio,60.949
Benin,2015,Male,Employment to population ratio,70.381
Benin,2015,Female,Labour Force Participation Rate,62.232
Benin,2015,Male,Labour Force Participation Rate,71.516
Benin,2015,Female,Vulnerable Employment,84.2812773
Benin,2015,Male,Vulnerable Employment,72.81174923
Bhutan,2015,Female,Employment to population ratio,53.268
Bhutan,2015,Male,Employment to population ratio,68.73
Bhutan,2015,Female,Labour Force Participation Rate,55.063
Bhutan,2015,Male,Labour Force Participation Rate,70.064
Bhutan,2015,Female,Vulnerable Employment,85.0825622
Bhutan,2015,Male,Vulnerable Employment,64.67769015
Bolivia,2015,Female,Employment to population ratio,52.531
Bolivia,2015,Male,Employment to population ratio,77.453
Bolivia,2015,Female,Labour Force Participation Rate,54.61
Bolivia,2015,Male,Labour Force Participation Rate,79.546
Bolivia,2015,Female,Vulnerable Employment,64.1275206
Bolivia,2015,Male,Vulnerable Employment,51.46814503
Bosnia and Herzegovina,2015,Female,Employment to population ratio,24.567
Bosnia and Herzegovina,2015,Male,Employment to population ratio,42.939
Bosnia and Herzegovina,2015,Female,Labour Force Participation Rate,35.433
Bosnia and Herzegovina,2015,Male,Labour Force Participation Rate,57.837
Bosnia and Herzegovina,2015,Female,Part Time Employment,18.42
Bosnia and Herzegovina,2015,Male,Part Time Employment,12.58
Bosnia and Herzegovina,2015,Female,Vulnerable Employment,19.31246033
Bosnia and Herzegovina,2015,Male,Vulnerable Employment,20.75511918
Botswana,2015,Female,Employment to population ratio,43.933
Botswana,2015,Male,Employment to population ratio,56.73
Botswana,2015,Female,Labour Force Participation Rate,55.983
Botswana,2015,Male,Labour Force Participation Rate,67.993
Botswana,2015,Female,Vulnerable Employment,29.40879792
Botswana,2015,Male,Vulnerable Employment,27.90558279
Brazil,2015,Female,Employment to population ratio,47.501
Brazil,2015,Male,Employment to population ratio,69.789
Brazil,2015,Female,Labour Force Participation Rate,52.959
Brazil,2015,Male,Labour Force Participation Rate,75.229
Brazil,2015,Female,Part Time Employment,35.11
Brazil,2015,Male,Part Time Employment,19.23
Brazil,2015,Female,Vulnerable Employment,21.72601995
Brazil,2015,Male,Vulnerable Employment,29.50254113
Brunei Darussalam,2015,Female,Employment to population ratio,51.473
Brunei Darussalam,2015,Male,Employment to population ratio,66.071
Brunei Darussalam,2015,Female,Labour Force Participation Rate,56.297
Brunei Darussalam,2015,Male,Labour Force Participation Rate,71.069
Brunei Darussalam,2015,Female,Vulnerable Employment,5.544514349
Brunei Darussalam,2015,Male,Vulnerable Employment,4.90447312
Bulgaria,2015,Female,Employment to population ratio,44.486
Bulgaria,2015,Male,Employment to population ratio,54.159
Bulgaria,2015,Female,Labour Force Participation Rate,48.573
Bulgaria,2015,Male,Labour Force Participation Rate,60.027
Bulgaria,2015,Female,Part Time Employment,12.93
Bulgaria,2015,Male,Part Time Employment,8.37
Bulgaria,2015,Female,Vulnerable Employment,6.863425496
Bulgaria,2015,Male,Vulnerable Employment,9.871487667
Burkina Faso,2015,Female,Employment to population ratio,55.015
Burkina Faso,2015,Male,Employment to population ratio,70.561
Burkina Faso,2015,Female,Labour Force Participation Rate,57.69
Burkina Faso,2015,Male,Labour Force Participation Rate,73.836
Burkina Faso,2015,Female,Vulnerable Employment,90.02154538
Burkina Faso,2015,Male,Vulnerable Employment,83.78283849
Burundi,2015,Female,Employment to population ratio,79.579
Burundi,2015,Male,Employment to population ratio,76.584
Burundi,2015,Female,Labour Force Participation Rate,80.502
Burundi,2015,Male,Labour Force Participation Rate,78.078
Burundi,2015,Female,Vulnerable Employment,93.84963498
Burundi,2015,Male,Vulnerable Employment,77.77543516
Cabo Verde,2015,Female,Employment to population ratio,44.646
Cabo Verde,2015,Male,Employment to population ratio,59.725
Cabo Verde,2015,Female,Labour Force Participation Rate,50.949
Cabo Verde,2015,Male,Labour Force Participation Rate,67.586
Cabo Verde,2015,Female,Vulnerable Employment,47.80374307
Cabo Verde,2015,Male,Vulnerable Employment,27.98791415
Cambodia,2015,Female,Employment to population ratio,64.735
Cambodia,2015,Male,Employment to population ratio,78.094
Cambodia,2015,Female,Labour Force Participation Rate,65.033
Cambodia,2015,Male,Labour Force Participation Rate,78.352
Cambodia,2015,Female,Vulnerable Employment,57.79854261
Cambodia,2015,Male,Vulnerable Employment,47.46720506
Cameroon,2015,Female,Employment to population ratio,64.344
Cameroon,2015,Male,Employment to population ratio,74.83
Cameroon,2015,Female,Labour Force Participation Rate,67.04
Cameroon,2015,Male,Labour Force Participation Rate,77.185
Cameroon,2015,Female,Vulnerable Employment,83.64875052
Cameroon,2015,Male,Vulnerable Employment,65.83612684
Canada,2015,Female,Employment to population ratio,57.348
Canada,2015,Male,Employment to population ratio,65.286
Canada,2015,Female,Labour Force Participation Rate,61.213
Canada,2015,Male,Labour Force Participation Rate,70.592
Canada,2015,Female,Part Time Employment,51.78
Canada,2015,Male,Part Time Employment,32.92
Canada,2015,Female,Vulnerable Employment,9.224615533
Canada,2015,Male,Vulnerable Employment,11.90037428
Central African Republic,2015,Female,Employment to population ratio,58.651
Central African Republic,2015,Male,Employment to population ratio,74.672
Central African Republic,2015,Female,Labour Force Participation Rate,63.007
Central African Republic,2015,Male,Labour Force Participation Rate,78.835
Central African Republic,2015,Female,Vulnerable Employment,97.10771546
Central African Republic,2015,Male,Vulnerable Employment,88.67209695
Chad,2015,Female,Employment to population ratio,50.151
Chad,2015,Male,Employment to population ratio,71.972
Chad,2015,Female,Labour Force Participation Rate,50.464
Chad,2015,Male,Labour Force Participation Rate,72.808
Chad,2015,Female,Vulnerable Employment,97.00369678
Chad,2015,Male,Vulnerable Employment,85.28610803
Channel Islands,2015,Female,Employment to population ratio,47.332
Channel Islands,2015,Male,Employment to population ratio,62.089
Channel Islands,2015,Female,Labour Force Participation Rate,51.553
Channel Islands,2015,Male,Labour Force Participation Rate,67.343
Channel Islands,2015,Female,Vulnerable Employment,9.105222506
Channel Islands,2015,Male,Vulnerable Employment,13.29312934
Chile,2015,Female,Employment to population ratio,44.98
Chile,2015,Male,Employment to population ratio,67.376
Chile,2015,Female,Labour Force Participation Rate,48.431
Chile,2015,Male,Labour Force Participation Rate,71.712
Chile,2015,Female,Part Time Employment,37.62
Chile,2015,Male,Part Time Employment,21.82
Chile,2015,Female,Vulnerable Employment,22.92278825
Chile,2015,Male,Vulnerable Employment,20.6488348
China,2015,Female,Employment to population ratio,60.133
China,2015,Male,Employment to population ratio,71.888
China,2015,Female,Labour Force Participation Rate,62.662
China,2015,Male,Labour Force Participation Rate,75.788
China,2015,Female,Vulnerable Employment,45.98763276
China,2015,Male,Vulnerable Employment,43.32878162
Colombia,2015,Female,Employment to population ratio,49.121
Colombia,2015,Male,Employment to population ratio,73.997
Colombia,2015,Female,Labour Force Participation Rate,55.265
Colombia,2015,Male,Labour Force Participation Rate,79.321
Colombia,2015,Female,Part Time Employment,38.51
Colombia,2015,Male,Part Time Employment,18.74
Colombia,2015,Female,Vulnerable Employment,47.22549541
Colombia,2015,Male,Vulnerable Employment,47.30374117
Comoros,2015,Female,Employment to population ratio,30.977
Comoros,2015,Male,Employment to population ratio,53.658
Comoros,2015,Female,Labour Force Participation Rate,32.764
Comoros,2015,Male,Labour Force Participation Rate,56.197
Comoros,2015,Female,Vulnerable Employment,69.05425316
Comoros,2015,Male,Vulnerable Employment,50.65834473
"Congo, Dem. Rep.",2015,Female,Employment to population ratio,60.234
"Congo, Dem. Rep.",2015,Male,Employment to population ratio,66.064
"Congo, Dem. Rep.",2015,Female,Labour Force Participation Rate,62.464
"Congo, Dem. Rep.",2015,Male,Labour Force Participation Rate,69.715
"Congo, Dem. Rep.",2015,Female,Vulnerable Employment,90.40213632
"Congo, Dem. Rep.",2015,Male,Vulnerable Employment,72.6511051
"Congo, Rep.",2015,Female,Employment to population ratio,52.332
"Congo, Rep.",2015,Male,Employment to population ratio,56.158
"Congo, Rep.",2015,Female,Labour Force Participation Rate,66.731
"Congo, Rep.",2015,Male,Labour Force Participation Rate,69.332
"Congo, Rep.",2015,Female,Vulnerable Employment,89.67203007
"Congo, Rep.",2015,Male,Vulnerable Employment,61.78079495
Costa Rica,2015,Female,Employment to population ratio,44.715
Costa Rica,2015,Male,Employment to population ratio,70.392
Costa Rica,2015,Female,Labour Force Participation Rate,49.892
Costa Rica,2015,Male,Labour Force Participation Rate,75.794
Costa Rica,2015,Female,Part Time Employment,37.6
Costa Rica,2015,Male,Part Time Employment,19.29
Costa Rica,2015,Female,Vulnerable Employment,24.89136283
Costa Rica,2015,Male,Vulnerable Employment,27.58168657
Cote d'Ivoire,2015,Female,Employment to population ratio,52.965
Cote d'Ivoire,2015,Male,Employment to population ratio,73.006
Cote d'Ivoire,2015,Female,Labour Force Participation Rate,54.675
Cote d'Ivoire,2015,Male,Labour Force Participation Rate,74.584
Cote d'Ivoire,2015,Female,Vulnerable Employment,85.44708915
Cote d'Ivoire,2015,Male,Vulnerable Employment,65.68935747
Croatia,2015,Female,Employment to population ratio,38.938
Croatia,2015,Male,Employment to population ratio,49.92
Croatia,2015,Female,Labour Force Participation Rate,46.86
Croatia,2015,Male,Labour Force Participation Rate,59.115
Croatia,2015,Female,Part Time Employment,28.99
Croatia,2015,Male,Part Time Employment,22.9
Croatia,2015,Female,Vulnerable Employment,9.089087517
Croatia,2015,Male,Vulnerable Employment,11.64094888
Cuba,2015,Female,Employment to population ratio,41.251
Cuba,2015,Male,Employment to population ratio,68.372
Cuba,2015,Female,Labour Force Participation Rate,42.345
Cuba,2015,Male,Labour Force Participation Rate,69.972
Cuba,2015,Female,Vulnerable Employment,17.27228967
Cuba,2015,Male,Vulnerable Employment,21.5987566
Cyprus,2015,Female,Employment to population ratio,49.014
Cyprus,2015,Male,Employment to population ratio,57.013
Cyprus,2015,Female,Labour Force Participation Rate,57.589
Cyprus,2015,Male,Labour Force Participation Rate,67.193
Cyprus,2015,Female,Part Time Employment,36.83
Cyprus,2015,Male,Part Time Employment,30.88
Cyprus,2015,Female,Vulnerable Employment,10.59522788
Cyprus,2015,Male,Vulnerable Employment,14.35233728
Czechia,2015,Female,Employment to population ratio,48.127
Czechia,2015,Male,Employment to population ratio,65.134
Czechia,2015,Female,Labour Force Participation Rate,51.244
Czechia,2015,Male,Labour Force Participation Rate,68.012
Czechia,2015,Female,Part Time Employment,34.87
Czechia,2015,Male,Part Time Employment,23.76
Czechia,2015,Female,Vulnerable Employment,10.91704288
Czechia,2015,Male,Vulnerable Employment,16.06485848
Denmark,2015,Female,Employment to population ratio,53.032
Denmark,2015,Male,Employment to population ratio,62.027
Denmark,2015,Female,Labour Force Participation Rate,56.737
Denmark,2015,Male,Labour Force Participation Rate,66.028
Denmark,2015,Female,Part Time Employment,53.53
Denmark,2015,Male,Part Time Employment,32.72
Denmark,2015,Female,Vulnerable Employment,3.664442302
Denmark,2015,Male,Vulnerable Employment,6.521665328
Djibouti,2015,Female,Employment to population ratio,11.495
Djibouti,2015,Male,Employment to population ratio,36.827
Djibouti,2015,Female,Labour Force Participation Rate,17.99
Djibouti,2015,Male,Labour Force Participation Rate,47.334
Djibouti,2015,Female,Vulnerable Employment,65.44136615
Djibouti,2015,Male,Vulnerable Employment,47.82072505
Dominican Republic,2015,Female,Employment to population ratio,42.737
Dominican Republic,2015,Male,Employment to population ratio,71.757
Dominican Republic,2015,Female,Labour Force Participation Rate,47.995
Dominican Republic,2015,Male,Labour Force Participation Rate,75.94
Dominican Republic,2015,Female,Part Time Employment,37.32
Dominican Republic,2015,Male,Part Time Employment,26.92
Dominican Republic,2015,Female,Vulnerable Employment,29.91954163
Dominican Republic,2015,Male,Vulnerable Employment,47.84135887
Ecuador,2015,Female,Employment to population ratio,49.544
Ecuador,2015,Male,Employment to population ratio,77.247
Ecuador,2015,Female,Labour Force Participation Rate,51.889
Ecuador,2015,Male,Labour Force Participation Rate,79.655
Ecuador,2015,Female,Vulnerable Employment,51.75491853
Ecuador,2015,Male,Vulnerable Employment,35.09547578
"Egypt, Arab Rep.",2015,Female,Employment to population ratio,17.15
"Egypt, Arab Rep.",2015,Male,Employment to population ratio,64.222
"Egypt, Arab Rep.",2015,Female,Labour Force Participation Rate,22.779
"Egypt, Arab Rep.",2015,Male,Labour Force Participation Rate,70.848
"Egypt, Arab Rep.",2015,Female,Part Time Employment,9.92
"Egypt, Arab Rep.",2015,Male,Part Time Employment,5.98
"Egypt, Arab Rep.",2015,Female,Vulnerable Employment,46.05755266
"Egypt, Arab Rep.",2015,Male,Vulnerable Employment,20.043597
El Salvador,2015,Female,Employment to population ratio,43.442
El Salvador,2015,Male,Employment to population ratio,71.268
El Salvador,2015,Female,Labour Force Participation Rate,45.004
El Salvador,2015,Male,Labour Force Participation Rate,74.526
El Salvador,2015,Female,Part Time Employment,26.42
El Salvador,2015,Male,Part Time Employment,20.93
El Salvador,2015,Female,Vulnerable Employment,44.19146462
El Salvador,2015,Male,Vulnerable Employment,30.19952682
Equatorial Guinea,2015,Female,Employment to population ratio,46.344
Equatorial Guinea,2015,Male,Employment to population ratio,55.378
Equatorial Guinea,2015,Female,Labour Force Participation Rate,51.093
Equatorial Guinea,2015,Male,Labour Force Participation Rate,59.787
Equatorial Guinea,2015,Female,Vulnerable Employment,85.07486388
Equatorial Guinea,2015,Male,Vulnerable Employment,67.25223947
Eritrea,2015,Female,Employment to population ratio,66.614
Eritrea,2015,Male,Employment to population ratio,81.76
Eritrea,2015,Female,Labour Force Participation Rate,71.513
Eritrea,2015,Male,Labour Force Participation Rate,86.272
Eritrea,2015,Female,Vulnerable Employment,80.8887342
Eritrea,2015,Male,Vulnerable Employment,61.87038767
Estonia,2015,Female,Employment to population ratio,52.369
Estonia,2015,Male,Employment to population ratio,64.906
Estonia,2015,Female,Labour Force Participation Rate,55.791
Estonia,2015,Male,Labour Force Participation Rate,69.229
Estonia,2015,Female,Part Time Employment,33.1
Estonia,2015,Male,Part Time Employment,22.98
Estonia,2015,Female,Vulnerable Employment,3.57232012
Estonia,2015,Male,Vulnerable Employment,7.065049092
Eswatini,2015,Female,Employment to population ratio,34.992
Eswatini,2015,Male,Employment to population ratio,44.004
Eswatini,2015,Female,Labour Force Participation Rate,46.778
Eswatini,2015,Male,Labour Force Participation Rate,56.099
Eswatini,2015,Female,Vulnerable Employment,40.15812881
Eswatini,2015,Male,Vulnerable Employment,26.82790207
Ethiopia,2015,Female,Employment to population ratio,71.971
Ethiopia,2015,Male,Employment to population ratio,86.099
Ethiopia,2015,Female,Labour Force Participation Rate,74.343
Ethiopia,2015,Male,Labour Force Participation Rate,87.626
Ethiopia,2015,Female,Vulnerable Employment,89.96263958
Ethiopia,2015,Male,Vulnerable Employment,84.51906312
Fiji,2015,Female,Employment to population ratio,37.771
Fiji,2015,Male,Employment to population ratio,73.515
Fiji,2015,Female,Labour Force Participation Rate,39.885
Fiji,2015,Male,Labour Force Participation Rate,76.397
Fiji,2015,Female,Vulnerable Employment,37.14920234
Fiji,2015,Male,Vulnerable Employment,38.12701675
Finland,2015,Female,Employment to population ratio,50.676
Finland,2015,Male,Employment to population ratio,56.215
Finland,2015,Female,Labour Force Participation Rate,55.591
Finland,2015,Male,Labour Force Participation Rate,62.38
Finland,2015,Female,Part Time Employment,49.38
Finland,2015,Male,Part Time Employment,38.06
Finland,2015,Female,Vulnerable Employment,7.311239373
Finland,2015,Male,Vulnerable Employment,12.51179132
France,2015,Female,Employment to population ratio,46.539
France,2015,Male,Employment to population ratio,54.332
France,2015,Female,Labour Force Participation Rate,51.64
France,2015,Male,Labour Force Participation Rate,60.902
France,2015,Female,Part Time Employment,35.13
France,2015,Male,Part Time Employment,19.05
France,2015,Female,Vulnerable Employment,5.995105012
France,2015,Male,Vulnerable Employment,8.556945824
French Polynesia,2015,Female,Employment to population ratio,43.003
French Polynesia,2015,Male,Employment to population ratio,56.481
French Polynesia,2015,Female,Labour Force Participation Rate,49.174
French Polynesia,2015,Male,Labour Force Participation Rate,63.307
French Polynesia,2015,Female,Vulnerable Employment,13.14841268
French Polynesia,2015,Male,Vulnerable Employment,18.91862112
Gabon,2015,Female,Employment to population ratio,28.559
Gabon,2015,Male,Employment to population ratio,48.306
Gabon,2015,Female,Labour Force Participation Rate,39.79
Gabon,2015,Male,Labour Force Participation Rate,56.334
Gabon,2015,Female,Vulnerable Employment,37.79051437
Gabon,2015,Male,Vulnerable Employment,27.23840632
"Gambia, The",2015,Female,Employment to population ratio,48.905
"Gambia, The",2015,Male,Employment to population ratio,63.111
"Gambia, The",2015,Female,Labour Force Participation Rate,53.303
"Gambia, The",2015,Male,Labour Force Participation Rate,67.481
"Gambia, The",2015,Female,Vulnerable Employment,82.84789328
"Gambia, The",2015,Male,Vulnerable Employment,67.65962038
Georgia,2015,Female,Employment to population ratio,50.782
Georgia,2015,Male,Employment to population ratio,65.219
Georgia,2015,Female,Labour Force Participation Rate,59.005
Georgia,2015,Male,Labour Force Participation Rate,80.251
Georgia,2015,Female,Vulnerable Employment,52.43743125
Georgia,2015,Male,Vulnerable Employment,52.31446007
Germany,2015,Female,Employment to population ratio,52.4
Germany,2015,Male,Employment to population ratio,62.595
Germany,2015,Female,Labour Force Participation Rate,54.708
Germany,2015,Male,Labour Force Participation Rate,65.868
Germany,2015,Female,Part Time Employment,57.38
Germany,2015,Male,Part Time Employment,25.67
Germany,2015,Female,Vulnerable Employment,5.241454838
Germany,2015,Male,Vulnerable Employment,6.904311115
Ghana,2015,Female,Employment to population ratio,60.78
Ghana,2015,Male,Employment to population ratio,68.379
Ghana,2015,Female,Labour Force Participation Rate,65.06
Ghana,2015,Male,Labour Force Participation Rate,73.541
Ghana,2015,Female,Vulnerable Employment,79.56510061
Ghana,2015,Male,Vulnerable Employment,62.74877807
Greece,2015,Female,Employment to population ratio,31.602
Greece,2015,Male,Employment to population ratio,45.917
Greece,2015,Female,Labour Force Participation Rate,44.531
Greece,2015,Male,Labour Force Participation Rate,58.674
Greece,2015,Female,Part Time Employment,33.29
Greece,2015,Male,Part Time Employment,21.15
Greece,2015,Female,Vulnerable Employment,25.20761128
Greece,2015,Male,Vulnerable Employment,30.1562885
Guam,2015,Female,Employment to population ratio,52.782
Guam,2015,Male,Employment to population ratio,63.681
Guam,2015,Female,Labour Force Participation Rate,56.471
Guam,2015,Male,Labour Force Participation Rate,68.62
Guam,2015,Female,Vulnerable Employment,6.487647022
Guam,2015,Male,Vulnerable Employment,11.24860534
Guatemala,2015,Female,Employment to population ratio,37.114
Guatemala,2015,Male,Employment to population ratio,82.022
Guatemala,2015,Female,Labour Force Participation Rate,38.484
Guatemala,2015,Male,Labour Force Participation Rate,83.701
Guatemala,2015,Female,Vulnerable Employment,45.92770962
Guatemala,2015,Male,Vulnerable Employment,32.67960124
Guinea,2015,Female,Employment to population ratio,44.778
Guinea,2015,Male,Employment to population ratio,61.282
Guinea,2015,Female,Labour Force Participation Rate,47.187
Guinea,2015,Male,Labour Force Participation Rate,64.914
Guinea,2015,Female,Vulnerable Employment,89.7184723
Guinea,2015,Male,Vulnerable Employment,78.69462499
Guinea-Bissau,2015,Female,Employment to population ratio,47.412
Guinea-Bissau,2015,Male,Employment to population ratio,61.751
Guinea-Bissau,2015,Female,Labour Force Participation Rate,48.752
Guinea-Bissau,2015,Male,Labour Force Participation Rate,64.093
Guinea-Bissau,2015,Female,Vulnerable Employment,79.71459358
Guinea-Bissau,2015,Male,Vulnerable Employment,61.33161394
Guyana,2015,Female,Employment to population ratio,34.376
Guyana,2015,Male,Employment to population ratio,61.149
Guyana,2015,Female,Labour Force Participation Rate,40.855
Guyana,2015,Male,Labour Force Participation Rate,69.232
Guyana,2015,Female,Vulnerable Employment,32.89814438
Guyana,2015,Male,Vulnerable Employment,28.01085742
Haiti,2015,Female,Employment to population ratio,51.633
Haiti,2015,Male,Employment to population ratio,62.265
Haiti,2015,Female,Labour Force Participation Rate,61.955
Haiti,2015,Male,Labour Force Participation Rate,69.989
Haiti,2015,Female,Vulnerable Employment,83.01481033
Haiti,2015,Male,Vulnerable Employment,66.34260943
Honduras,2015,Female,Employment to population ratio,42.305
Honduras,2015,Male,Employment to population ratio,77.832
Honduras,2015,Female,Labour Force Participation Rate,46.493
Honduras,2015,Male,Labour Force Participation Rate,81.53
Honduras,2015,Female,Part Time Employment,45.24
Honduras,2015,Male,Part Time Employment,36.88
Honduras,2015,Female,Vulnerable Employment,51.91555247
Honduras,2015,Male,Vulnerable Employment,36.28179329
"Hong Kong SAR, China",2015,Female,Employment to population ratio,52.98
"Hong Kong SAR, China",2015,Male,Employment to population ratio,66.439
"Hong Kong SAR, China",2015,Female,Labour Force Participation Rate,54.719
"Hong Kong SAR, China",2015,Male,Labour Force Participation Rate,68.803
"Hong Kong SAR, China",2015,Female,Vulnerable Employment,3.91207276
"Hong Kong SAR, China",2015,Male,Vulnerable Employment,7.97550285
Hungary,2015,Female,Employment to population ratio,43.645
Hungary,2015,Male,Employment to population ratio,58.821
Hungary,2015,Female,Labour Force Participation Rate,46.95
Hungary,2015,Male,Labour Force Participation Rate,62.99
Hungary,2015,Female,Part Time Employment,26.53
Hungary,2015,Male,Part Time Employment,19.76
Hungary,2015,Female,Vulnerable Employment,6.271949459
Hungary,2015,Male,Vulnerable Employment,8.267670567
Iceland,2015,Female,Employment to population ratio,70.239
Iceland,2015,Male,Employment to population ratio,77.929
Iceland,2015,Female,Labour Force Participation Rate,73.207
Iceland,2015,Male,Labour Force Participation Rate,81.103
Iceland,2015,Female,Part Time Employment,47.93
Iceland,2015,Male,Part Time Employment,28.04
Iceland,2015,Female,Vulnerable Employment,7.546396644
Iceland,2015,Male,Vulnerable Employment,12.62335646
India,2015,Female,Employment to population ratio,24.812
India,2015,Male,Employment to population ratio,71.045
India,2015,Female,Labour Force Participation Rate,26.971
India,2015,Male,Labour Force Participation Rate,77.1
India,2015,Female,Vulnerable Employment,79.0008771
India,2015,Male,Vulnerable Employment,75.02944187
Indonesia,2015,Female,Employment to population ratio,48.487
Indonesia,2015,Male,Employment to population ratio,78.652
Indonesia,2015,Female,Labour Force Participation Rate,50.731
Indonesia,2015,Male,Labour Force Participation Rate,82.413
Indonesia,2015,Female,Part Time Employment,43.78
Indonesia,2015,Male,Part Time Employment,29.71
Indonesia,2015,Female,Vulnerable Employment,56.62037104
Indonesia,2015,Male,Vulnerable Employment,41.8666857
"Iran, Islamic Rep.",2015,Female,Employment to population ratio,11.462
"Iran, Islamic Rep.",2015,Male,Employment to population ratio,61.452
"Iran, Islamic Rep.",2015,Female,Labour Force Participation Rate,14.256
"Iran, Islamic Rep.",2015,Male,Labour Force Participation Rate,67.856
"Iran, Islamic Rep.",2015,Female,Part Time Employment,49.15
"Iran, Islamic Rep.",2015,Male,Part Time Employment,19.48
"Iran, Islamic Rep.",2015,Female,Vulnerable Employment,42.15870861
"Iran, Islamic Rep.",2015,Male,Vulnerable Employment,39.33703017
Iraq,2015,Female,Employment to population ratio,11.052
Iraq,2015,Male,Employment to population ratio,66.779
Iraq,2015,Female,Labour Force Participation Rate,14.2
Iraq,2015,Male,Labour Force Participation Rate,73.004
Iraq,2015,Female,Vulnerable Employment,31.25207117
Iraq,2015,Male,Vulnerable Employment,27.83344561
Ireland,2015,Female,Employment to population ratio,49.964
Ireland,2015,Male,Employment to population ratio,61.651
Ireland,2015,Female,Labour Force Participation Rate,54.853
Ireland,2015,Male,Labour Force Participation Rate,69.064
Ireland,2015,Female,Part Time Employment,56.1
Ireland,2015,Male,Part Time Employment,28.81
Ireland,2015,Female,Vulnerable Employment,6.165351744
Ireland,2015,Male,Vulnerable Employment,16.71366413
Israel,2015,Female,Employment to population ratio,56.899
Israel,2015,Male,Employment to population ratio,67.606
Israel,2015,Female,Labour Force Participation Rate,60.092
Israel,2015,Male,Labour Force Participation Rate,71.212
Israel,2015,Female,Part Time Employment,46.23
Israel,2015,Male,Part Time Employment,23.61
Israel,2015,Female,Vulnerable Employment,6.912674556
Israel,2015,Male,Vulnerable Employment,8.991421107
Italy,2015,Female,Employment to population ratio,34.739
Italy,2015,Male,Employment to population ratio,52.239
Italy,2015,Female,Labour Force Participation Rate,39.789
Italy,2015,Male,Labour Force Participation Rate,58.908
Italy,2015,Female,Part Time Employment,51.38
Italy,2015,Male,Part Time Employment,23.88
Italy,2015,Female,Vulnerable Employment,14.24234702
Italy,2015,Male,Vulnerable Employment,20.30035789
Jamaica,2015,Female,Employment to population ratio,52.025
Jamaica,2015,Male,Employment to population ratio,68.07
Jamaica,2015,Female,Labour Force Participation Rate,58.756
Jamaica,2015,Male,Labour Force Participation Rate,72.913
Jamaica,2015,Female,Vulnerable Employment,30.56254773
Jamaica,2015,Male,Vulnerable Employment,41.99282913
Japan,2015,Female,Employment to population ratio,47.916
Japan,2015,Male,Employment to population ratio,67.72
Japan,2015,Female,Labour Force Participation Rate,49.445
Japan,2015,Male,Labour Force Participation Rate,70.259
Japan,2015,Female,Vulnerable Employment,8.477731203
Japan,2015,Male,Vulnerable Employment,9.07835365
Jordan,2015,Female,Employment to population ratio,10.477
Jordan,2015,Male,Employment to population ratio,52.61
Jordan,2015,Female,Labour Force Participation Rate,13.568
Jordan,2015,Male,Labour Force Participation Rate,59.175
Jordan,2015,Female,Vulnerable Employment,3.045560322
Jordan,2015,Male,Vulnerable Employment,9.88446277
Kazakhstan,2015,Female,Employment to population ratio,61.786
Kazakhstan,2015,Male,Employment to population ratio,72.898
Kazakhstan,2015,Female,Labour Force Participation Rate,65.383
Kazakhstan,2015,Male,Labour Force Participation Rate,76.227
Kazakhstan,2015,Female,Vulnerable Employment,24.86982787
Kazakhstan,2015,Male,Vulnerable Employment,26.34572189
Kenya,2015,Female,Employment to population ratio,69.262
Kenya,2015,Male,Employment to population ratio,75.29
Kenya,2015,Female,Labour Force Participation Rate,71.372
Kenya,2015,Male,Labour Force Participation Rate,77.297
Kenya,2015,Female,Vulnerable Employment,72.18820211
Kenya,2015,Male,Vulnerable Employment,54.27343394
"Korea, Dem. People's Rep.",2015,Female,Employment to population ratio,67.122
"Korea, Dem. People's Rep.",2015,Male,Employment to population ratio,77.346
"Korea, Dem. People's Rep.",2015,Female,Labour Force Participation Rate,69.242
"Korea, Dem. People's Rep.",2015,Male,Labour Force Participation Rate,79.584
"Korea, Dem. People's Rep.",2015,Female,Vulnerable Employment,89.43302718
"Korea, Dem. People's Rep.",2015,Male,Vulnerable Employment,74.68861574
"Korea, Rep.",2015,Female,Employment to population ratio,50.478
"Korea, Rep.",2015,Male,Employment to population ratio,71.449
"Korea, Rep.",2015,Female,Labour Force Participation Rate,52.301
"Korea, Rep.",2015,Male,Labour Force Participation Rate,74.114
"Korea, Rep.",2015,Female,Part Time Employment,24.4
"Korea, Rep.",2015,Male,Part Time Employment,11.47
"Korea, Rep.",2015,Female,Vulnerable Employment,20.15691503
"Korea, Rep.",2015,Male,Vulnerable Employment,19.39954221
Kosovo,2015,Female,Part Time Employment,25.26
Kosovo,2015,Male,Part Time Employment,12.33
Kuwait,2015,Female,Employment to population ratio,47.26
Kuwait,2015,Male,Employment to population ratio,86.2
Kuwait,2015,Female,Labour Force Participation Rate,49.617
Kuwait,2015,Male,Labour Force Participation Rate,87.331
Kuwait,2015,Female,Vulnerable Employment,0.036344663
Kuwait,2015,Male,Vulnerable Employment,0.653938841
Kyrgyz Republic,2015,Female,Employment to population ratio,52.901
Kyrgyz Republic,2015,Male,Employment to population ratio,73.911
Kyrgyz Republic,2015,Female,Labour Force Participation Rate,54.841
Kyrgyz Republic,2015,Male,Labour Force Participation Rate,76.354
Kyrgyz Republic,2015,Female,Part Time Employment,46.04
Kyrgyz Republic,2015,Male,Part Time Employment,25.83
Kyrgyz Republic,2015,Female,Vulnerable Employment,34.72543962
Kyrgyz Republic,2015,Male,Vulnerable Employment,39.72085708
Lao PDR,2015,Female,Employment to population ratio,55.081
Lao PDR,2015,Male,Employment to population ratio,62.178
Lao PDR,2015,Female,Labour Force Participation Rate,56.27
Lao PDR,2015,Male,Labour Force Participation Rate,63.99
Lao PDR,2015,Female,Vulnerable Employment,87.49921674
Lao PDR,2015,Male,Vulnerable Employment,76.06420556
Latvia,2015,Female,Employment to population ratio,49.434
Latvia,2015,Male,Employment to population ratio,59.914
Latvia,2015,Female,Labour Force Participation Rate,54.107
Latvia,2015,Male,Labour Force Participation Rate,67.384
Latvia,2015,Female,Part Time Employment,25.23
Latvia,2015,Male,Part Time Employment,14.69
Latvia,2015,Female,Vulnerable Employment,6.911789897
Latvia,2015,Male,Vulnerable Employment,9.722463006
Lebanon,2015,Female,Employment to population ratio,22.831
Lebanon,2015,Male,Employment to population ratio,63.3
Lebanon,2015,Female,Labour Force Participation Rate,26.147
Lebanon,2015,Male,Labour Force Participation Rate,68.69
Lebanon,2015,Female,Vulnerable Employment,12.25999717
Lebanon,2015,Male,Vulnerable Employment,25.08955278
Lesotho,2015,Female,Employment to population ratio,46.766
Lesotho,2015,Male,Employment to population ratio,62.518
Lesotho,2015,Female,Labour Force Participation Rate,57.275
Lesotho,2015,Male,Labour Force Participation Rate,73.102
Lesotho,2015,Female,Vulnerable Employment,31.69560388
Lesotho,2015,Male,Vulnerable Employment,34.92016615
Liberia,2015,Female,Employment to population ratio,70.463
Liberia,2015,Male,Employment to population ratio,79.835
Liberia,2015,Female,Labour Force Participation Rate,71.937
Liberia,2015,Male,Labour Force Participation Rate,82.318
Liberia,2015,Female,Vulnerable Employment,90.11151526
Liberia,2015,Male,Vulnerable Employment,65.80850059
Libya,2015,Female,Employment to population ratio,25.183
Libya,2015,Male,Employment to population ratio,51.045
Libya,2015,Female,Labour Force Participation Rate,33.899
Libya,2015,Male,Labour Force Participation Rate,61.067
Libya,2015,Female,Vulnerable Employment,9.111474459
Libya,2015,Male,Vulnerable Employment,15.14972513
Lithuania,2015,Female,Employment to population ratio,49.776
Lithuania,2015,Male,Employment to population ratio,58.296
Lithuania,2015,Female,Labour Force Participation Rate,54.194
Lithuania,2015,Male,Labour Force Participation Rate,64.838
Lithuania,2015,Female,Part Time Employment,26.99
Lithuania,2015,Male,Part Time Employment,14.78
Lithuania,2015,Female,Vulnerable Employment,8.68683634
Lithuania,2015,Male,Vulnerable Employment,11.31097516
Luxembourg,2015,Female,Employment to population ratio,50.561
Luxembourg,2015,Male,Employment to population ratio,61.418
Luxembourg,2015,Female,Labour Force Participation Rate,54.569
Luxembourg,2015,Male,Labour Force Participation Rate,65.411
Luxembourg,2015,Female,Part Time Employment,45.19
Luxembourg,2015,Male,Part Time Employment,19.59
Luxembourg,2015,Female,Vulnerable Employment,6.403949074
Luxembourg,2015,Male,Vulnerable Employment,6.013158075
"Macao SAR, China",2015,Female,Employment to population ratio,64.821
"Macao SAR, China",2015,Male,Employment to population ratio,74.442
"Macao SAR, China",2015,Female,Labour Force Participation Rate,65.878
"Macao SAR, China",2015,Male,Labour Force Participation Rate,75.971
"Macao SAR, China",2015,Female,Vulnerable Employment,2.32483783
"Macao SAR, China",2015,Male,Vulnerable Employment,4.369873627
Madagascar,2015,Female,Employment to population ratio,81.818
Madagascar,2015,Male,Employment to population ratio,87.376
Madagascar,2015,Female,Labour Force Participation Rate,83.322
Madagascar,2015,Male,Labour Force Participation Rate,88.955
Madagascar,2015,Female,Vulnerable Employment,90.03083459
Madagascar,2015,Male,Vulnerable Employment,81.37136145
Malawi,2015,Female,Employment to population ratio,61.45
Malawi,2015,Male,Employment to population ratio,71.398
Malawi,2015,Female,Labour Force Participation Rate,65.249
Malawi,2015,Male,Labour Force Participation Rate,74.43
Malawi,2015,Female,Vulnerable Employment,66.96298732
Malawi,2015,Male,Vulnerable Employment,55.35029374
Malaysia,2015,Female,Employment to population ratio,48.936
Malaysia,2015,Male,Employment to population ratio,75.806
Malaysia,2015,Female,Labour Force Participation Rate,50.653
Malaysia,2015,Male,Labour Force Participation Rate,78.087
Malaysia,2015,Female,Vulnerable Employment,25.3491649
Malaysia,2015,Male,Vulnerable Employment,20.045
Maldives,2015,Female,Employment to population ratio,37.4
Maldives,2015,Male,Employment to population ratio,65.237
Maldives,2015,Female,Labour Force Participation Rate,39.974
Maldives,2015,Male,Labour Force Participation Rate,69.91
Maldives,2015,Female,Vulnerable Employment,33.94973
Maldives,2015,Male,Vulnerable Employment,13.0839385
Mali,2015,Female,Employment to population ratio,60.381
Mali,2015,Male,Employment to population ratio,78.565
Mali,2015,Female,Labour Force Participation Rate,61.207
Mali,2015,Male,Labour Force Participation Rate,79.749
Mali,2015,Female,Vulnerable Employment,89.57071796
Mali,2015,Male,Vulnerable Employment,75.73617391
Malta,2015,Female,Employment to population ratio,40.513
Malta,2015,Male,Employment to population ratio,64.166
Malta,2015,Female,Labour Force Participation Rate,42.822
Malta,2015,Male,Labour Force Participation Rate,67.809
Malta,2015,Female,Part Time Employment,51.56
Malta,2015,Male,Part Time Employment,27.66
Malta,2015,Female,Vulnerable Employment,6.187544161
Malta,2015,Male,Vulnerable Employment,13.15297922
Mauritania,2015,Female,Employment to population ratio,23.485
Mauritania,2015,Male,Employment to population ratio,53.549
Mauritania,2015,Female,Labour Force Participation Rate,26.651
Mauritania,2015,Male,Labour Force Participation Rate,58.984
Mauritania,2015,Female,Vulnerable Employment,73.5729953
Mauritania,2015,Male,Vulnerable Employment,53.78349974
Mauritius,2015,Female,Employment to population ratio,40.936
Mauritius,2015,Male,Employment to population ratio,69.965
Mauritius,2015,Female,Labour Force Participation Rate,45.85
Mauritius,2015,Male,Labour Force Participation Rate,73.879
Mauritius,2015,Female,Part Time Employment,46.27
Mauritius,2015,Male,Part Time Employment,33.72
Mauritius,2015,Female,Vulnerable Employment,14.43719828
Mauritius,2015,Male,Vulnerable Employment,18.50062414
Mexico,2015,Female,Employment to population ratio,41.82
Mexico,2015,Male,Employment to population ratio,75.356
Mexico,2015,Female,Labour Force Participation Rate,43.77
Mexico,2015,Male,Labour Force Participation Rate,78.679
Mexico,2015,Female,Part Time Employment,37.45
Mexico,2015,Male,Part Time Employment,20.38
Mexico,2015,Female,Vulnerable Employment,30.50861463
Mexico,2015,Male,Vulnerable Employment,25.89683927
Moldova,2015,Female,Employment to population ratio,68.468
Moldova,2015,Male,Employment to population ratio,69.519
Moldova,2015,Female,Labour Force Participation Rate,69.39
Moldova,2015,Male,Labour Force Participation Rate,71.14
Moldova,2015,Female,Part Time Employment,21.44
Moldova,2015,Male,Part Time Employment,20.02
Moldova,2015,Female,Vulnerable Employment,59.49350609
Moldova,2015,Male,Vulnerable Employment,61.64576661
Mongolia,2015,Female,Employment to population ratio,51.597
Mongolia,2015,Male,Employment to population ratio,62.413
Mongolia,2015,Female,Labour Force Participation Rate,53.885
Mongolia,2015,Male,Labour Force Participation Rate,65.962
Mongolia,2015,Female,Vulnerable Employment,47.41443091
Mongolia,2015,Male,Vulnerable Employment,51.05520074
Montenegro,2015,Female,Employment to population ratio,39.462
Montenegro,2015,Male,Employment to population ratio,49.52
Montenegro,2015,Female,Labour Force Participation Rate,47.721
Montenegro,2015,Male,Labour Force Participation Rate,60.212
Montenegro,2015,Female,Part Time Employment,11.25
Montenegro,2015,Male,Part Time Employment,7.9
Montenegro,2015,Female,Vulnerable Employment,12.71826579
Montenegro,2015,Male,Vulnerable Employment,20.36782693
Morocco,2015,Female,Employment to population ratio,21.858
Morocco,2015,Male,Employment to population ratio,64.134
Morocco,2015,Female,Labour Force Participation Rate,24.398
Morocco,2015,Male,Labour Force Participation Rate,70.577
Morocco,2015,Female,Vulnerable Employment,62.76889643
Morocco,2015,Male,Vulnerable Employment,45.70435243
Mozambique,2015,Female,Employment to population ratio,75.238
Mozambique,2015,Male,Employment to population ratio,77.534
Mozambique,2015,Female,Labour Force Participation Rate,78.115
Mozambique,2015,Male,Labour Force Participation Rate,80.065
Mozambique,2015,Female,Vulnerable Employment,93.21654753
Mozambique,2015,Male,Vulnerable Employment,74.15027519
Myanmar,2015,Female,Employment to population ratio,50.348
Myanmar,2015,Male,Employment to population ratio,78.437
Myanmar,2015,Female,Labour Force Participation Rate,50.81
Myanmar,2015,Male,Labour Force Participation Rate,78.972
Myanmar,2015,Female,Vulnerable Employment,67.43201165
Myanmar,2015,Male,Vulnerable Employment,61.89684282
Namibia,2015,Female,Employment to population ratio,43.681
Namibia,2015,Male,Employment to population ratio,52.879
Namibia,2015,Female,Labour Force Participation Rate,56.367
Namibia,2015,Male,Labour Force Participation Rate,65.35
Namibia,2015,Female,Vulnerable Employment,35.52158814
Namibia,2015,Male,Vulnerable Employment,20.45473198
Nepal,2015,Female,Employment to population ratio,23.061
Nepal,2015,Male,Employment to population ratio,49.855
Nepal,2015,Female,Labour Force Participation Rate,26.238
Nepal,2015,Male,Labour Force Participation Rate,55.309
Nepal,2015,Female,Vulnerable Employment,93.02684841
Nepal,2015,Male,Vulnerable Employment,71.98749147
Netherlands,2015,Female,Employment to population ratio,54.53
Netherlands,2015,Male,Employment to population ratio,65.547
Netherlands,2015,Female,Labour Force Participation Rate,58.803
Netherlands,2015,Male,Labour Force Participation Rate,70.124
Netherlands,2015,Female,Part Time Employment,77.93
Netherlands,2015,Male,Part Time Employment,40.56
Netherlands,2015,Female,Vulnerable Employment,11.25555657
Netherlands,2015,Male,Vulnerable Employment,14.50577101
New Caledonia,2015,Female,Employment to population ratio,49.145
New Caledonia,2015,Male,Employment to population ratio,59.179
New Caledonia,2015,Female,Labour Force Participation Rate,57.753
New Caledonia,2015,Male,Labour Force Participation Rate,67.676
New Caledonia,2015,Female,Vulnerable Employment,9.567193863
New Caledonia,2015,Male,Vulnerable Employment,15.79113028
New Zealand,2015,Female,Employment to population ratio,59.683
New Zealand,2015,Male,Employment to population ratio,70.747
New Zealand,2015,Female,Labour Force Participation Rate,63.43
New Zealand,2015,Male,Labour Force Participation Rate,74.454
New Zealand,2015,Female,Part Time Employment,53.81
New Zealand,2015,Male,Part Time Employment,28.03
New Zealand,2015,Female,Vulnerable Employment,11.29069587
New Zealand,2015,Male,Vulnerable Employment,16.65993597
Nicaragua,2015,Female,Employment to population ratio,45.686
Nicaragua,2015,Male,Employment to population ratio,79.352
Nicaragua,2015,Female,Labour Force Participation Rate,48.319
Nicaragua,2015,Male,Labour Force Participation Rate,82.864
Nicaragua,2015,Female,Vulnerable Employment,47.29870132
Nicaragua,2015,Male,Vulnerable Employment,35.22899495
Niger,2015,Female,Employment to population ratio,61.819
Niger,2015,Male,Employment to population ratio,84.199
Niger,2015,Female,Labour Force Participation Rate,62.1
Niger,2015,Male,Labour Force Participation Rate,84.744
Niger,2015,Female,Vulnerable Employment,97.52685731
Niger,2015,Male,Vulnerable Employment,91.33200906
Nigeria,2015,Female,Employment to population ratio,52.807
Nigeria,2015,Male,Employment to population ratio,61.264
Nigeria,2015,Female,Labour Force Participation Rate,54.884
Nigeria,2015,Male,Labour Force Participation Rate,64.07
Nigeria,2015,Female,Vulnerable Employment,86.31214261
Nigeria,2015,Male,Vulnerable Employment,79.81168869
North Macedonia,2015,Female,Employment to population ratio,32.398
North Macedonia,2015,Male,Employment to population ratio,49.227
North Macedonia,2015,Female,Labour Force Participation Rate,43.417
North Macedonia,2015,Male,Labour Force Participation Rate,67.543
North Macedonia,2015,Female,Part Time Employment,11.77
North Macedonia,2015,Male,Part Time Employment,9.72
North Macedonia,2015,Female,Vulnerable Employment,18.38591086
North Macedonia,2015,Male,Vulnerable Employment,23.81625143
Norway,2015,Female,Employment to population ratio,58.902
Norway,2015,Male,Employment to population ratio,65.306
Norway,2015,Female,Labour Force Participation Rate,61.358
Norway,2015,Male,Labour Force Participation Rate,68.429
Norway,2015,Female,Part Time Employment,57.55
Norway,2015,Male,Part Time Employment,38.76
Norway,2015,Female,Vulnerable Employment,3.792237498
Norway,2015,Male,Vulnerable Employment,6.671224926
Oman,2015,Female,Employment to population ratio,25.996
Oman,2015,Male,Employment to population ratio,85.683
Oman,2015,Female,Labour Force Participation Rate,29.751
Oman,2015,Male,Labour Force Participation Rate,87.398
Oman,2015,Female,Vulnerable Employment,5.11499304
Oman,2015,Male,Vulnerable Employment,2.823679683
Pakistan,2015,Female,Employment to population ratio,22.502
Pakistan,2015,Male,Employment to population ratio,76.705
Pakistan,2015,Female,Labour Force Participation Rate,23.977
Pakistan,2015,Male,Labour Force Participation Rate,78.929
Pakistan,2015,Female,Vulnerable Employment,74.83707612
Pakistan,2015,Male,Vulnerable Employment,54.77690339
Panama,2015,Female,Employment to population ratio,47.349
Panama,2015,Male,Employment to population ratio,74.667
Panama,2015,Female,Labour Force Participation Rate,50.034
Panama,2015,Male,Labour Force Participation Rate,77.548
Panama,2015,Female,Part Time Employment,27.63
Panama,2015,Male,Part Time Employment,22.01
Panama,2015,Female,Vulnerable Employment,28.76244372
Panama,2015,Male,Vulnerable Employment,31.87873003
Papua New Guinea,2015,Female,Employment to population ratio,46.214
Papua New Guinea,2015,Male,Employment to population ratio,46.67
Papua New Guinea,2015,Female,Labour Force Participation Rate,46.869
Papua New Guinea,2015,Male,Labour Force Participation Rate,48.405
Papua New Guinea,2015,Female,Vulnerable Employment,85.17553858
Papua New Guinea,2015,Male,Vulnerable Employment,70.02160421
Paraguay,2015,Female,Employment to population ratio,52.134
Paraguay,2015,Male,Employment to population ratio,77.573
Paraguay,2015,Female,Labour Force Participation Rate,54.845
Paraguay,2015,Male,Labour Force Participation Rate,81.059
Paraguay,2015,Female,Part Time Employment,41.32
Paraguay,2015,Male,Part Time Employment,26.35
Paraguay,2015,Female,Vulnerable Employment,41.79844665
Paraguay,2015,Male,Vulnerable Employment,36.75317792
Peru,2015,Female,Employment to population ratio,65.459
Peru,2015,Male,Employment to population ratio,81.673
Peru,2015,Female,Labour Force Participation Rate,67.725
Peru,2015,Male,Labour Force Participation Rate,84.378
Peru,2015,Female,Part Time Employment,48.46
Peru,2015,Male,Part Time Employment,31.26
Peru,2015,Female,Vulnerable Employment,55.18501404
Peru,2015,Male,Vulnerable Employment,41.96570438
Philippines,2015,Female,Employment to population ratio,46.964
Philippines,2015,Male,Employment to population ratio,72.02
Philippines,2015,Female,Labour Force Participation Rate,48.528
Philippines,2015,Male,Labour Force Participation Rate,74.225
Philippines,2015,Female,Part Time Employment,33.42
Philippines,2015,Male,Part Time Employment,30.79
Philippines,2015,Female,Vulnerable Employment,41.50138303
Philippines,2015,Male,Vulnerable Employment,35.51943549
Poland,2015,Female,Employment to population ratio,45.299
Poland,2015,Male,Employment to population ratio,60.345
Poland,2015,Female,Labour Force Participation Rate,49.082
Poland,2015,Male,Labour Force Participation Rate,65.117
Poland,2015,Female,Part Time Employment,29.44
Poland,2015,Male,Part Time Employment,16.83
Poland,2015,Female,Vulnerable Employment,15.04281856
Poland,2015,Male,Vulnerable Employment,19.14924301
Portugal,2015,Female,Employment to population ratio,46.889
Portugal,2015,Male,Employment to population ratio,56.287
Portugal,2015,Female,Labour Force Participation Rate,53.742
Portugal,2015,Male,Labour Force Participation Rate,64.081
Portugal,2015,Female,Part Time Employment,30.62
Portugal,2015,Male,Part Time Employment,23.1
Portugal,2015,Female,Vulnerable Employment,11.07580197
Portugal,2015,Male,Vulnerable Employment,16.00047833
Puerto Rico,2015,Female,Employment to population ratio,28.842
Puerto Rico,2015,Male,Employment to population ratio,42.41
Puerto Rico,2015,Female,Labour Force Participation Rate,31.921
Puerto Rico,2015,Male,Labour Force Participation Rate,49.157
Puerto Rico,2015,Female,Vulnerable Employment,8.597059668
Puerto Rico,2015,Male,Vulnerable Employment,16.10519774
Qatar,2015,Female,Employment to population ratio,55.775
Qatar,2015,Male,Employment to population ratio,95.525
Qatar,2015,Female,Labour Force Participation Rate,56.265
Qatar,2015,Male,Labour Force Participation Rate,95.584
Qatar,2015,Female,Vulnerable Employment,0.05503509
Qatar,2015,Male,Vulnerable Employment,0.159726728
Romania,2015,Female,Employment to population ratio,42.646
Romania,2015,Male,Employment to population ratio,59.714
Romania,2015,Female,Labour Force Participation Rate,45.298
Romania,2015,Male,Labour Force Participation Rate,64.582
Romania,2015,Female,Part Time Employment,19.58
Romania,2015,Male,Part Time Employment,14.27
Romania,2015,Female,Vulnerable Employment,27.07053014
Romania,2015,Male,Vulnerable Employment,28.45562508
Russian Federation,2015,Female,Employment to population ratio,52.605
Russian Federation,2015,Male,Employment to population ratio,67.151
Russian Federation,2015,Female,Labour Force Participation Rate,55.553
Russian Federation,2015,Male,Labour Force Participation Rate,71.298
Russian Federation,2015,Female,Part Time Employment,11.91
Russian Federation,2015,Male,Part Time Employment,6.09
Russian Federation,2015,Female,Vulnerable Employment,5.395782993
Russian Federation,2015,Male,Vulnerable Employment,6.396735018
Rwanda,2015,Female,Employment to population ratio,47.709
Rwanda,2015,Male,Employment to population ratio,59.767
Rwanda,2015,Female,Labour Force Participation Rate,54.602
Rwanda,2015,Male,Labour Force Participation Rate,67.276
Rwanda,2015,Female,Vulnerable Employment,82.9168922
Rwanda,2015,Male,Vulnerable Employment,55.43407597
Samoa,2015,Female,Employment to population ratio,36.43
Samoa,2015,Male,Employment to population ratio,62.057
Samoa,2015,Female,Labour Force Participation Rate,41.245
Samoa,2015,Male,Labour Force Participation Rate,66.912
Samoa,2015,Female,Vulnerable Employment,31.05861377
Samoa,2015,Male,Vulnerable Employment,30.37246391
Sao Tome and Principe,2015,Female,Employment to population ratio,29.439
Sao Tome and Principe,2015,Male,Employment to population ratio,64.661
Sao Tome and Principe,2015,Female,Labour Force Participation Rate,37.34
Sao Tome and Principe,2015,Male,Labour Force Participation Rate,71.493
Sao Tome and Principe,2015,Female,Vulnerable Employment,70.97431716
Sao Tome and Principe,2015,Male,Vulnerable Employment,50.21544226
Saudi Arabia,2015,Female,Employment to population ratio,17.248
Saudi Arabia,2015,Male,Employment to population ratio,77.95
Saudi Arabia,2015,Female,Labour Force Participation Rate,22.166
Saudi Arabia,2015,Male,Labour Force Participation Rate,79.939
Saudi Arabia,2015,Female,Vulnerable Employment,1.084729719
Saudi Arabia,2015,Male,Vulnerable Employment,2.040466837
Senegal,2015,Female,Employment to population ratio,31.782
Senegal,2015,Male,Employment to population ratio,53.966
Senegal,2015,Female,Labour Force Participation Rate,34.29
Senegal,2015,Male,Labour Force Participation Rate,57.657
Senegal,2015,Female,Vulnerable Employment,73.42697823
Senegal,2015,Male,Vulnerable Employment,60.82623673
Serbia,2015,Female,Employment to population ratio,35.192
Serbia,2015,Male,Employment to population ratio,50.547
Serbia,2015,Female,Labour Force Participation Rate,43.312
Serbia,2015,Male,Labour Force Participation Rate,60.753
Serbia,2015,Female,Part Time Employment,25.55
Serbia,2015,Male,Part Time Employment,21.34
Serbia,2015,Female,Vulnerable Employment,22.39065477
Serbia,2015,Male,Vulnerable Employment,29.47446542
Seychelles,2015,Female,Part Time Employment,16.7
Seychelles,2015,Male,Part Time Employment,15.83
Sierra Leone,2015,Female,Employment to population ratio,53.024
Sierra Leone,2015,Male,Employment to population ratio,54.041
Sierra Leone,2015,Female,Labour Force Participation Rate,55.081
Sierra Leone,2015,Male,Labour Force Participation Rate,57.321
Sierra Leone,2015,Female,Vulnerable Employment,91.34070342
Sierra Leone,2015,Male,Vulnerable Employment,81.92660992
Singapore,2015,Female,Employment to population ratio,59.798
Singapore,2015,Male,Employment to population ratio,76.324
Singapore,2015,Female,Labour Force Participation Rate,62.275
Singapore,2015,Male,Labour Force Participation Rate,79.22
Singapore,2015,Female,Vulnerable Employment,5.533421206
Singapore,2015,Male,Vulnerable Employment,10.22457082
Slovak Republic,2015,Female,Employment to population ratio,45.272
Slovak Republic,2015,Male,Employment to population ratio,60.892
Slovak Republic,2015,Female,Labour Force Participation Rate,51.974
Slovak Republic,2015,Male,Labour Force Participation Rate,67.913
Slovak Republic,2015,Female,Part Time Employment,29.14
Slovak Republic,2015,Male,Part Time Employment,20.66
Slovak Republic,2015,Female,Vulnerable Employment,8.401616479
Slovak Republic,2015,Male,Vulnerable Employment,14.93578281
Slovenia,2015,Female,Employment to population ratio,46.675
Slovenia,2015,Male,Employment to population ratio,57.839
Slovenia,2015,Female,Labour Force Participation Rate,51.912
Slovenia,2015,Male,Labour Force Participation Rate,62.921
Slovenia,2015,Female,Part Time Employment,34.12
Slovenia,2015,Male,Part Time Employment,22.86
Slovenia,2015,Female,Vulnerable Employment,12.40617828
Slovenia,2015,Male,Vulnerable Employment,15.73421382
Solomon Islands,2015,Female,Employment to population ratio,81.864
Solomon Islands,2015,Male,Employment to population ratio,85.242
Solomon Islands,2015,Female,Labour Force Participation Rate,82.484
Solomon Islands,2015,Male,Labour Force Participation Rate,85.845
Solomon Islands,2015,Female,Vulnerable Employment,77.97278884
Solomon Islands,2015,Male,Vulnerable Employment,59.28684184
Somalia,2015,Female,Employment to population ratio,15.894
Somalia,2015,Male,Employment to population ratio,40.29
Somalia,2015,Female,Labour Force Participation Rate,20.881
Somalia,2015,Male,Labour Force Participation Rate,47.937
Somalia,2015,Female,Vulnerable Employment,62.38767584
Somalia,2015,Male,Vulnerable Employment,41.59683574
South Africa,2015,Female,Employment to population ratio,38.326
South Africa,2015,Male,Employment to population ratio,51.264
South Africa,2015,Female,Labour Force Participation Rate,50.99
South Africa,2015,Male,Labour Force Participation Rate,65.039
South Africa,2015,Female,Part Time Employment,18.23
South Africa,2015,Male,Part Time Employment,10.09
South Africa,2015,Female,Vulnerable Employment,20.62259269
South Africa,2015,Male,Vulnerable Employment,17.27666333
South Sudan,2015,Female,Employment to population ratio,60.459
South Sudan,2015,Male,Employment to population ratio,63.638
South Sudan,2015,Female,Labour Force Participation Rate,69.841
South Sudan,2015,Male,Labour Force Participation Rate,71.792
South Sudan,2015,Female,Vulnerable Employment,97.22144226
South Sudan,2015,Male,Vulnerable Employment,84.28859648
Spain,2015,Female,Employment to population ratio,40.203
Spain,2015,Male,Employment to population ratio,51.209
Spain,2015,Female,Labour Force Participation Rate,52.593
Spain,2015,Male,Labour Force Participation Rate,64.639
Spain,2015,Female,Part Time Employment,40.84
Spain,2015,Male,Part Time Employment,21
Spain,2015,Female,Vulnerable Employment,9.514558948
Spain,2015,Male,Vulnerable Employment,14.62647029
Sri Lanka,2015,Female,Employment to population ratio,32.743
Sri Lanka,2015,Male,Employment to population ratio,71.611
Sri Lanka,2015,Female,Labour Force Participation Rate,35.373
Sri Lanka,2015,Male,Labour Force Participation Rate,73.812
Sri Lanka,2015,Female,Part Time Employment,34.2
Sri Lanka,2015,Male,Part Time Employment,20.64
Sri Lanka,2015,Female,Vulnerable Employment,44.0185962
Sri Lanka,2015,Male,Vulnerable Employment,39.10512512
St. Lucia,2015,Female,Employment to population ratio,49.433
St. Lucia,2015,Male,Employment to population ratio,61.166
St. Lucia,2015,Female,Labour Force Participation Rate,63.941
St. Lucia,2015,Male,Labour Force Participation Rate,75.652
St. Lucia,2015,Female,Vulnerable Employment,19.7915171
St. Lucia,2015,Male,Vulnerable Employment,27.38120656
St. Vincent and the Grenadines,2015,Female,Employment to population ratio,44.704
St. Vincent and the Grenadines,2015,Male,Employment to population ratio,59.861
St. Vincent and the Grenadines,2015,Female,Labour Force Participation Rate,53.811
St. Vincent and the Grenadines,2015,Male,Labour Force Participation Rate,75.355
St. Vincent and the Grenadines,2015,Female,Vulnerable Employment,16.89280868
St. Vincent and the Grenadines,2015,Male,Vulnerable Employment,23.03658634
Sudan,2015,Female,Employment to population ratio,20.163
Sudan,2015,Male,Employment to population ratio,61.158
Sudan,2015,Female,Labour Force Participation Rate,28.585
Sudan,2015,Male,Labour Force Participation Rate,69.374
Sudan,2015,Female,Vulnerable Employment,70.61251506
Sudan,2015,Male,Vulnerable Employment,54.61010535
Suriname,2015,Female,Employment to population ratio,39.36
Suriname,2015,Male,Employment to population ratio,63.85
Suriname,2015,Female,Labour Force Participation Rate,44.448
Suriname,2015,Male,Labour Force Participation Rate,66.774
Suriname,2015,Female,Vulnerable Employment,17.44050325
Suriname,2015,Male,Vulnerable Employment,19.7762364
Sweden,2015,Female,Employment to population ratio,56.701
Sweden,2015,Male,Employment to population ratio,62.883
Sweden,2015,Female,Labour Force Participation Rate,61.158
Sweden,2015,Male,Labour Force Participation Rate,68.024
Sweden,2015,Female,Part Time Employment,56.55
Sweden,2015,Male,Part Time Employment,40.8
Sweden,2015,Female,Vulnerable Employment,4.524766989
Sweden,2015,Male,Vulnerable Employment,8.636754896
Switzerland,2015,Female,Employment to population ratio,59.222
Switzerland,2015,Male,Employment to population ratio,70.732
Switzerland,2015,Female,Labour Force Participation Rate,62.282
Switzerland,2015,Male,Labour Force Participation Rate,74.222
Switzerland,2015,Female,Part Time Employment,51.15
Switzerland,2015,Male,Part Time Employment,21.4
Switzerland,2015,Female,Vulnerable Employment,10.46370347
Switzerland,2015,Male,Vulnerable Employment,10.09991795
Syrian Arab Republic,2015,Female,Employment to population ratio,9.936
Syrian Arab Republic,2015,Male,Employment to population ratio,55.623
Syrian Arab Republic,2015,Female,Labour Force Participation Rate,13.455
Syrian Arab Republic,2015,Male,Labour Force Participation Rate,62.969
Syrian Arab Republic,2015,Female,Vulnerable Employment,12.42177833
Syrian Arab Republic,2015,Male,Vulnerable Employment,39.82555499
Tajikistan,2015,Female,Employment to population ratio,29.946
Tajikistan,2015,Male,Employment to population ratio,48.606
Tajikistan,2015,Female,Labour Force Participation Rate,31.904
Tajikistan,2015,Male,Labour Force Participation Rate,53.075
Tajikistan,2015,Female,Vulnerable Employment,31.06700433
Tajikistan,2015,Male,Vulnerable Employment,25.13213468
Tanzania,2015,Female,Employment to population ratio,77.38
Tanzania,2015,Male,Employment to population ratio,86.388
Tanzania,2015,Female,Labour Force Participation Rate,79.558
Tanzania,2015,Male,Labour Force Participation Rate,87.737
Tanzania,2015,Female,Vulnerable Employment,89.18498924
Tanzania,2015,Male,Vulnerable Employment,79.02727477
Thailand,2015,Female,Employment to population ratio,60.73
Thailand,2015,Male,Employment to population ratio,77.474
Thailand,2015,Female,Labour Force Participation Rate,61.103
Thailand,2015,Male,Labour Force Participation Rate,77.934
Thailand,2015,Female,Part Time Employment,19.44
Thailand,2015,Male,Part Time Employment,18.58
Thailand,2015,Female,Vulnerable Employment,50.66429427
Thailand,2015,Male,Vulnerable Employment,47.11362691
Timor-Leste,2015,Female,Employment to population ratio,57.839
Timor-Leste,2015,Male,Employment to population ratio,70.315
Timor-Leste,2015,Female,Labour Force Participation Rate,61.468
Timor-Leste,2015,Male,Labour Force Participation Rate,72.676
Timor-Leste,2015,Female,Vulnerable Employment,80.06982363
Timor-Leste,2015,Male,Vulnerable Employment,59.90229597
Togo,2015,Female,Employment to population ratio,54.641
Togo,2015,Male,Employment to population ratio,59.3
Togo,2015,Female,Labour Force Participation Rate,55.574
Togo,2015,Male,Labour Force Participation Rate,60.931
Togo,2015,Female,Vulnerable Employment,82.37349047
Togo,2015,Male,Vulnerable Employment,65.24765362
Tonga,2015,Female,Employment to population ratio,41.591
Tonga,2015,Male,Employment to population ratio,65.799
Tonga,2015,Female,Labour Force Participation Rate,42.811
Tonga,2015,Male,Labour Force Participation Rate,66.781
Tonga,2015,Female,Vulnerable Employment,37.83916084
Tonga,2015,Male,Vulnerable Employment,39.86903822
Trinidad and Tobago,2015,Female,Employment to population ratio,48.091
Trinidad and Tobago,2015,Male,Employment to population ratio,69.439
Trinidad and Tobago,2015,Female,Labour Force Participation Rate,49.549
Trinidad and Tobago,2015,Male,Labour Force Participation Rate,70.896
Trinidad and Tobago,2015,Female,Vulnerable Employment,11.65884441
Trinidad and Tobago,2015,Male,Vulnerable Employment,20.45637291
Tunisia,2015,Female,Employment to population ratio,20.293
Tunisia,2015,Male,Employment to population ratio,60.377
Tunisia,2015,Female,Labour Force Participation Rate,26.081
Tunisia,2015,Male,Labour Force Participation Rate,68.916
Tunisia,2015,Female,Vulnerable Employment,13.42487401
Tunisia,2015,Male,Vulnerable Employment,21.83914525
Turkiye,2015,Female,Employment to population ratio,27.354
Turkiye,2015,Male,Employment to population ratio,64.765
Turkiye,2015,Female,Labour Force Participation Rate,31.301
Turkiye,2015,Male,Labour Force Participation Rate,71.321
Turkiye,2015,Female,Part Time Employment,32.91
Turkiye,2015,Male,Part Time Employment,16.15
Turkiye,2015,Female,Vulnerable Employment,36.88710288
Turkiye,2015,Male,Vulnerable Employment,25.06861614
Turkmenistan,2015,Female,Employment to population ratio,48.109
Turkmenistan,2015,Male,Employment to population ratio,44.342
Turkmenistan,2015,Female,Labour Force Participation Rate,49.333
Turkmenistan,2015,Male,Labour Force Participation Rate,47.029
Turkmenistan,2015,Female,Vulnerable Employment,30.67792126
Turkmenistan,2015,Male,Vulnerable Employment,28.18882041
Uganda,2015,Female,Employment to population ratio,64.462
Uganda,2015,Male,Employment to population ratio,72.246
Uganda,2015,Female,Labour Force Participation Rate,66.682
Uganda,2015,Male,Labour Force Participation Rate,73.932
Uganda,2015,Female,Vulnerable Employment,83.66712514
Uganda,2015,Male,Vulnerable Employment,68.30567457
Ukraine,2015,Female,Employment to population ratio,46.315
Ukraine,2015,Male,Employment to population ratio,56.97
Ukraine,2015,Female,Labour Force Participation Rate,50.4
Ukraine,2015,Male,Labour Force Participation Rate,63.392
Ukraine,2015,Female,Part Time Employment,18.76
Ukraine,2015,Male,Part Time Employment,9.69
Ukraine,2015,Female,Vulnerable Employment,13.17678841
Ukraine,2015,Male,Vulnerable Employment,16.19589199
United Arab Emirates,2015,Female,Employment to population ratio,47.201
United Arab Emirates,2015,Male,Employment to population ratio,90.209
United Arab Emirates,2015,Female,Labour Force Participation Rate,49.442
United Arab Emirates,2015,Male,Labour Force Participation Rate,91.373
United Arab Emirates,2015,Female,Vulnerable Employment,0.227784548
United Arab Emirates,2015,Male,Vulnerable Employment,0.346509218
United Kingdom,2015,Female,Employment to population ratio,54.267
United Kingdom,2015,Male,Employment to population ratio,64.808
United Kingdom,2015,Female,Labour Force Participation Rate,57.198
United Kingdom,2015,Male,Labour Force Participation Rate,68.547
United Kingdom,2015,Female,Part Time Employment,58.08
United Kingdom,2015,Male,Part Time Employment,28.83
United Kingdom,2015,Female,Vulnerable Employment,9.085194342
United Kingdom,2015,Male,Vulnerable Employment,15.62587984
United States,2015,Female,Employment to population ratio,53.102
United States,2015,Male,Employment to population ratio,64.691
United States,2015,Female,Labour Force Participation Rate,56.002
United States,2015,Male,Labour Force Participation Rate,68.36
United States,2015,Female,Part Time Employment,36.28
United States,2015,Male,Part Time Employment,22.14
United States,2015,Female,Vulnerable Employment,2.924148771
United States,2015,Male,Vulnerable Employment,5.604691069
Uruguay,2015,Female,Employment to population ratio,51.341
Uruguay,2015,Male,Employment to population ratio,69.696
Uruguay,2015,Female,Labour Force Participation Rate,56.324
Uruguay,2015,Male,Labour Force Participation Rate,74.428
Uruguay,2015,Female,Vulnerable Employment,21.43319654
Uruguay,2015,Male,Vulnerable Employment,24.54441363
Uzbekistan,2015,Female,Employment to population ratio,38.857
Uzbekistan,2015,Male,Employment to population ratio,69.548
Uzbekistan,2015,Female,Labour Force Participation Rate,40.872
Uzbekistan,2015,Male,Labour Force Participation Rate,73.422
Uzbekistan,2015,Female,Vulnerable Employment,24.63360589
Uzbekistan,2015,Male,Vulnerable Employment,43.00828424
Vanuatu,2015,Female,Employment to population ratio,56.849
Vanuatu,2015,Male,Employment to population ratio,75.065
Vanuatu,2015,Female,Labour Force Participation Rate,60.715
Vanuatu,2015,Male,Labour Force Participation Rate,78.476
Vanuatu,2015,Female,Vulnerable Employment,69.02019696
Vanuatu,2015,Male,Vulnerable Employment,59.68106034
"Venezuela, RB",2015,Female,Employment to population ratio,45.109
"Venezuela, RB",2015,Male,Employment to population ratio,71.171
"Venezuela, RB",2015,Female,Labour Force Participation Rate,48.253
"Venezuela, RB",2015,Male,Labour Force Participation Rate,75.554
"Venezuela, RB",2015,Female,Vulnerable Employment,29.30090597
"Venezuela, RB",2015,Male,Vulnerable Employment,32.79618162
Viet Nam,2015,Female,Employment to population ratio,71.251
Viet Nam,2015,Male,Employment to population ratio,80.583
Viet Nam,2015,Female,Labour Force Participation Rate,72.491
Viet Nam,2015,Male,Labour Force Participation Rate,82.211
Viet Nam,2015,Female,Part Time Employment,31.69
Viet Nam,2015,Male,Part Time Employment,24.55
Viet Nam,2015,Female,Vulnerable Employment,63.86014164
Viet Nam,2015,Male,Vulnerable Employment,52.02509908
Virgin Islands (U.S.),2015,Female,Employment to population ratio,42.585
Virgin Islands (U.S.),2015,Male,Employment to population ratio,61.691
Virgin Islands (U.S.),2015,Female,Labour Force Participation Rate,49.108
Virgin Islands (U.S.),2015,Male,Labour Force Participation Rate,69.53
Virgin Islands (U.S.),2015,Female,Vulnerable Employment,4.798168069
Virgin Islands (U.S.),2015,Male,Vulnerable Employment,8.008884791
West Bank and Gaza,2015,Female,Employment to population ratio,11.851
West Bank and Gaza,2015,Male,Employment to population ratio,56.565
West Bank and Gaza,2015,Female,Labour Force Participation Rate,17.99
West Bank and Gaza,2015,Male,Labour Force Participation Rate,70.78
West Bank and Gaza,2015,Female,Part Time Employment,55.58
West Bank and Gaza,2015,Male,Part Time Employment,29.29
West Bank and Gaza,2015,Female,Vulnerable Employment,30.73049274
West Bank and Gaza,2015,Male,Vulnerable Employment,23.80335601
"Yemen, Rep.",2015,Female,Employment to population ratio,3.633
"Yemen, Rep.",2015,Male,Employment to population ratio,48.256
"Yemen, Rep.",2015,Female,Labour Force Participation Rate,5.176
"Yemen, Rep.",2015,Male,Labour Force Participation Rate,58.034
"Yemen, Rep.",2015,Female,Vulnerable Employment,65.19270303
"Yemen, Rep.",2015,Male,Vulnerable Employment,42.77623807
Zambia,2015,Female,Employment to population ratio,47.414
Zambia,2015,Male,Employment to population ratio,60.971
Zambia,2015,Female,Labour Force Participation Rate,51.874
Zambia,2015,Male,Labour Force Participation Rate,66.364
Zambia,2015,Female,Vulnerable Employment,87.14710887
Zambia,2015,Male,Vulnerable Employment,67.59561694
Zimbabwe,2015,Female,Employment to population ratio,57.226
Zimbabwe,2015,Male,Employment to population ratio,68.611
Zimbabwe,2015,Female,Labour Force Participation Rate,60.663
Zimbabwe,2015,Male,Labour Force Participation Rate,72.338
Zimbabwe,2015,Female,Vulnerable Employment,82.05130525
Zimbabwe,2015,Male,Vulnerable Employment,65.72886956
Afghanistan,2016,Female,Employment to population ratio,17.566
Afghanistan,2016,Male,Employment to population ratio,67.356
Afghanistan,2016,Female,Labour Force Participation Rate,20.141
Afghanistan,2016,Male,Labour Force Participation Rate,74.313
Afghanistan,2016,Female,Vulnerable Employment,93.45992988
Afghanistan,2016,Male,Vulnerable Employment,82.33792217
Albania,2016,Female,Employment to population ratio,42.559
Albania,2016,Male,Employment to population ratio,54.431
Albania,2016,Female,Labour Force Participation Rate,49.763
Albania,2016,Male,Labour Force Participation Rate,64.913
Albania,2016,Female,Part Time Employment,30.52
Albania,2016,Male,Part Time Employment,23.45
Albania,2016,Female,Vulnerable Employment,55.41992188
Albania,2016,Male,Vulnerable Employment,56.28212695
Algeria,2016,Female,Employment to population ratio,13.745
Algeria,2016,Male,Employment to population ratio,60.618
Algeria,2016,Female,Labour Force Participation Rate,16.826
Algeria,2016,Male,Labour Force Participation Rate,66.037
Algeria,2016,Female,Vulnerable Employment,24.04888766
Algeria,2016,Male,Vulnerable Employment,27.35681364
Angola,2016,Female,Employment to population ratio,60.894
Angola,2016,Male,Employment to population ratio,65.872
Angola,2016,Female,Labour Force Participation Rate,73.7
Angola,2016,Male,Labour Force Participation Rate,78.218
Angola,2016,Female,Vulnerable Employment,70.69858562
Angola,2016,Male,Vulnerable Employment,47.9209011
Argentina,2016,Female,Employment to population ratio,43.207
Argentina,2016,Male,Employment to population ratio,65.8
Argentina,2016,Female,Labour Force Participation Rate,47.598
Argentina,2016,Male,Labour Force Participation Rate,70.97
Argentina,2016,Female,Vulnerable Employment,18.51337007
Argentina,2016,Male,Vulnerable Employment,22.50626417
Armenia,2016,Female,Employment to population ratio,49.477
Armenia,2016,Male,Employment to population ratio,59.777
Armenia,2016,Female,Labour Force Participation Rate,55.719
Armenia,2016,Male,Labour Force Participation Rate,69.582
Armenia,2016,Female,Part Time Employment,47.34
Armenia,2016,Male,Part Time Employment,26.67
Armenia,2016,Female,Vulnerable Employment,66.82205443
Armenia,2016,Male,Vulnerable Employment,59.63591881
Australia,2016,Female,Employment to population ratio,55.913
Australia,2016,Male,Employment to population ratio,66.603
Australia,2016,Female,Labour Force Participation Rate,59.343
Australia,2016,Male,Labour Force Participation Rate,70.591
Australia,2016,Female,Part Time Employment,57.24
Australia,2016,Male,Part Time Employment,31.96
Australia,2016,Female,Vulnerable Employment,7.345273254
Australia,2016,Male,Vulnerable Employment,10.63299866
Austria,2016,Female,Employment to population ratio,52.886
Austria,2016,Male,Employment to population ratio,62.199
Austria,2016,Female,Labour Force Participation Rate,56.016
Austria,2016,Male,Labour Force Participation Rate,66.507
Austria,2016,Female,Part Time Employment,60.76
Austria,2016,Male,Part Time Employment,30.06
Austria,2016,Female,Vulnerable Employment,8.618200917
Austria,2016,Male,Vulnerable Employment,9.315294838
Azerbaijan,2016,Female,Employment to population ratio,58.378
Azerbaijan,2016,Male,Employment to population ratio,64.681
Azerbaijan,2016,Female,Labour Force Participation Rate,62.027
Azerbaijan,2016,Male,Labour Force Participation Rate,67.46
Azerbaijan,2016,Female,Part Time Employment,23.47
Azerbaijan,2016,Male,Part Time Employment,14.28
Azerbaijan,2016,Female,Vulnerable Employment,61.84138017
Azerbaijan,2016,Male,Vulnerable Employment,48.39639402
"Bahamas, The",2016,Female,Employment to population ratio,57.018
"Bahamas, The",2016,Male,Employment to population ratio,72.178
"Bahamas, The",2016,Female,Labour Force Participation Rate,66.671
"Bahamas, The",2016,Male,Labour Force Participation Rate,81.175
"Bahamas, The",2016,Female,Vulnerable Employment,8.147381043
"Bahamas, The",2016,Male,Vulnerable Employment,21.10062024
Bahrain,2016,Female,Employment to population ratio,41.543
Bahrain,2016,Male,Employment to population ratio,85.967
Bahrain,2016,Female,Labour Force Participation Rate,43.222
Bahrain,2016,Male,Labour Force Participation Rate,86.372
Bahrain,2016,Female,Vulnerable Employment,0.971705502
Bahrain,2016,Male,Vulnerable Employment,1.015790946
Bangladesh,2016,Female,Employment to population ratio,30.848
Bangladesh,2016,Male,Employment to population ratio,77.137
Bangladesh,2016,Female,Labour Force Participation Rate,33.271
Bangladesh,2016,Male,Labour Force Participation Rate,79.594
Bangladesh,2016,Female,Vulnerable Employment,71.2255135
Bangladesh,2016,Male,Vulnerable Employment,52.505573
Barbados,2016,Female,Employment to population ratio,56.557
Barbados,2016,Male,Employment to population ratio,63.941
Barbados,2016,Female,Labour Force Participation Rate,61.913
Barbados,2016,Male,Labour Force Participation Rate,69.388
Barbados,2016,Female,Vulnerable Employment,10.13010742
Barbados,2016,Male,Vulnerable Employment,23.20865912
Belarus,2016,Female,Employment to population ratio,57.003
Belarus,2016,Male,Employment to population ratio,65.979
Belarus,2016,Female,Labour Force Participation Rate,59.501
Belarus,2016,Male,Labour Force Participation Rate,71.325
Belarus,2016,Female,Vulnerable Employment,1.931057398
Belarus,2016,Male,Vulnerable Employment,5.112293156
Belgium,2016,Female,Employment to population ratio,44.159
Belgium,2016,Male,Employment to population ratio,53.976
Belgium,2016,Female,Labour Force Participation Rate,47.77
Belgium,2016,Male,Labour Force Participation Rate,58.708
Belgium,2016,Female,Part Time Employment,55.31
Belgium,2016,Male,Part Time Employment,25.11
Belgium,2016,Female,Vulnerable Employment,8.292993001
Belgium,2016,Male,Vulnerable Employment,12.72269749
Belize,2016,Female,Employment to population ratio,43.626
Belize,2016,Male,Employment to population ratio,75.856
Belize,2016,Female,Labour Force Participation Rate,49.117
Belize,2016,Male,Labour Force Participation Rate,79.36
Belize,2016,Female,Vulnerable Employment,31.16308585
Belize,2016,Male,Vulnerable Employment,25.67677315
Benin,2016,Female,Employment to population ratio,59.014
Benin,2016,Male,Employment to population ratio,69.655
Benin,2016,Female,Labour Force Participation Rate,60.283
Benin,2016,Male,Labour Force Participation Rate,70.798
Benin,2016,Female,Vulnerable Employment,84.00325665
Benin,2016,Male,Vulnerable Employment,72.96157194
Bhutan,2016,Female,Employment to population ratio,53.008
Bhutan,2016,Male,Employment to population ratio,68.291
Bhutan,2016,Female,Labour Force Participation Rate,54.979
Bhutan,2016,Male,Labour Force Participation Rate,69.814
Bhutan,2016,Female,Vulnerable Employment,84.92308604
Bhutan,2016,Male,Vulnerable Employment,64.3338763
Bolivia,2016,Female,Employment to population ratio,54.646
Bolivia,2016,Male,Employment to population ratio,75.365
Bolivia,2016,Female,Labour Force Participation Rate,56.949
Bolivia,2016,Male,Labour Force Participation Rate,77.777
Bolivia,2016,Female,Vulnerable Employment,68.34777217
Bolivia,2016,Male,Vulnerable Employment,62.56084133
Bosnia and Herzegovina,2016,Female,Employment to population ratio,24.389
Bosnia and Herzegovina,2016,Male,Employment to population ratio,45.052
Bosnia and Herzegovina,2016,Female,Labour Force Participation Rate,34.845
Bosnia and Herzegovina,2016,Male,Labour Force Participation Rate,58.131
Bosnia and Herzegovina,2016,Female,Part Time Employment,13.58
Bosnia and Herzegovina,2016,Male,Part Time Employment,8.52
Bosnia and Herzegovina,2016,Female,Vulnerable Employment,19.60570526
Bosnia and Herzegovina,2016,Male,Vulnerable Employment,20.32922192
Botswana,2016,Female,Employment to population ratio,44.292
Botswana,2016,Male,Employment to population ratio,56.633
Botswana,2016,Female,Labour Force Participation Rate,56.642
Botswana,2016,Male,Labour Force Participation Rate,68.371
Botswana,2016,Female,Vulnerable Employment,28.93568528
Botswana,2016,Male,Vulnerable Employment,27.69148165
Brazil,2016,Female,Employment to population ratio,45.972
Brazil,2016,Male,Employment to population ratio,67.55
Brazil,2016,Female,Labour Force Participation Rate,53.207
Brazil,2016,Male,Labour Force Participation Rate,75.118
Brazil,2016,Female,Part Time Employment,33.48
Brazil,2016,Male,Part Time Employment,18.72
Brazil,2016,Female,Vulnerable Employment,21.87960846
Brazil,2016,Male,Vulnerable Employment,30.06848107
Brunei Darussalam,2016,Female,Employment to population ratio,51.079
Brunei Darussalam,2016,Male,Employment to population ratio,64.341
Brunei Darussalam,2016,Female,Labour Force Participation Rate,56.302
Brunei Darussalam,2016,Male,Labour Force Participation Rate,69.881
Brunei Darussalam,2016,Female,Vulnerable Employment,5.68063386
Brunei Darussalam,2016,Male,Vulnerable Employment,4.627510337
Bulgaria,2016,Female,Employment to population ratio,44.346
Bulgaria,2016,Male,Employment to population ratio,54.653
Bulgaria,2016,Female,Labour Force Participation Rate,47.666
Bulgaria,2016,Male,Labour Force Participation Rate,59.467
Bulgaria,2016,Female,Part Time Employment,11.82
Bulgaria,2016,Male,Part Time Employment,7.65
Bulgaria,2016,Female,Vulnerable Employment,6.81590196
Bulgaria,2016,Male,Vulnerable Employment,9.372050737
Burkina Faso,2016,Female,Employment to population ratio,54.993
Burkina Faso,2016,Male,Employment to population ratio,70.313
Burkina Faso,2016,Female,Labour Force Participation Rate,57.704
Burkina Faso,2016,Male,Labour Force Participation Rate,73.714
Burkina Faso,2016,Female,Vulnerable Employment,89.48951852
Burkina Faso,2016,Male,Vulnerable Employment,83.03175267
Burundi,2016,Female,Employment to population ratio,79.566
Burundi,2016,Male,Employment to population ratio,77.261
Burundi,2016,Female,Labour Force Participation Rate,80.44
Burundi,2016,Male,Labour Force Participation Rate,78.596
Burundi,2016,Female,Vulnerable Employment,93.25270172
Burundi,2016,Male,Vulnerable Employment,77.56459241
Cabo Verde,2016,Female,Employment to population ratio,45.081
Cabo Verde,2016,Male,Employment to population ratio,59.135
Cabo Verde,2016,Female,Labour Force Participation Rate,51.553
Cabo Verde,2016,Male,Labour Force Participation Rate,66.984
Cabo Verde,2016,Female,Vulnerable Employment,46.79878216
Cabo Verde,2016,Male,Vulnerable Employment,28.00343716
Cambodia,2016,Female,Employment to population ratio,65.666
Cambodia,2016,Male,Employment to population ratio,79.027
Cambodia,2016,Female,Labour Force Participation Rate,66.235
Cambodia,2016,Male,Labour Force Participation Rate,79.502
Cambodia,2016,Female,Vulnerable Employment,58.57096126
Cambodia,2016,Male,Vulnerable Employment,44.36919247
Cameroon,2016,Female,Employment to population ratio,64.358
Cameroon,2016,Male,Employment to population ratio,74.715
Cameroon,2016,Female,Labour Force Participation Rate,67.065
Cameroon,2016,Male,Labour Force Participation Rate,77.077
Cameroon,2016,Female,Vulnerable Employment,83.16087415
Cameroon,2016,Male,Vulnerable Employment,65.4874062
Canada,2016,Female,Employment to population ratio,57.426
Canada,2016,Male,Employment to population ratio,64.839
Canada,2016,Female,Labour Force Participation Rate,61.274
Canada,2016,Male,Labour Force Participation Rate,70.263
Canada,2016,Female,Part Time Employment,51.64
Canada,2016,Male,Part Time Employment,33.01
Canada,2016,Female,Vulnerable Employment,9.12861491
Canada,2016,Male,Vulnerable Employment,12.17383309
Central African Republic,2016,Female,Employment to population ratio,58.681
Central African Republic,2016,Male,Employment to population ratio,74.432
Central African Republic,2016,Female,Labour Force Participation Rate,63.056
Central African Republic,2016,Male,Labour Force Participation Rate,78.639
Central African Republic,2016,Female,Vulnerable Employment,97.11724764
Central African Republic,2016,Male,Vulnerable Employment,88.79422611
Chad,2016,Female,Employment to population ratio,49.468
Chad,2016,Male,Employment to population ratio,71.494
Chad,2016,Female,Labour Force Participation Rate,49.807
Chad,2016,Male,Labour Force Participation Rate,72.407
Chad,2016,Female,Vulnerable Employment,96.66676967
Chad,2016,Male,Vulnerable Employment,85.4897863
Channel Islands,2016,Female,Employment to population ratio,47.701
Channel Islands,2016,Male,Employment to population ratio,62.121
Channel Islands,2016,Female,Labour Force Participation Rate,51.751
Channel Islands,2016,Male,Labour Force Participation Rate,66.997
Channel Islands,2016,Female,Vulnerable Employment,9.038045702
Channel Islands,2016,Male,Vulnerable Employment,13.21503132
Chile,2016,Female,Employment to population ratio,44.697
Chile,2016,Male,Employment to population ratio,66.917
Chile,2016,Female,Labour Force Participation Rate,48.194
Chile,2016,Male,Labour Force Participation Rate,71.466
Chile,2016,Female,Part Time Employment,38.5
Chile,2016,Male,Part Time Employment,22.73
Chile,2016,Female,Vulnerable Employment,23.74842299
Chile,2016,Male,Vulnerable Employment,21.58459299
China,2016,Female,Employment to population ratio,59.929
China,2016,Male,Employment to population ratio,71.419
China,2016,Female,Labour Force Participation Rate,62.399
China,2016,Male,Labour Force Participation Rate,75.215
China,2016,Female,Vulnerable Employment,45.61813535
China,2016,Male,Vulnerable Employment,42.83557787
Colombia,2016,Female,Employment to population ratio,48.451
Colombia,2016,Male,Employment to population ratio,73.099
Colombia,2016,Female,Labour Force Participation Rate,54.728
Colombia,2016,Male,Labour Force Participation Rate,78.655
Colombia,2016,Female,Part Time Employment,37.64
Colombia,2016,Male,Part Time Employment,18.18
Colombia,2016,Female,Vulnerable Employment,47.17173495
Colombia,2016,Male,Vulnerable Employment,47.74009851
Comoros,2016,Female,Employment to population ratio,30.986
Comoros,2016,Male,Employment to population ratio,53.436
Comoros,2016,Female,Labour Force Participation Rate,32.807
Comoros,2016,Male,Labour Force Participation Rate,55.998
Comoros,2016,Female,Vulnerable Employment,68.54987641
Comoros,2016,Male,Vulnerable Employment,50.60907437
"Congo, Dem. Rep.",2016,Female,Employment to population ratio,60.177
"Congo, Dem. Rep.",2016,Male,Employment to population ratio,65.961
"Congo, Dem. Rep.",2016,Female,Labour Force Participation Rate,62.462
"Congo, Dem. Rep.",2016,Male,Labour Force Participation Rate,69.716
"Congo, Dem. Rep.",2016,Female,Vulnerable Employment,89.98743137
"Congo, Dem. Rep.",2016,Male,Vulnerable Employment,73.64362854
"Congo, Rep.",2016,Female,Employment to population ratio,52.046
"Congo, Rep.",2016,Male,Employment to population ratio,55.805
"Congo, Rep.",2016,Female,Labour Force Participation Rate,66.754
"Congo, Rep.",2016,Male,Labour Force Participation Rate,69.256
"Congo, Rep.",2016,Female,Vulnerable Employment,89.54295061
"Congo, Rep.",2016,Male,Vulnerable Employment,62.36252394
Costa Rica,2016,Female,Employment to population ratio,41.183
Costa Rica,2016,Male,Employment to population ratio,68.616
Costa Rica,2016,Female,Labour Force Participation Rate,45.85
Costa Rica,2016,Male,Labour Force Participation Rate,73.608
Costa Rica,2016,Female,Part Time Employment,33.8
Costa Rica,2016,Male,Part Time Employment,17.2
Costa Rica,2016,Female,Vulnerable Employment,22.48231914
Costa Rica,2016,Male,Vulnerable Employment,26.26960501
Cote d'Ivoire,2016,Female,Employment to population ratio,53.772
Cote d'Ivoire,2016,Male,Employment to population ratio,72.995
Cote d'Ivoire,2016,Female,Labour Force Participation Rate,55.069
Cote d'Ivoire,2016,Male,Labour Force Participation Rate,74.159
Cote d'Ivoire,2016,Female,Vulnerable Employment,84.83612272
Cote d'Ivoire,2016,Male,Vulnerable Employment,64.13577906
Croatia,2016,Female,Employment to population ratio,39.147
Croatia,2016,Male,Employment to population ratio,50.51
Croatia,2016,Female,Labour Force Participation Rate,45.409
Croatia,2016,Male,Labour Force Participation Rate,57.733
Croatia,2016,Female,Part Time Employment,28.15
Croatia,2016,Male,Part Time Employment,20.65
Croatia,2016,Female,Vulnerable Employment,7.170533696
Croatia,2016,Male,Vulnerable Employment,10.01243469
Cuba,2016,Female,Employment to population ratio,41.288
Cuba,2016,Male,Employment to population ratio,68.84
Cuba,2016,Female,Labour Force Participation Rate,42.21
Cuba,2016,Male,Labour Force Participation Rate,70.164
Cuba,2016,Female,Vulnerable Employment,17.54738689
Cuba,2016,Male,Vulnerable Employment,21.98644483
Cyprus,2016,Female,Employment to population ratio,48.676
Cyprus,2016,Male,Employment to population ratio,57.997
Cyprus,2016,Female,Labour Force Participation Rate,56.208
Cyprus,2016,Male,Labour Force Participation Rate,66.418
Cyprus,2016,Female,Part Time Employment,33.89
Cyprus,2016,Male,Part Time Employment,28.43
Cyprus,2016,Female,Vulnerable Employment,9.627663478
Cyprus,2016,Male,Vulnerable Employment,14.87745992
Czechia,2016,Female,Employment to population ratio,49.439
Czechia,2016,Male,Employment to population ratio,66.07
Czechia,2016,Female,Labour Force Participation Rate,51.86
Czechia,2016,Male,Labour Force Participation Rate,68.38
Czechia,2016,Female,Part Time Employment,32
Czechia,2016,Male,Part Time Employment,20.72
Czechia,2016,Female,Vulnerable Employment,11.60472149
Czechia,2016,Male,Vulnerable Employment,15.91705268
Denmark,2016,Female,Employment to population ratio,53.891
Denmark,2016,Male,Employment to population ratio,62.13
Denmark,2016,Female,Labour Force Participation Rate,57.563
Denmark,2016,Male,Labour Force Participation Rate,65.844
Denmark,2016,Female,Part Time Employment,55.25
Denmark,2016,Male,Part Time Employment,34.52
Denmark,2016,Female,Vulnerable Employment,3.83518159
Denmark,2016,Male,Vulnerable Employment,6.457562929
Djibouti,2016,Female,Employment to population ratio,11.568
Djibouti,2016,Male,Employment to population ratio,36.73
Djibouti,2016,Female,Labour Force Participation Rate,18.046
Djibouti,2016,Male,Labour Force Participation Rate,47.129
Djibouti,2016,Female,Vulnerable Employment,64.99425029
Djibouti,2016,Male,Vulnerable Employment,47.37315028
Dominican Republic,2016,Female,Employment to population ratio,43.415
Dominican Republic,2016,Male,Employment to population ratio,72.326
Dominican Republic,2016,Female,Labour Force Participation Rate,48.662
Dominican Republic,2016,Male,Labour Force Participation Rate,76.174
Dominican Republic,2016,Female,Part Time Employment,35.23
Dominican Republic,2016,Male,Part Time Employment,24.49
Dominican Republic,2016,Female,Vulnerable Employment,29.03880497
Dominican Republic,2016,Male,Vulnerable Employment,46.05282704
Ecuador,2016,Female,Employment to population ratio,52.152
Ecuador,2016,Male,Employment to population ratio,77.16
Ecuador,2016,Female,Labour Force Participation Rate,55.391
Ecuador,2016,Male,Labour Force Participation Rate,80.144
Ecuador,2016,Female,Vulnerable Employment,55.34923465
Ecuador,2016,Male,Vulnerable Employment,38.44966935
"Egypt, Arab Rep.",2016,Female,Employment to population ratio,17.602
"Egypt, Arab Rep.",2016,Male,Employment to population ratio,63.732
"Egypt, Arab Rep.",2016,Female,Labour Force Participation Rate,23.024
"Egypt, Arab Rep.",2016,Male,Labour Force Participation Rate,69.916
"Egypt, Arab Rep.",2016,Female,Part Time Employment,21.79
"Egypt, Arab Rep.",2016,Male,Part Time Employment,12.17
"Egypt, Arab Rep.",2016,Female,Vulnerable Employment,31.42979263
"Egypt, Arab Rep.",2016,Male,Vulnerable Employment,16.56496276
El Salvador,2016,Female,Employment to population ratio,43.953
El Salvador,2016,Male,Employment to population ratio,71.285
El Salvador,2016,Female,Labour Force Participation Rate,45.712
El Salvador,2016,Male,Labour Force Participation Rate,74.9
El Salvador,2016,Female,Part Time Employment,27.92
El Salvador,2016,Male,Part Time Employment,21.07
El Salvador,2016,Female,Vulnerable Employment,44.74178342
El Salvador,2016,Male,Vulnerable Employment,29.71395758
Equatorial Guinea,2016,Female,Employment to population ratio,46.335
Equatorial Guinea,2016,Male,Employment to population ratio,55.23
Equatorial Guinea,2016,Female,Labour Force Participation Rate,51.108
Equatorial Guinea,2016,Male,Labour Force Participation Rate,59.689
Equatorial Guinea,2016,Female,Vulnerable Employment,85.65206885
Equatorial Guinea,2016,Male,Vulnerable Employment,68.58006514
Eritrea,2016,Female,Employment to population ratio,66.52
Eritrea,2016,Male,Employment to population ratio,81.402
Eritrea,2016,Female,Labour Force Participation Rate,71.434
Eritrea,2016,Male,Labour Force Participation Rate,85.959
Eritrea,2016,Female,Vulnerable Employment,81.13350725
Eritrea,2016,Male,Vulnerable Employment,61.51192797
Estonia,2016,Female,Employment to population ratio,52.771
Estonia,2016,Male,Employment to population ratio,65.001
Estonia,2016,Female,Labour Force Participation Rate,56.178
Estonia,2016,Male,Labour Force Participation Rate,70.206
Estonia,2016,Female,Part Time Employment,30.84
Estonia,2016,Male,Part Time Employment,20.55
Estonia,2016,Female,Vulnerable Employment,3.725986408
Estonia,2016,Male,Vulnerable Employment,7.318151401
Eswatini,2016,Female,Employment to population ratio,35.402
Eswatini,2016,Male,Employment to population ratio,43.844
Eswatini,2016,Female,Labour Force Participation Rate,46.906
Eswatini,2016,Male,Labour Force Participation Rate,55.584
Eswatini,2016,Female,Vulnerable Employment,40.67916302
Eswatini,2016,Male,Vulnerable Employment,27.57514848
Ethiopia,2016,Female,Employment to population ratio,71.914
Ethiopia,2016,Male,Employment to population ratio,85.778
Ethiopia,2016,Female,Labour Force Participation Rate,74.395
Ethiopia,2016,Male,Labour Force Participation Rate,87.351
Ethiopia,2016,Female,Vulnerable Employment,89.53585341
Ethiopia,2016,Male,Vulnerable Employment,84.1528268
Fiji,2016,Female,Employment to population ratio,36.246
Fiji,2016,Male,Employment to population ratio,73.801
Fiji,2016,Female,Labour Force Participation Rate,38.376
Fiji,2016,Male,Labour Force Participation Rate,76.643
Fiji,2016,Female,Vulnerable Employment,31.95193278
Fiji,2016,Male,Vulnerable Employment,35.28434564
Finland,2016,Female,Employment to population ratio,50.268
Finland,2016,Male,Employment to population ratio,56.701
Finland,2016,Female,Labour Force Participation Rate,54.987
Finland,2016,Male,Labour Force Participation Rate,62.337
Finland,2016,Female,Part Time Employment,48.45
Finland,2016,Male,Part Time Employment,36.01
Finland,2016,Female,Vulnerable Employment,7.363895005
Finland,2016,Male,Vulnerable Employment,12.41452688
France,2016,Female,Employment to population ratio,46.538
France,2016,Male,Employment to population ratio,54.428
France,2016,Female,Labour Force Participation Rate,51.625
France,2016,Male,Labour Force Participation Rate,60.646
France,2016,Female,Part Time Employment,49.28
France,2016,Male,Part Time Employment,29.41
France,2016,Female,Vulnerable Employment,6.144559359
France,2016,Male,Vulnerable Employment,8.882507764
French Polynesia,2016,Female,Employment to population ratio,43.137
French Polynesia,2016,Male,Employment to population ratio,56.46
French Polynesia,2016,Female,Labour Force Participation Rate,49.265
French Polynesia,2016,Male,Labour Force Participation Rate,63.214
French Polynesia,2016,Female,Vulnerable Employment,13.23402916
French Polynesia,2016,Male,Vulnerable Employment,19.04093567
Gabon,2016,Female,Employment to population ratio,28.361
Gabon,2016,Male,Employment to population ratio,48.428
Gabon,2016,Female,Labour Force Participation Rate,39.704
Gabon,2016,Male,Labour Force Participation Rate,56.595
Gabon,2016,Female,Vulnerable Employment,37.91069785
Gabon,2016,Male,Vulnerable Employment,27.49356899
"Gambia, The",2016,Female,Employment to population ratio,50.629
"Gambia, The",2016,Male,Employment to population ratio,62.89
"Gambia, The",2016,Female,Labour Force Participation Rate,54.218
"Gambia, The",2016,Male,Labour Force Participation Rate,66.966
"Gambia, The",2016,Female,Vulnerable Employment,82.33425902
"Gambia, The",2016,Male,Vulnerable Employment,67.83080199
Georgia,2016,Female,Employment to population ratio,50.647
Georgia,2016,Male,Employment to population ratio,64.608
Georgia,2016,Female,Labour Force Participation Rate,57.933
Georgia,2016,Male,Labour Force Participation Rate,80.754
Georgia,2016,Female,Vulnerable Employment,50.22348918
Georgia,2016,Male,Vulnerable Employment,53.30893813
Germany,2016,Female,Employment to population ratio,53.564
Germany,2016,Male,Employment to population ratio,63.615
Germany,2016,Female,Labour Force Participation Rate,55.645
Germany,2016,Male,Labour Force Participation Rate,66.578
Germany,2016,Female,Part Time Employment,56.75
Germany,2016,Male,Part Time Employment,24.89
Germany,2016,Female,Vulnerable Employment,5.224026643
Germany,2016,Male,Vulnerable Employment,6.658994465
Ghana,2016,Female,Employment to population ratio,61.702
Ghana,2016,Male,Employment to population ratio,69.463
Ghana,2016,Female,Labour Force Participation Rate,65.106
Ghana,2016,Male,Labour Force Participation Rate,73.395
Ghana,2016,Female,Vulnerable Employment,79.26920122
Ghana,2016,Male,Vulnerable Employment,62.89102356
Greece,2016,Female,Employment to population ratio,32.09
Greece,2016,Male,Employment to population ratio,46.819
Greece,2016,Female,Labour Force Participation Rate,44.602
Greece,2016,Male,Labour Force Participation Rate,58.418
Greece,2016,Female,Part Time Employment,33.09
Greece,2016,Male,Part Time Employment,19.74
Greece,2016,Female,Vulnerable Employment,24.50044422
Greece,2016,Male,Vulnerable Employment,28.27730128
Guam,2016,Female,Employment to population ratio,53.564
Guam,2016,Male,Employment to population ratio,64.79
Guam,2016,Female,Labour Force Participation Rate,56.449
Guam,2016,Male,Labour Force Participation Rate,68.657
Guam,2016,Female,Vulnerable Employment,6.528779176
Guam,2016,Male,Vulnerable Employment,11.33024553
Guatemala,2016,Female,Employment to population ratio,38.193
Guatemala,2016,Male,Employment to population ratio,80.982
Guatemala,2016,Female,Labour Force Participation Rate,39.568
Guatemala,2016,Male,Labour Force Participation Rate,82.748
Guatemala,2016,Female,Vulnerable Employment,45.16492694
Guatemala,2016,Male,Vulnerable Employment,29.34345278
Guinea,2016,Female,Employment to population ratio,43.711
Guinea,2016,Male,Employment to population ratio,61.412
Guinea,2016,Female,Labour Force Participation Rate,45.956
Guinea,2016,Male,Labour Force Participation Rate,64.768
Guinea,2016,Female,Vulnerable Employment,89.2963167
Guinea,2016,Male,Vulnerable Employment,77.63625369
Guinea-Bissau,2016,Female,Employment to population ratio,47.444
Guinea-Bissau,2016,Male,Employment to population ratio,61.697
Guinea-Bissau,2016,Female,Labour Force Participation Rate,48.766
Guinea-Bissau,2016,Male,Labour Force Participation Rate,64
Guinea-Bissau,2016,Female,Vulnerable Employment,79.53373077
Guinea-Bissau,2016,Male,Vulnerable Employment,60.98659278
Guyana,2016,Female,Employment to population ratio,34.737
Guyana,2016,Male,Employment to population ratio,60.254
Guyana,2016,Female,Labour Force Participation Rate,41.41
Guyana,2016,Male,Labour Force Participation Rate,68.418
Guyana,2016,Female,Vulnerable Employment,32.26882845
Guyana,2016,Male,Vulnerable Employment,27.5944447
Haiti,2016,Female,Employment to population ratio,51.629
Haiti,2016,Male,Employment to population ratio,62.111
Haiti,2016,Female,Labour Force Participation Rate,62.066
Haiti,2016,Male,Labour Force Participation Rate,69.908
Haiti,2016,Female,Vulnerable Employment,83.01039037
Haiti,2016,Male,Vulnerable Employment,66.68443332
Honduras,2016,Female,Employment to population ratio,41.696
Honduras,2016,Male,Employment to population ratio,76.268
Honduras,2016,Female,Labour Force Participation Rate,45.854
Honduras,2016,Male,Labour Force Participation Rate,80.632
Honduras,2016,Female,Part Time Employment,43.86
Honduras,2016,Male,Part Time Employment,33.45
Honduras,2016,Female,Vulnerable Employment,48.365946
Honduras,2016,Male,Vulnerable Employment,31.227727
"Hong Kong SAR, China",2016,Female,Employment to population ratio,53.087
"Hong Kong SAR, China",2016,Male,Employment to population ratio,66.038
"Hong Kong SAR, China",2016,Female,Labour Force Participation Rate,54.773
"Hong Kong SAR, China",2016,Male,Labour Force Participation Rate,68.567
"Hong Kong SAR, China",2016,Female,Vulnerable Employment,4.164890667
"Hong Kong SAR, China",2016,Male,Vulnerable Employment,7.586920322
Hungary,2016,Female,Employment to population ratio,45.201
Hungary,2016,Male,Employment to population ratio,60.927
Hungary,2016,Female,Labour Force Participation Rate,47.632
Hungary,2016,Male,Labour Force Participation Rate,64.212
Hungary,2016,Female,Part Time Employment,21.87
Hungary,2016,Male,Part Time Employment,14.97
Hungary,2016,Female,Vulnerable Employment,6.248056716
Hungary,2016,Male,Vulnerable Employment,8.026073618
Iceland,2016,Female,Employment to population ratio,71.102
Iceland,2016,Male,Employment to population ratio,80.185
Iceland,2016,Female,Labour Force Participation Rate,73.339
Iceland,2016,Male,Labour Force Participation Rate,82.596
Iceland,2016,Female,Part Time Employment,47.62
Iceland,2016,Male,Part Time Employment,28.57
Iceland,2016,Female,Vulnerable Employment,6.860693745
Iceland,2016,Male,Vulnerable Employment,11.53168608
India,2016,Female,Employment to population ratio,24.764
India,2016,Male,Employment to population ratio,70.562
India,2016,Female,Labour Force Participation Rate,26.89
India,2016,Male,Labour Force Participation Rate,76.511
India,2016,Female,Vulnerable Employment,76.67070961
India,2016,Male,Vulnerable Employment,74.04291722
Indonesia,2016,Female,Employment to population ratio,48.936
Indonesia,2016,Male,Employment to population ratio,77.962
Indonesia,2016,Female,Labour Force Participation Rate,50.905
Indonesia,2016,Male,Labour Force Participation Rate,81.694
Indonesia,2016,Female,Part Time Employment,43.92
Indonesia,2016,Male,Part Time Employment,29.72
Indonesia,2016,Female,Vulnerable Employment,56.31359711
Indonesia,2016,Male,Vulnerable Employment,42.15559434
"Iran, Islamic Rep.",2016,Female,Employment to population ratio,12.746
"Iran, Islamic Rep.",2016,Male,Employment to population ratio,61.193
"Iran, Islamic Rep.",2016,Female,Labour Force Participation Rate,16.106
"Iran, Islamic Rep.",2016,Male,Labour Force Participation Rate,68.543
"Iran, Islamic Rep.",2016,Female,Part Time Employment,53.88
"Iran, Islamic Rep.",2016,Male,Part Time Employment,23.85
"Iran, Islamic Rep.",2016,Female,Vulnerable Employment,43.20610874
"Iran, Islamic Rep.",2016,Male,Vulnerable Employment,40.17354175
Iraq,2016,Female,Employment to population ratio,11.424
Iraq,2016,Male,Employment to population ratio,66.541
Iraq,2016,Female,Labour Force Participation Rate,14.67
Iraq,2016,Male,Labour Force Participation Rate,72.686
Iraq,2016,Female,Vulnerable Employment,28.89520531
Iraq,2016,Male,Vulnerable Employment,27.69354059
Ireland,2016,Female,Employment to population ratio,51.369
Ireland,2016,Male,Employment to population ratio,62.799
Ireland,2016,Female,Labour Force Participation Rate,55.592
Ireland,2016,Male,Labour Force Participation Rate,69.023
Ireland,2016,Female,Part Time Employment,54.36
Ireland,2016,Male,Part Time Employment,27.03
Ireland,2016,Female,Vulnerable Employment,6.07940115
Ireland,2016,Male,Vulnerable Employment,16.30719933
Israel,2016,Female,Employment to population ratio,57.464
Israel,2016,Male,Employment to population ratio,67.801
Israel,2016,Female,Labour Force Participation Rate,60.398
Israel,2016,Male,Labour Force Participation Rate,71.069
Israel,2016,Female,Part Time Employment,45.27
Israel,2016,Male,Part Time Employment,23.13
Israel,2016,Female,Vulnerable Employment,7.068335363
Israel,2016,Male,Vulnerable Employment,9.113532639
Italy,2016,Female,Employment to population ratio,35.29
Italy,2016,Male,Employment to population ratio,52.806
Italy,2016,Female,Labour Force Participation Rate,40.457
Italy,2016,Male,Labour Force Participation Rate,59.261
Italy,2016,Female,Part Time Employment,50.63
Italy,2016,Male,Part Time Employment,22.53
Italy,2016,Female,Vulnerable Employment,14.05951839
Italy,2016,Male,Vulnerable Employment,19.91122902
Jamaica,2016,Female,Employment to population ratio,51.276
Jamaica,2016,Male,Employment to population ratio,67.992
Jamaica,2016,Female,Labour Force Participation Rate,57.861
Jamaica,2016,Male,Labour Force Participation Rate,72.623
Jamaica,2016,Female,Vulnerable Employment,31.01538265
Jamaica,2016,Male,Vulnerable Employment,40.82524124
Japan,2016,Female,Employment to population ratio,48.821
Japan,2016,Male,Employment to population ratio,68.057
Japan,2016,Female,Labour Force Participation Rate,50.246
Japan,2016,Male,Labour Force Participation Rate,70.42
Japan,2016,Female,Vulnerable Employment,8.082254219
Japan,2016,Male,Vulnerable Employment,8.693147116
Jordan,2016,Female,Employment to population ratio,11.398
Jordan,2016,Male,Employment to population ratio,52.331
Jordan,2016,Female,Labour Force Participation Rate,15.02
Jordan,2016,Male,Labour Force Participation Rate,60.366
Jordan,2016,Female,Vulnerable Employment,3.256391235
Jordan,2016,Male,Vulnerable Employment,10.13751397
Kazakhstan,2016,Female,Employment to population ratio,61.574
Kazakhstan,2016,Male,Employment to population ratio,72.886
Kazakhstan,2016,Female,Labour Force Participation Rate,65.166
Kazakhstan,2016,Male,Labour Force Participation Rate,76.256
Kazakhstan,2016,Female,Vulnerable Employment,24.50782334
Kazakhstan,2016,Male,Vulnerable Employment,26.1844628
Kenya,2016,Female,Employment to population ratio,69.33
Kenya,2016,Male,Employment to population ratio,75.469
Kenya,2016,Female,Labour Force Participation Rate,71.433
Kenya,2016,Male,Labour Force Participation Rate,77.471
Kenya,2016,Female,Vulnerable Employment,71.52265554
Kenya,2016,Male,Vulnerable Employment,53.81075255
"Korea, Dem. People's Rep.",2016,Female,Employment to population ratio,66.859
"Korea, Dem. People's Rep.",2016,Male,Employment to population ratio,77.251
"Korea, Dem. People's Rep.",2016,Female,Labour Force Participation Rate,68.999
"Korea, Dem. People's Rep.",2016,Male,Labour Force Participation Rate,79.494
"Korea, Dem. People's Rep.",2016,Female,Vulnerable Employment,89.33702897
"Korea, Dem. People's Rep.",2016,Male,Vulnerable Employment,74.45136512
"Korea, Rep.",2016,Female,Employment to population ratio,50.66
"Korea, Rep.",2016,Male,Employment to population ratio,71.188
"Korea, Rep.",2016,Female,Labour Force Participation Rate,52.519
"Korea, Rep.",2016,Male,Labour Force Participation Rate,73.945
"Korea, Rep.",2016,Female,Part Time Employment,26.41
"Korea, Rep.",2016,Male,Part Time Employment,12.49
"Korea, Rep.",2016,Female,Vulnerable Employment,19.38388924
"Korea, Rep.",2016,Male,Vulnerable Employment,19.60485484
Kosovo,2016,Female,Part Time Employment,25.04
Kosovo,2016,Male,Part Time Employment,13.46
Kuwait,2016,Female,Employment to population ratio,46.583
Kuwait,2016,Male,Employment to population ratio,86.604
Kuwait,2016,Female,Labour Force Participation Rate,49.447
Kuwait,2016,Male,Labour Force Participation Rate,87.42
Kuwait,2016,Female,Vulnerable Employment,0.036923344
Kuwait,2016,Male,Vulnerable Employment,1.391459912
Kyrgyz Republic,2016,Female,Employment to population ratio,52.049
Kyrgyz Republic,2016,Male,Employment to population ratio,73.981
Kyrgyz Republic,2016,Female,Labour Force Participation Rate,54.029
Kyrgyz Republic,2016,Male,Labour Force Participation Rate,76.518
Kyrgyz Republic,2016,Female,Part Time Employment,44.71
Kyrgyz Republic,2016,Male,Part Time Employment,23.99
Kyrgyz Republic,2016,Female,Vulnerable Employment,32.25224828
Kyrgyz Republic,2016,Male,Vulnerable Employment,37.89820385
Lao PDR,2016,Female,Employment to population ratio,54.768
Lao PDR,2016,Male,Employment to population ratio,61.664
Lao PDR,2016,Female,Labour Force Participation Rate,56.131
Lao PDR,2016,Male,Labour Force Participation Rate,63.756
Lao PDR,2016,Female,Vulnerable Employment,87.05389623
Lao PDR,2016,Male,Vulnerable Employment,75.27633415
Latvia,2016,Female,Employment to population ratio,50.358
Latvia,2016,Male,Employment to population ratio,59.781
Latvia,2016,Female,Labour Force Participation Rate,54.972
Latvia,2016,Male,Labour Force Participation Rate,67.088
Latvia,2016,Female,Part Time Employment,24.49
Latvia,2016,Male,Part Time Employment,13.42
Latvia,2016,Female,Vulnerable Employment,7.402696515
Latvia,2016,Male,Vulnerable Employment,9.923416436
Lebanon,2016,Female,Employment to population ratio,23.401
Lebanon,2016,Male,Employment to population ratio,63.376
Lebanon,2016,Female,Labour Force Participation Rate,26.913
Lebanon,2016,Male,Labour Force Participation Rate,69.129
Lebanon,2016,Female,Vulnerable Employment,12.21843236
Lebanon,2016,Male,Vulnerable Employment,25.04120778
Lesotho,2016,Female,Employment to population ratio,46.876
Lesotho,2016,Male,Employment to population ratio,62.459
Lesotho,2016,Female,Labour Force Participation Rate,57.313
Lesotho,2016,Male,Labour Force Participation Rate,72.935
Lesotho,2016,Female,Vulnerable Employment,31.59995206
Lesotho,2016,Male,Vulnerable Employment,35.21930164
Liberia,2016,Female,Employment to population ratio,70.297
Liberia,2016,Male,Employment to population ratio,79.022
Liberia,2016,Female,Labour Force Participation Rate,71.981
Liberia,2016,Male,Labour Force Participation Rate,82.106
Liberia,2016,Female,Vulnerable Employment,90.16366597
Liberia,2016,Male,Vulnerable Employment,65.40844963
Libya,2016,Female,Employment to population ratio,25.345
Libya,2016,Male,Employment to population ratio,51.158
Libya,2016,Female,Labour Force Participation Rate,33.969
Libya,2016,Male,Labour Force Participation Rate,61.02
Libya,2016,Female,Vulnerable Employment,9.385877375
Libya,2016,Male,Vulnerable Employment,15.91603255
Lithuania,2016,Female,Employment to population ratio,51.721
Lithuania,2016,Male,Employment to population ratio,60.041
Lithuania,2016,Female,Labour Force Participation Rate,55.398
Lithuania,2016,Male,Labour Force Participation Rate,66.039
Lithuania,2016,Female,Part Time Employment,25.29
Lithuania,2016,Male,Part Time Employment,13.6
Lithuania,2016,Female,Vulnerable Employment,8.1211753
Lithuania,2016,Male,Vulnerable Employment,11.8873255
Luxembourg,2016,Female,Employment to population ratio,49.979
Luxembourg,2016,Male,Employment to population ratio,60.437
Luxembourg,2016,Female,Labour Force Participation Rate,53.527
Luxembourg,2016,Male,Labour Force Participation Rate,64.3
Luxembourg,2016,Female,Part Time Employment,46.03
Luxembourg,2016,Male,Part Time Employment,19.82
Luxembourg,2016,Female,Vulnerable Employment,6.148525157
Luxembourg,2016,Male,Vulnerable Employment,6.141797477
"Macao SAR, China",2016,Female,Employment to population ratio,64.326
"Macao SAR, China",2016,Male,Employment to population ratio,72.928
"Macao SAR, China",2016,Female,Labour Force Participation Rate,65.326
"Macao SAR, China",2016,Male,Labour Force Participation Rate,74.682
"Macao SAR, China",2016,Female,Vulnerable Employment,2.034488299
"Macao SAR, China",2016,Male,Vulnerable Employment,4.438068888
Madagascar,2016,Female,Employment to population ratio,81.742
Madagascar,2016,Male,Employment to population ratio,87.136
Madagascar,2016,Female,Labour Force Participation Rate,83.228
Madagascar,2016,Male,Labour Force Participation Rate,88.691
Madagascar,2016,Female,Vulnerable Employment,89.77383562
Madagascar,2016,Male,Vulnerable Employment,81.22468488
Malawi,2016,Female,Employment to population ratio,60.546
Malawi,2016,Male,Employment to population ratio,70.324
Malawi,2016,Female,Labour Force Participation Rate,64.34
Malawi,2016,Male,Labour Force Participation Rate,73.355
Malawi,2016,Female,Vulnerable Employment,66.63742341
Malawi,2016,Male,Vulnerable Employment,55.78476173
Malaysia,2016,Female,Employment to population ratio,48.818
Malaysia,2016,Male,Employment to population ratio,75.299
Malaysia,2016,Female,Labour Force Participation Rate,50.814
Malaysia,2016,Male,Labour Force Participation Rate,77.737
Malaysia,2016,Female,Vulnerable Employment,25.09104917
Malaysia,2016,Male,Vulnerable Employment,20.40222858
Maldives,2016,Female,Employment to population ratio,38.59
Maldives,2016,Male,Employment to population ratio,66.615
Maldives,2016,Female,Labour Force Participation Rate,40.695
Maldives,2016,Male,Labour Force Participation Rate,70.872
Maldives,2016,Female,Vulnerable Employment,32.70940402
Maldives,2016,Male,Vulnerable Employment,14.75713997
Mali,2016,Female,Employment to population ratio,58.771
Mali,2016,Male,Employment to population ratio,78.865
Mali,2016,Female,Labour Force Participation Rate,59.546
Mali,2016,Male,Labour Force Participation Rate,80.001
Mali,2016,Female,Vulnerable Employment,89.03436485
Mali,2016,Male,Vulnerable Employment,73.61270624
Malta,2016,Female,Employment to population ratio,42.231
Malta,2016,Male,Employment to population ratio,65.293
Malta,2016,Female,Labour Force Participation Rate,44.536
Malta,2016,Male,Labour Force Participation Rate,68.286
Malta,2016,Female,Part Time Employment,46.21
Malta,2016,Male,Part Time Employment,22.64
Malta,2016,Female,Vulnerable Employment,6.226927962
Malta,2016,Male,Vulnerable Employment,13.39780555
Mauritania,2016,Female,Employment to population ratio,23.301
Mauritania,2016,Male,Employment to population ratio,52.653
Mauritania,2016,Female,Labour Force Participation Rate,26.42
Mauritania,2016,Male,Labour Force Participation Rate,58.217
Mauritania,2016,Female,Vulnerable Employment,74.19184726
Mauritania,2016,Male,Vulnerable Employment,55.33616722
Mauritius,2016,Female,Employment to population ratio,40.192
Mauritius,2016,Male,Employment to population ratio,70.116
Mauritius,2016,Female,Labour Force Participation Rate,44.874
Mauritius,2016,Male,Labour Force Participation Rate,73.443
Mauritius,2016,Female,Part Time Employment,44.55
Mauritius,2016,Male,Part Time Employment,32.11
Mauritius,2016,Female,Vulnerable Employment,13.62073402
Mauritius,2016,Male,Vulnerable Employment,17.64091714
Mexico,2016,Female,Employment to population ratio,42.099
Mexico,2016,Male,Employment to population ratio,75.372
Mexico,2016,Female,Labour Force Participation Rate,43.808
Mexico,2016,Male,Labour Force Participation Rate,78.366
Mexico,2016,Female,Part Time Employment,36.61
Mexico,2016,Male,Part Time Employment,19.56
Mexico,2016,Female,Vulnerable Employment,30.2109399
Mexico,2016,Male,Vulnerable Employment,25.25501999
Moldova,2016,Female,Employment to population ratio,68.234
Moldova,2016,Male,Employment to population ratio,69.439
Moldova,2016,Female,Labour Force Participation Rate,68.903
Moldova,2016,Male,Labour Force Participation Rate,71.053
Moldova,2016,Female,Part Time Employment,22.25
Moldova,2016,Male,Part Time Employment,20.24
Moldova,2016,Female,Vulnerable Employment,61.42951037
Moldova,2016,Male,Vulnerable Employment,61.7038045
Mongolia,2016,Female,Employment to population ratio,49.723
Mongolia,2016,Male,Employment to population ratio,59.41
Mongolia,2016,Female,Labour Force Participation Rate,52.831
Mongolia,2016,Male,Labour Force Participation Rate,64.848
Mongolia,2016,Female,Vulnerable Employment,44.58271076
Mongolia,2016,Male,Vulnerable Employment,48.77426349
Montenegro,2016,Female,Employment to population ratio,39.519
Montenegro,2016,Male,Employment to population ratio,50.61
Montenegro,2016,Female,Labour Force Participation Rate,47.672
Montenegro,2016,Male,Labour Force Participation Rate,61.91
Montenegro,2016,Female,Part Time Employment,6.76
Montenegro,2016,Male,Part Time Employment,7.8
Montenegro,2016,Female,Vulnerable Employment,12.92657607
Montenegro,2016,Male,Vulnerable Employment,20.93807407
Morocco,2016,Female,Employment to population ratio,20.819
Morocco,2016,Male,Employment to population ratio,63.63
Morocco,2016,Female,Labour Force Participation Rate,23.311
Morocco,2016,Male,Labour Force Participation Rate,69.797
Morocco,2016,Female,Vulnerable Employment,61.10621331
Morocco,2016,Male,Vulnerable Employment,45.29916661
Mozambique,2016,Female,Employment to population ratio,75.222
Mozambique,2016,Male,Employment to population ratio,77.337
Mozambique,2016,Female,Labour Force Participation Rate,78.158
Mozambique,2016,Male,Labour Force Participation Rate,79.921
Mozambique,2016,Female,Vulnerable Employment,93.0432464
Mozambique,2016,Male,Vulnerable Employment,73.86595731
Myanmar,2016,Female,Employment to population ratio,48.58
Myanmar,2016,Male,Employment to population ratio,77.217
Myanmar,2016,Female,Labour Force Participation Rate,49.24
Myanmar,2016,Male,Labour Force Participation Rate,77.886
Myanmar,2016,Female,Vulnerable Employment,66.81373276
Myanmar,2016,Male,Vulnerable Employment,61.09958652
Namibia,2016,Female,Employment to population ratio,41.637
Namibia,2016,Male,Employment to population ratio,51.518
Namibia,2016,Female,Labour Force Participation Rate,55.524
Namibia,2016,Male,Labour Force Participation Rate,65.886
Namibia,2016,Female,Vulnerable Employment,32.3486849
Namibia,2016,Male,Vulnerable Employment,18.89827611
Nepal,2016,Female,Employment to population ratio,23.736
Nepal,2016,Male,Employment to population ratio,49.387
Nepal,2016,Female,Labour Force Participation Rate,26.999
Nepal,2016,Male,Labour Force Participation Rate,54.78
Nepal,2016,Female,Vulnerable Employment,92.52989603
Nepal,2016,Male,Vulnerable Employment,71.41695278
Netherlands,2016,Female,Employment to population ratio,54.86
Netherlands,2016,Male,Employment to population ratio,65.771
Netherlands,2016,Female,Labour Force Participation Rate,58.682
Netherlands,2016,Male,Labour Force Participation Rate,69.653
Netherlands,2016,Female,Part Time Employment,76.65
Netherlands,2016,Male,Part Time Employment,39.47
Netherlands,2016,Female,Vulnerable Employment,10.97916339
Netherlands,2016,Male,Vulnerable Employment,14.33835684
New Caledonia,2016,Female,Employment to population ratio,48.529
New Caledonia,2016,Male,Employment to population ratio,58.793
New Caledonia,2016,Female,Labour Force Participation Rate,56.593
New Caledonia,2016,Male,Labour Force Participation Rate,66.354
New Caledonia,2016,Female,Vulnerable Employment,9.674231193
New Caledonia,2016,Male,Vulnerable Employment,15.95999748
New Zealand,2016,Female,Employment to population ratio,61.081
New Zealand,2016,Male,Employment to population ratio,71.93
New Zealand,2016,Female,Labour Force Participation Rate,64.652
New Zealand,2016,Male,Labour Force Participation Rate,75.567
New Zealand,2016,Female,Part Time Employment,54.48
New Zealand,2016,Male,Part Time Employment,29.22
New Zealand,2016,Female,Vulnerable Employment,14.09352231
New Zealand,2016,Male,Vulnerable Employment,19.89097506
Nicaragua,2016,Female,Employment to population ratio,46.636
Nicaragua,2016,Male,Employment to population ratio,79.678
Nicaragua,2016,Female,Labour Force Participation Rate,48.719
Nicaragua,2016,Male,Labour Force Participation Rate,82.71
Nicaragua,2016,Female,Vulnerable Employment,46.61806023
Nicaragua,2016,Male,Vulnerable Employment,34.57864718
Niger,2016,Female,Employment to population ratio,61.819
Niger,2016,Male,Employment to population ratio,84.195
Niger,2016,Female,Labour Force Participation Rate,62.098
Niger,2016,Male,Labour Force Participation Rate,84.736
Niger,2016,Female,Vulnerable Employment,97.44628403
Niger,2016,Male,Vulnerable Employment,91.2041507
Nigeria,2016,Female,Employment to population ratio,51.911
Nigeria,2016,Male,Employment to population ratio,61.359
Nigeria,2016,Female,Labour Force Participation Rate,54.176
Nigeria,2016,Male,Labour Force Participation Rate,64.454
Nigeria,2016,Female,Vulnerable Employment,85.827377
Nigeria,2016,Male,Vulnerable Employment,81.13115636
North Macedonia,2016,Female,Employment to population ratio,32.588
North Macedonia,2016,Male,Employment to population ratio,51.065
North Macedonia,2016,Female,Labour Force Participation Rate,42.459
North Macedonia,2016,Male,Labour Force Participation Rate,68.058
North Macedonia,2016,Female,Part Time Employment,12.82
North Macedonia,2016,Male,Part Time Employment,9.11
North Macedonia,2016,Female,Vulnerable Employment,16.6673025
North Macedonia,2016,Male,Vulnerable Employment,21.29356352
Norway,2016,Female,Employment to population ratio,58.567
Norway,2016,Male,Employment to population ratio,64.238
Norway,2016,Female,Labour Force Participation Rate,60.952
Norway,2016,Male,Labour Force Participation Rate,67.88
Norway,2016,Female,Part Time Employment,56.19
Norway,2016,Male,Part Time Employment,37.86
Norway,2016,Female,Vulnerable Employment,3.643171136
Norway,2016,Male,Vulnerable Employment,6.510853105
Oman,2016,Female,Employment to population ratio,26.397
Oman,2016,Male,Employment to population ratio,86.36
Oman,2016,Female,Labour Force Participation Rate,30.417
Oman,2016,Male,Labour Force Participation Rate,87.888
Oman,2016,Female,Vulnerable Employment,5.040201565
Oman,2016,Male,Vulnerable Employment,2.822606458
Pakistan,2016,Female,Employment to population ratio,22.587
Pakistan,2016,Male,Employment to population ratio,77.56
Pakistan,2016,Female,Labour Force Participation Rate,23.221
Pakistan,2016,Male,Labour Force Participation Rate,79.276
Pakistan,2016,Female,Vulnerable Employment,55.11155677
Pakistan,2016,Male,Vulnerable Employment,40.12806526
Panama,2016,Female,Employment to population ratio,47.416
Panama,2016,Male,Employment to population ratio,74.582
Panama,2016,Female,Labour Force Participation Rate,50.371
Panama,2016,Male,Labour Force Participation Rate,77.715
Panama,2016,Female,Part Time Employment,30.67
Panama,2016,Male,Part Time Employment,23.67
Panama,2016,Female,Vulnerable Employment,31.13341596
Panama,2016,Male,Vulnerable Employment,32.89479672
Papua New Guinea,2016,Female,Employment to population ratio,46.087
Papua New Guinea,2016,Male,Employment to population ratio,46.58
Papua New Guinea,2016,Female,Labour Force Participation Rate,46.736
Papua New Guinea,2016,Male,Labour Force Participation Rate,48.299
Papua New Guinea,2016,Female,Vulnerable Employment,84.85416302
Papua New Guinea,2016,Male,Vulnerable Employment,69.72140521
Paraguay,2016,Female,Employment to population ratio,52.693
Paraguay,2016,Male,Employment to population ratio,79.952
Paraguay,2016,Female,Labour Force Participation Rate,56.482
Paraguay,2016,Male,Labour Force Participation Rate,83.509
Paraguay,2016,Female,Part Time Employment,43.11
Paraguay,2016,Male,Part Time Employment,27.88
Paraguay,2016,Female,Vulnerable Employment,42.20315677
Paraguay,2016,Male,Vulnerable Employment,37.0938655
Peru,2016,Female,Employment to population ratio,65.093
Peru,2016,Male,Employment to population ratio,80.305
Peru,2016,Female,Labour Force Participation Rate,67.786
Peru,2016,Male,Labour Force Participation Rate,83.255
Peru,2016,Female,Part Time Employment,50.04
Peru,2016,Male,Part Time Employment,32.11
Peru,2016,Female,Vulnerable Employment,55.56667704
Peru,2016,Male,Vulnerable Employment,42.54818253
Philippines,2016,Female,Employment to population ratio,46.67
Philippines,2016,Male,Employment to population ratio,73.091
Philippines,2016,Female,Labour Force Participation Rate,48.041
Philippines,2016,Male,Labour Force Participation Rate,75.044
Philippines,2016,Female,Part Time Employment,30.78
Philippines,2016,Male,Part Time Employment,27.19
Philippines,2016,Female,Vulnerable Employment,40.18779101
Philippines,2016,Male,Vulnerable Employment,32.37089469
Poland,2016,Female,Employment to population ratio,46.031
Poland,2016,Male,Employment to population ratio,61.449
Poland,2016,Female,Labour Force Participation Rate,49.087
Poland,2016,Male,Labour Force Participation Rate,65.446
Poland,2016,Female,Part Time Employment,29.05
Poland,2016,Male,Part Time Employment,16.41
Poland,2016,Female,Vulnerable Employment,14.27562011
Poland,2016,Male,Vulnerable Employment,18.79308135
Portugal,2016,Female,Employment to population ratio,47.526
Portugal,2016,Male,Employment to population ratio,57.053
Portugal,2016,Female,Labour Force Participation Rate,53.504
Portugal,2016,Male,Labour Force Participation Rate,64.084
Portugal,2016,Female,Part Time Employment,33.74
Portugal,2016,Male,Part Time Employment,26.17
Portugal,2016,Female,Vulnerable Employment,10.33041875
Portugal,2016,Male,Vulnerable Employment,15.50202071
Puerto Rico,2016,Female,Employment to population ratio,28.758
Puerto Rico,2016,Male,Employment to population ratio,42.836
Puerto Rico,2016,Female,Labour Force Participation Rate,31.768
Puerto Rico,2016,Male,Labour Force Participation Rate,49.512
Puerto Rico,2016,Female,Vulnerable Employment,8.638748216
Puerto Rico,2016,Male,Vulnerable Employment,16.05796632
Qatar,2016,Female,Employment to population ratio,56.525
Qatar,2016,Male,Employment to population ratio,95.489
Qatar,2016,Female,Labour Force Participation Rate,56.934
Qatar,2016,Male,Labour Force Participation Rate,95.548
Qatar,2016,Female,Vulnerable Employment,0.050574573
Qatar,2016,Male,Vulnerable Employment,0.152430388
Romania,2016,Female,Employment to population ratio,42.285
Romania,2016,Male,Employment to population ratio,59.531
Romania,2016,Female,Labour Force Participation Rate,44.503
Romania,2016,Male,Labour Force Participation Rate,63.734
Romania,2016,Female,Part Time Employment,16.89
Romania,2016,Male,Part Time Employment,11.85
Romania,2016,Female,Vulnerable Employment,24.33519565
Romania,2016,Male,Vulnerable Employment,26.53033902
Russian Federation,2016,Female,Employment to population ratio,52.739
Russian Federation,2016,Male,Employment to population ratio,67.454
Russian Federation,2016,Female,Labour Force Participation Rate,55.719
Russian Federation,2016,Male,Labour Force Participation Rate,71.575
Russian Federation,2016,Female,Part Time Employment,11.74
Russian Federation,2016,Male,Part Time Employment,6.29
Russian Federation,2016,Female,Vulnerable Employment,5.518134904
Russian Federation,2016,Male,Vulnerable Employment,6.836542387
Rwanda,2016,Female,Employment to population ratio,47.794
Rwanda,2016,Male,Employment to population ratio,59.547
Rwanda,2016,Female,Labour Force Participation Rate,54.663
Rwanda,2016,Male,Labour Force Participation Rate,66.988
Rwanda,2016,Female,Vulnerable Employment,82.14491019
Rwanda,2016,Male,Vulnerable Employment,54.31241482
Samoa,2016,Female,Employment to population ratio,35.706
Samoa,2016,Male,Employment to population ratio,62.132
Samoa,2016,Female,Labour Force Participation Rate,41.044
Samoa,2016,Male,Labour Force Participation Rate,66.609
Samoa,2016,Female,Vulnerable Employment,30.70671695
Samoa,2016,Male,Vulnerable Employment,30.52710467
Sao Tome and Principe,2016,Female,Employment to population ratio,29.44
Sao Tome and Principe,2016,Male,Employment to population ratio,64.446
Sao Tome and Principe,2016,Female,Labour Force Participation Rate,37.379
Sao Tome and Principe,2016,Male,Labour Force Participation Rate,71.286
Sao Tome and Principe,2016,Female,Vulnerable Employment,70.1753384
Sao Tome and Principe,2016,Male,Vulnerable Employment,49.7434143
Saudi Arabia,2016,Female,Employment to population ratio,18.244
Saudi Arabia,2016,Male,Employment to population ratio,77.936
Saudi Arabia,2016,Female,Labour Force Participation Rate,23.235
Saudi Arabia,2016,Male,Labour Force Participation Rate,79.972
Saudi Arabia,2016,Female,Vulnerable Employment,1.054607294
Saudi Arabia,2016,Male,Vulnerable Employment,1.937711147
Senegal,2016,Female,Employment to population ratio,37.126
Senegal,2016,Male,Employment to population ratio,59.566
Senegal,2016,Female,Labour Force Participation Rate,38.984
Senegal,2016,Male,Labour Force Participation Rate,62.211
Senegal,2016,Female,Vulnerable Employment,82.47956102
Senegal,2016,Male,Vulnerable Employment,62.57523283
Serbia,2016,Female,Employment to population ratio,38.029
Serbia,2016,Male,Employment to population ratio,53.228
Serbia,2016,Female,Labour Force Participation Rate,45.324
Serbia,2016,Male,Labour Force Participation Rate,62.317
Serbia,2016,Female,Part Time Employment,25.47
Serbia,2016,Male,Part Time Employment,20.34
Serbia,2016,Female,Vulnerable Employment,24.61280197
Serbia,2016,Male,Vulnerable Employment,30.81285736
Seychelles,2016,Female,Part Time Employment,15.78
Seychelles,2016,Male,Part Time Employment,14.01
Sierra Leone,2016,Female,Employment to population ratio,52.048
Sierra Leone,2016,Male,Employment to population ratio,53.89
Sierra Leone,2016,Female,Labour Force Participation Rate,53.857
Sierra Leone,2016,Male,Labour Force Participation Rate,57.032
Sierra Leone,2016,Female,Vulnerable Employment,91.31383565
Sierra Leone,2016,Male,Vulnerable Employment,82.12234688
Singapore,2016,Female,Employment to population ratio,59.49
Singapore,2016,Male,Employment to population ratio,75.714
Singapore,2016,Female,Labour Force Participation Rate,62.285
Singapore,2016,Male,Labour Force Participation Rate,78.694
Singapore,2016,Female,Vulnerable Employment,5.720250551
Singapore,2016,Male,Vulnerable Employment,10.50047114
Slovak Republic,2016,Female,Employment to population ratio,46.904
Slovak Republic,2016,Male,Employment to population ratio,62.139
Slovak Republic,2016,Female,Labour Force Participation Rate,52.572
Slovak Republic,2016,Male,Labour Force Participation Rate,68.113
Slovak Republic,2016,Female,Part Time Employment,28.75
Slovak Republic,2016,Male,Part Time Employment,20.46
Slovak Republic,2016,Female,Vulnerable Employment,8.686511616
Slovak Republic,2016,Male,Vulnerable Employment,15.1223204
Slovenia,2016,Female,Employment to population ratio,47.524
Slovenia,2016,Male,Employment to population ratio,56.718
Slovenia,2016,Female,Labour Force Participation Rate,51.998
Slovenia,2016,Male,Labour Force Participation Rate,61.326
Slovenia,2016,Female,Part Time Employment,34.72
Slovenia,2016,Male,Part Time Employment,23.44
Slovenia,2016,Female,Vulnerable Employment,9.295370932
Slovenia,2016,Male,Vulnerable Employment,13.60775683
Solomon Islands,2016,Female,Employment to population ratio,81.729
Solomon Islands,2016,Male,Employment to population ratio,85.113
Solomon Islands,2016,Female,Labour Force Participation Rate,82.347
Solomon Islands,2016,Male,Labour Force Participation Rate,85.715
Solomon Islands,2016,Female,Vulnerable Employment,77.55177539
Solomon Islands,2016,Male,Vulnerable Employment,58.10036465
Somalia,2016,Female,Employment to population ratio,15.966
Somalia,2016,Male,Employment to population ratio,40.155
Somalia,2016,Female,Labour Force Participation Rate,20.939
Somalia,2016,Male,Labour Force Participation Rate,47.723
Somalia,2016,Female,Vulnerable Employment,62.08865887
Somalia,2016,Male,Vulnerable Employment,40.69181895
South Africa,2016,Female,Employment to population ratio,37.82
South Africa,2016,Male,Employment to population ratio,50.876
South Africa,2016,Female,Labour Force Participation Rate,51.116
South Africa,2016,Male,Labour Force Participation Rate,65.49
South Africa,2016,Female,Part Time Employment,18.42
South Africa,2016,Male,Part Time Employment,10.08
South Africa,2016,Female,Vulnerable Employment,21.11184042
South Africa,2016,Male,Vulnerable Employment,18.3492629
South Sudan,2016,Female,Employment to population ratio,59.986
South Sudan,2016,Male,Employment to population ratio,62.978
South Sudan,2016,Female,Labour Force Participation Rate,69.9
South Sudan,2016,Male,Labour Force Participation Rate,71.595
South Sudan,2016,Female,Vulnerable Employment,96.63943685
South Sudan,2016,Male,Vulnerable Employment,83.93623903
Spain,2016,Female,Employment to population ratio,41.334
Spain,2016,Male,Employment to population ratio,52.535
Spain,2016,Female,Labour Force Participation Rate,52.581
Spain,2016,Male,Labour Force Participation Rate,64.167
Spain,2016,Female,Part Time Employment,39.79
Spain,2016,Male,Part Time Employment,20.48
Spain,2016,Female,Vulnerable Employment,9.331475891
Spain,2016,Male,Vulnerable Employment,14.1890914
Sri Lanka,2016,Female,Employment to population ratio,32.897
Sri Lanka,2016,Male,Employment to population ratio,71.921
Sri Lanka,2016,Female,Labour Force Participation Rate,35.305
Sri Lanka,2016,Male,Labour Force Participation Rate,74.055
Sri Lanka,2016,Female,Part Time Employment,32.08
Sri Lanka,2016,Male,Part Time Employment,18.03
Sri Lanka,2016,Female,Vulnerable Employment,43.44639258
Sri Lanka,2016,Male,Vulnerable Employment,37.42454769
St. Lucia,2016,Female,Employment to population ratio,50.315
St. Lucia,2016,Male,Employment to population ratio,62.131
St. Lucia,2016,Female,Labour Force Participation Rate,64.26
St. Lucia,2016,Male,Labour Force Participation Rate,75.82
St. Lucia,2016,Female,Vulnerable Employment,19.48595004
St. Lucia,2016,Male,Vulnerable Employment,27.09474609
St. Vincent and the Grenadines,2016,Female,Employment to population ratio,44.955
St. Vincent and the Grenadines,2016,Male,Employment to population ratio,59.87
St. Vincent and the Grenadines,2016,Female,Labour Force Participation Rate,54.054
St. Vincent and the Grenadines,2016,Male,Labour Force Participation Rate,75.252
St. Vincent and the Grenadines,2016,Female,Vulnerable Employment,16.95353808
St. Vincent and the Grenadines,2016,Male,Vulnerable Employment,23.09788052
Sudan,2016,Female,Employment to population ratio,20.234
Sudan,2016,Male,Employment to population ratio,60.998
Sudan,2016,Female,Labour Force Participation Rate,28.636
Sudan,2016,Male,Labour Force Participation Rate,69.151
Sudan,2016,Female,Vulnerable Employment,69.63131461
Sudan,2016,Male,Vulnerable Employment,54.47820202
Suriname,2016,Female,Employment to population ratio,40.159
Suriname,2016,Male,Employment to population ratio,63.309
Suriname,2016,Female,Labour Force Participation Rate,45.207
Suriname,2016,Male,Labour Force Participation Rate,67.142
Suriname,2016,Female,Vulnerable Employment,18.16673776
Suriname,2016,Male,Vulnerable Employment,20.03361498
Sweden,2016,Female,Employment to population ratio,57.337
Sweden,2016,Male,Employment to population ratio,63.285
Sweden,2016,Female,Labour Force Participation Rate,61.379
Sweden,2016,Male,Labour Force Participation Rate,68.31
Sweden,2016,Female,Part Time Employment,54.6
Sweden,2016,Male,Part Time Employment,37.95
Sweden,2016,Female,Vulnerable Employment,4.420385198
Sweden,2016,Male,Vulnerable Employment,8.106125962
Switzerland,2016,Female,Employment to population ratio,59.684
Switzerland,2016,Male,Employment to population ratio,70.885
Switzerland,2016,Female,Labour Force Participation Rate,62.832
Switzerland,2016,Male,Labour Force Participation Rate,74.491
Switzerland,2016,Female,Part Time Employment,50.93
Switzerland,2016,Male,Part Time Employment,21.6
Switzerland,2016,Female,Vulnerable Employment,10.13986435
Switzerland,2016,Male,Vulnerable Employment,10.1856619
Syrian Arab Republic,2016,Female,Employment to population ratio,10.134
Syrian Arab Republic,2016,Male,Employment to population ratio,55.951
Syrian Arab Republic,2016,Female,Labour Force Participation Rate,13.609
Syrian Arab Republic,2016,Male,Labour Force Participation Rate,63.076
Syrian Arab Republic,2016,Female,Vulnerable Employment,11.72149884
Syrian Arab Republic,2016,Male,Vulnerable Employment,40.36146296
Tajikistan,2016,Female,Employment to population ratio,30.652
Tajikistan,2016,Male,Employment to population ratio,48.394
Tajikistan,2016,Female,Labour Force Participation Rate,32.416
Tajikistan,2016,Male,Labour Force Participation Rate,52.497
Tajikistan,2016,Female,Vulnerable Employment,29.9719514
Tajikistan,2016,Male,Vulnerable Employment,24.30257612
Tanzania,2016,Female,Employment to population ratio,76.758
Tanzania,2016,Male,Employment to population ratio,85.985
Tanzania,2016,Female,Labour Force Participation Rate,79.011
Tanzania,2016,Male,Labour Force Participation Rate,87.339
Tanzania,2016,Female,Vulnerable Employment,89.29334754
Tanzania,2016,Male,Vulnerable Employment,79.00300668
Thailand,2016,Female,Employment to population ratio,59.755
Thailand,2016,Male,Employment to population ratio,76.367
Thailand,2016,Female,Labour Force Participation Rate,60.183
Thailand,2016,Male,Labour Force Participation Rate,76.884
Thailand,2016,Female,Part Time Employment,18.54
Thailand,2016,Male,Part Time Employment,18.11
Thailand,2016,Female,Vulnerable Employment,49.83712744
Thailand,2016,Male,Vulnerable Employment,46.67037087
Timor-Leste,2016,Female,Employment to population ratio,57.546
Timor-Leste,2016,Male,Employment to population ratio,70.206
Timor-Leste,2016,Female,Labour Force Participation Rate,61.387
Timor-Leste,2016,Male,Labour Force Participation Rate,72.63
Timor-Leste,2016,Female,Vulnerable Employment,80.60399116
Timor-Leste,2016,Male,Vulnerable Employment,59.14315218
Togo,2016,Female,Employment to population ratio,54.417
Togo,2016,Male,Employment to population ratio,58.476
Togo,2016,Female,Labour Force Participation Rate,55.648
Togo,2016,Male,Labour Force Participation Rate,60.684
Togo,2016,Female,Vulnerable Employment,81.96617027
Togo,2016,Male,Vulnerable Employment,64.30529098
Tonga,2016,Female,Employment to population ratio,41.481
Tonga,2016,Male,Employment to population ratio,65.452
Tonga,2016,Female,Labour Force Participation Rate,42.712
Tonga,2016,Male,Labour Force Participation Rate,66.44
Tonga,2016,Female,Vulnerable Employment,37.3461108
Tonga,2016,Male,Vulnerable Employment,39.49104177
Trinidad and Tobago,2016,Female,Employment to population ratio,48.194
Trinidad and Tobago,2016,Male,Employment to population ratio,66.979
Trinidad and Tobago,2016,Female,Labour Force Participation Rate,49.769
Trinidad and Tobago,2016,Male,Labour Force Participation Rate,69.225
Trinidad and Tobago,2016,Female,Vulnerable Employment,12.92136972
Trinidad and Tobago,2016,Male,Vulnerable Employment,22.15059154
Tunisia,2016,Female,Employment to population ratio,20.387
Tunisia,2016,Male,Employment to population ratio,60.103
Tunisia,2016,Female,Labour Force Participation Rate,26.633
Tunisia,2016,Male,Labour Force Participation Rate,68.584
Tunisia,2016,Female,Vulnerable Employment,12.92233142
Tunisia,2016,Male,Vulnerable Employment,23.08558546
Turkiye,2016,Female,Employment to population ratio,27.907
Turkiye,2016,Male,Employment to population ratio,64.882
Turkiye,2016,Female,Labour Force Participation Rate,32.318
Turkiye,2016,Male,Labour Force Participation Rate,71.745
Turkiye,2016,Female,Part Time Employment,31.63
Turkiye,2016,Male,Part Time Employment,15.83
Turkiye,2016,Female,Vulnerable Employment,35.3084213
Turkiye,2016,Male,Vulnerable Employment,24.68213459
Turkmenistan,2016,Female,Employment to population ratio,48.021
Turkmenistan,2016,Male,Employment to population ratio,44.185
Turkmenistan,2016,Female,Labour Force Participation Rate,49.246
Turkmenistan,2016,Male,Labour Force Participation Rate,46.871
Turkmenistan,2016,Female,Vulnerable Employment,30.32034936
Turkmenistan,2016,Male,Vulnerable Employment,27.93392693
Uganda,2016,Female,Employment to population ratio,64.539
Uganda,2016,Male,Employment to population ratio,71.687
Uganda,2016,Female,Labour Force Participation Rate,66.993
Uganda,2016,Male,Labour Force Participation Rate,73.642
Uganda,2016,Female,Vulnerable Employment,83.76944856
Uganda,2016,Male,Vulnerable Employment,67.80523683
Ukraine,2016,Female,Employment to population ratio,46.24
Ukraine,2016,Male,Employment to population ratio,56.811
Ukraine,2016,Female,Labour Force Participation Rate,50.113
Ukraine,2016,Male,Labour Force Participation Rate,63.749
Ukraine,2016,Female,Part Time Employment,17.91
Ukraine,2016,Male,Part Time Employment,9.47
Ukraine,2016,Female,Vulnerable Employment,12.71283645
Ukraine,2016,Male,Vulnerable Employment,16.19864163
United Arab Emirates,2016,Female,Employment to population ratio,48.645
United Arab Emirates,2016,Male,Employment to population ratio,90.617
United Arab Emirates,2016,Female,Labour Force Participation Rate,50.805
United Arab Emirates,2016,Male,Labour Force Participation Rate,91.655
United Arab Emirates,2016,Female,Vulnerable Employment,0.218574525
United Arab Emirates,2016,Male,Vulnerable Employment,0.362148172
United Kingdom,2016,Female,Employment to population ratio,54.803
United Kingdom,2016,Male,Employment to population ratio,65.239
United Kingdom,2016,Female,Labour Force Participation Rate,57.495
United Kingdom,2016,Male,Labour Force Participation Rate,68.616
United Kingdom,2016,Female,Part Time Employment,56.68
United Kingdom,2016,Male,Part Time Employment,27.29
United Kingdom,2016,Female,Vulnerable Employment,9.483113036
United Kingdom,2016,Male,Vulnerable Employment,16.13222739
United States,2016,Female,Employment to population ratio,53.447
United States,2016,Male,Employment to population ratio,65.129
United States,2016,Female,Labour Force Participation Rate,56.135
United States,2016,Male,Labour Force Participation Rate,68.513
United States,2016,Female,Part Time Employment,34.72
United States,2016,Male,Part Time Employment,20.99
United States,2016,Female,Vulnerable Employment,2.890068282
United States,2016,Male,Vulnerable Employment,5.555109166
Uruguay,2016,Female,Employment to population ratio,51.05
Uruguay,2016,Male,Employment to population ratio,68.906
Uruguay,2016,Female,Labour Force Participation Rate,56.368
Uruguay,2016,Male,Labour Force Participation Rate,73.694
Uruguay,2016,Female,Vulnerable Employment,21.83159163
Uruguay,2016,Male,Vulnerable Employment,25.27665407
Uzbekistan,2016,Female,Employment to population ratio,38.612
Uzbekistan,2016,Male,Employment to population ratio,69.588
Uzbekistan,2016,Female,Labour Force Participation Rate,40.615
Uzbekistan,2016,Male,Labour Force Participation Rate,73.474
Uzbekistan,2016,Female,Vulnerable Employment,24.25108917
Uzbekistan,2016,Male,Vulnerable Employment,42.56368409
Vanuatu,2016,Female,Employment to population ratio,56.685
Vanuatu,2016,Male,Employment to population ratio,75.052
Vanuatu,2016,Female,Labour Force Participation Rate,60.595
Vanuatu,2016,Male,Labour Force Participation Rate,78.427
Vanuatu,2016,Female,Vulnerable Employment,67.71078421
Vanuatu,2016,Male,Vulnerable Employment,58.50887574
"Venezuela, RB",2016,Female,Employment to population ratio,45.261
"Venezuela, RB",2016,Male,Employment to population ratio,71.056
"Venezuela, RB",2016,Female,Labour Force Participation Rate,47.85
"Venezuela, RB",2016,Male,Labour Force Participation Rate,75.002
"Venezuela, RB",2016,Female,Vulnerable Employment,28.58671509
"Venezuela, RB",2016,Male,Vulnerable Employment,33.66915793
Viet Nam,2016,Female,Employment to population ratio,70.734
Viet Nam,2016,Male,Employment to population ratio,79.837
Viet Nam,2016,Female,Labour Force Participation Rate,71.957
Viet Nam,2016,Male,Labour Force Participation Rate,81.458
Viet Nam,2016,Female,Part Time Employment,30.41
Viet Nam,2016,Male,Part Time Employment,22.69
Viet Nam,2016,Female,Vulnerable Employment,62.33339142
Viet Nam,2016,Male,Vulnerable Employment,49.87812708
Virgin Islands (U.S.),2016,Female,Employment to population ratio,42.088
Virgin Islands (U.S.),2016,Male,Employment to population ratio,61.549
Virgin Islands (U.S.),2016,Female,Labour Force Participation Rate,48.627
Virgin Islands (U.S.),2016,Male,Labour Force Participation Rate,69.431
Virgin Islands (U.S.),2016,Female,Vulnerable Employment,4.841843895
Virgin Islands (U.S.),2016,Male,Vulnerable Employment,8.143074581
West Bank and Gaza,2016,Female,Employment to population ratio,10.846
West Bank and Gaza,2016,Male,Employment to population ratio,56.456
West Bank and Gaza,2016,Female,Labour Force Participation Rate,17.416
West Bank and Gaza,2016,Male,Labour Force Participation Rate,70.967
West Bank and Gaza,2016,Female,Part Time Employment,52.73
West Bank and Gaza,2016,Male,Part Time Employment,26.46
West Bank and Gaza,2016,Female,Vulnerable Employment,26.7230755
West Bank and Gaza,2016,Male,Vulnerable Employment,23.54145101
"Yemen, Rep.",2016,Female,Employment to population ratio,3.58
"Yemen, Rep.",2016,Male,Employment to population ratio,48.433
"Yemen, Rep.",2016,Female,Labour Force Participation Rate,5.142
"Yemen, Rep.",2016,Male,Labour Force Participation Rate,58.56
"Yemen, Rep.",2016,Female,Vulnerable Employment,65.36679991
"Yemen, Rep.",2016,Male,Vulnerable Employment,44.15012678
Zambia,2016,Female,Employment to population ratio,47.403
Zambia,2016,Male,Employment to population ratio,60.628
Zambia,2016,Female,Labour Force Participation Rate,51.957
Zambia,2016,Male,Labour Force Participation Rate,66.011
Zambia,2016,Female,Vulnerable Employment,86.11994866
Zambia,2016,Male,Vulnerable Employment,66.08865022
Zimbabwe,2016,Female,Employment to population ratio,56.99
Zimbabwe,2016,Male,Employment to population ratio,68.227
Zimbabwe,2016,Female,Labour Force Participation Rate,60.636
Zimbabwe,2016,Male,Labour Force Participation Rate,72.444
Zimbabwe,2016,Female,Vulnerable Employment,80.79978118
Zimbabwe,2016,Male,Vulnerable Employment,64.55312179
Afghanistan,2017,Female,Employment to population ratio,18.251
Afghanistan,2017,Male,Employment to population ratio,65.756
Afghanistan,2017,Female,Labour Force Participation Rate,21.227
Afghanistan,2017,Male,Labour Force Participation Rate,73.356
Afghanistan,2017,Female,Vulnerable Employment,92.7004701
Afghanistan,2017,Male,Vulnerable Employment,81.6264888
Albania,2017,Female,Employment to population ratio,43.402
Albania,2017,Male,Employment to population ratio,56.951
Albania,2017,Female,Labour Force Participation Rate,49.609
Albania,2017,Male,Labour Force Participation Rate,66.572
Albania,2017,Female,Part Time Employment,29.19
Albania,2017,Male,Part Time Employment,21.15
Albania,2017,Female,Vulnerable Employment,53.63254426
Albania,2017,Male,Vulnerable Employment,54.50838873
Algeria,2017,Female,Employment to population ratio,13.223
Algeria,2017,Male,Employment to population ratio,59.562
Algeria,2017,Female,Labour Force Participation Rate,16.693
Algeria,2017,Male,Labour Force Participation Rate,66.076
Algeria,2017,Female,Vulnerable Employment,23.87605462
Algeria,2017,Male,Vulnerable Employment,27.11590514
Angola,2017,Female,Employment to population ratio,60.835
Angola,2017,Male,Employment to population ratio,65.339
Angola,2017,Female,Labour Force Participation Rate,73.462
Angola,2017,Male,Labour Force Participation Rate,77.87
Angola,2017,Female,Vulnerable Employment,70.58216631
Angola,2017,Male,Vulnerable Employment,48.50159568
Argentina,2017,Female,Employment to population ratio,43.159
Argentina,2017,Male,Employment to population ratio,65.127
Argentina,2017,Female,Labour Force Participation Rate,47.685
Argentina,2017,Male,Labour Force Participation Rate,70.44
Argentina,2017,Female,Vulnerable Employment,19.22835452
Argentina,2017,Male,Vulnerable Employment,22.67424891
Armenia,2017,Female,Employment to population ratio,49.445
Armenia,2017,Male,Employment to population ratio,59.458
Armenia,2017,Female,Labour Force Participation Rate,55.772
Armenia,2017,Male,Labour Force Participation Rate,69.577
Armenia,2017,Female,Part Time Employment,43.47
Armenia,2017,Male,Part Time Employment,24.67
Armenia,2017,Female,Vulnerable Employment,66.53172684
Armenia,2017,Male,Vulnerable Employment,59.19971007
Australia,2017,Female,Employment to population ratio,56.457
Australia,2017,Male,Employment to population ratio,66.78
Australia,2017,Female,Labour Force Participation Rate,59.848
Australia,2017,Male,Labour Force Participation Rate,70.685
Australia,2017,Female,Part Time Employment,59.2
Australia,2017,Male,Part Time Employment,34.13
Australia,2017,Female,Vulnerable Employment,7.058307132
Australia,2017,Male,Vulnerable Employment,10.12229405
Austria,2017,Female,Employment to population ratio,53.16
Austria,2017,Male,Employment to population ratio,62.472
Austria,2017,Female,Labour Force Participation Rate,56.016
Austria,2017,Male,Labour Force Participation Rate,66.437
Austria,2017,Female,Part Time Employment,61.37
Austria,2017,Male,Part Time Employment,31.12
Austria,2017,Female,Vulnerable Employment,8.26269326
Austria,2017,Male,Vulnerable Employment,8.964806146
Azerbaijan,2017,Female,Employment to population ratio,58.734
Azerbaijan,2017,Male,Employment to population ratio,65.384
Azerbaijan,2017,Female,Labour Force Participation Rate,62.419
Azerbaijan,2017,Male,Labour Force Participation Rate,68.181
Azerbaijan,2017,Female,Part Time Employment,23.73
Azerbaijan,2017,Male,Part Time Employment,14.43
Azerbaijan,2017,Female,Vulnerable Employment,61.47252384
Azerbaijan,2017,Male,Vulnerable Employment,48.18657202
"Bahamas, The",2017,Female,Employment to population ratio,59.198
"Bahamas, The",2017,Male,Employment to population ratio,74.274
"Bahamas, The",2017,Female,Labour Force Participation Rate,66.801
"Bahamas, The",2017,Male,Labour Force Participation Rate,81.044
"Bahamas, The",2017,Female,Vulnerable Employment,8.179819809
"Bahamas, The",2017,Male,Vulnerable Employment,21.23985873
Bahrain,2017,Female,Employment to population ratio,41.835
Bahrain,2017,Male,Employment to population ratio,86.297
Bahrain,2017,Female,Labour Force Participation Rate,43.54
Bahrain,2017,Male,Labour Force Participation Rate,86.706
Bahrain,2017,Female,Vulnerable Employment,0.998299502
Bahrain,2017,Male,Vulnerable Employment,1.023810499
Bangladesh,2017,Female,Employment to population ratio,34.023
Bangladesh,2017,Male,Employment to population ratio,78.214
Bangladesh,2017,Female,Labour Force Participation Rate,36.449
Bangladesh,2017,Male,Labour Force Participation Rate,80.89
Bangladesh,2017,Female,Vulnerable Employment,69.60787424
Bangladesh,2017,Male,Vulnerable Employment,51.70791979
Barbados,2017,Female,Employment to population ratio,55.229
Barbados,2017,Male,Employment to population ratio,62.835
Barbados,2017,Female,Labour Force Participation Rate,60.543
Barbados,2017,Male,Labour Force Participation Rate,68.647
Barbados,2017,Female,Vulnerable Employment,11.15114394
Barbados,2017,Male,Vulnerable Employment,24.02601233
Belarus,2017,Female,Employment to population ratio,57.027
Belarus,2017,Male,Employment to population ratio,66.477
Belarus,2017,Female,Labour Force Participation Rate,59.436
Belarus,2017,Male,Labour Force Participation Rate,71.675
Belarus,2017,Female,Vulnerable Employment,2.166305913
Belarus,2017,Male,Vulnerable Employment,5.025637695
Belgium,2017,Female,Employment to population ratio,45.297
Belgium,2017,Male,Employment to population ratio,54.968
Belgium,2017,Female,Labour Force Participation Rate,48.737
Belgium,2017,Male,Labour Force Participation Rate,59.181
Belgium,2017,Female,Part Time Employment,54.71
Belgium,2017,Male,Part Time Employment,25.66
Belgium,2017,Female,Vulnerable Employment,8.397001286
Belgium,2017,Male,Vulnerable Employment,12.24140049
Belize,2017,Female,Employment to population ratio,43.912
Belize,2017,Male,Employment to population ratio,75.661
Belize,2017,Female,Labour Force Participation Rate,48.71
Belize,2017,Male,Labour Force Participation Rate,79.317
Belize,2017,Female,Vulnerable Employment,32.17137054
Belize,2017,Male,Vulnerable Employment,26.33734842
Benin,2017,Female,Employment to population ratio,57.121
Benin,2017,Male,Employment to population ratio,69.001
Benin,2017,Female,Labour Force Participation Rate,58.299
Benin,2017,Male,Labour Force Participation Rate,70.065
Benin,2017,Female,Vulnerable Employment,83.93351205
Benin,2017,Male,Vulnerable Employment,73.02668757
Bhutan,2017,Female,Employment to population ratio,52.751
Bhutan,2017,Male,Employment to population ratio,67.856
Bhutan,2017,Female,Labour Force Participation Rate,54.899
Bhutan,2017,Male,Labour Force Participation Rate,69.567
Bhutan,2017,Female,Vulnerable Employment,84.50817397
Bhutan,2017,Male,Vulnerable Employment,63.91340704
Bolivia,2017,Female,Employment to population ratio,56.742
Bolivia,2017,Male,Employment to population ratio,75.522
Bolivia,2017,Female,Labour Force Participation Rate,59.139
Bolivia,2017,Male,Labour Force Participation Rate,78.135
Bolivia,2017,Female,Vulnerable Employment,69.0544628
Bolivia,2017,Male,Vulnerable Employment,60.67607096
Bosnia and Herzegovina,2017,Female,Employment to population ratio,27.225
Bosnia and Herzegovina,2017,Male,Employment to population ratio,46.7
Bosnia and Herzegovina,2017,Female,Labour Force Participation Rate,35.409
Bosnia and Herzegovina,2017,Male,Labour Force Participation Rate,57.552
Bosnia and Herzegovina,2017,Female,Part Time Employment,15.59
Bosnia and Herzegovina,2017,Male,Part Time Employment,11.75
Bosnia and Herzegovina,2017,Female,Vulnerable Employment,18.54631375
Bosnia and Herzegovina,2017,Male,Vulnerable Employment,17.93124699
Botswana,2017,Female,Employment to population ratio,44.703
Botswana,2017,Male,Employment to population ratio,56.584
Botswana,2017,Female,Labour Force Participation Rate,57.298
Botswana,2017,Male,Labour Force Participation Rate,68.746
Botswana,2017,Female,Vulnerable Employment,29.01208883
Botswana,2017,Male,Vulnerable Employment,27.92775678
Brazil,2017,Female,Employment to population ratio,46.038
Brazil,2017,Male,Employment to population ratio,66.437
Brazil,2017,Female,Labour Force Participation Rate,54.083
Brazil,2017,Male,Labour Force Participation Rate,74.817
Brazil,2017,Female,Part Time Employment,35.73
Brazil,2017,Male,Part Time Employment,20.77
Brazil,2017,Female,Vulnerable Employment,22.62678872
Brazil,2017,Male,Vulnerable Employment,30.14149521
Brunei Darussalam,2017,Female,Employment to population ratio,50.695
Brunei Darussalam,2017,Male,Employment to population ratio,62.622
Brunei Darussalam,2017,Female,Labour Force Participation Rate,56.316
Brunei Darussalam,2017,Male,Labour Force Participation Rate,68.677
Brunei Darussalam,2017,Female,Vulnerable Employment,5.765348089
Brunei Darussalam,2017,Male,Vulnerable Employment,4.297795906
Bulgaria,2017,Female,Employment to population ratio,46.574
Bulgaria,2017,Male,Employment to population ratio,57.754
Bulgaria,2017,Female,Labour Force Participation Rate,49.518
Bulgaria,2017,Male,Labour Force Participation Rate,61.668
Bulgaria,2017,Female,Part Time Employment,12.8
Bulgaria,2017,Male,Part Time Employment,9.35
Bulgaria,2017,Female,Vulnerable Employment,6.622888414
Bulgaria,2017,Male,Vulnerable Employment,9.278295061
Burkina Faso,2017,Female,Employment to population ratio,55.019
Burkina Faso,2017,Male,Employment to population ratio,70.119
Burkina Faso,2017,Female,Labour Force Participation Rate,57.72
Burkina Faso,2017,Male,Labour Force Participation Rate,73.579
Burkina Faso,2017,Female,Vulnerable Employment,88.88464666
Burkina Faso,2017,Male,Vulnerable Employment,82.14089599
Burundi,2017,Female,Employment to population ratio,79.459
Burundi,2017,Male,Employment to population ratio,77.779
Burundi,2017,Female,Labour Force Participation Rate,80.291
Burundi,2017,Male,Labour Force Participation Rate,78.966
Burundi,2017,Female,Vulnerable Employment,92.60989608
Burundi,2017,Male,Vulnerable Employment,77.31800773
Cabo Verde,2017,Female,Employment to population ratio,45.51
Cabo Verde,2017,Male,Employment to population ratio,58.526
Cabo Verde,2017,Female,Labour Force Participation Rate,52.167
Cabo Verde,2017,Male,Labour Force Participation Rate,66.372
Cabo Verde,2017,Female,Vulnerable Employment,45.77802518
Cabo Verde,2017,Male,Vulnerable Employment,27.75714737
Cambodia,2017,Female,Employment to population ratio,67.302
Cambodia,2017,Male,Employment to population ratio,80.517
Cambodia,2017,Female,Labour Force Participation Rate,67.418
Cambodia,2017,Male,Labour Force Participation Rate,80.607
Cambodia,2017,Female,Vulnerable Employment,58.42233194
Cambodia,2017,Male,Vulnerable Employment,45.25276536
Cameroon,2017,Female,Employment to population ratio,64.346
Cameroon,2017,Male,Employment to population ratio,74.538
Cameroon,2017,Female,Labour Force Participation Rate,67.099
Cameroon,2017,Male,Labour Force Participation Rate,76.939
Cameroon,2017,Female,Vulnerable Employment,82.59893781
Cameroon,2017,Male,Vulnerable Employment,65.09444198
Canada,2017,Female,Employment to population ratio,57.827
Canada,2017,Male,Employment to population ratio,65.332
Canada,2017,Female,Labour Force Participation Rate,61.476
Canada,2017,Male,Labour Force Participation Rate,70.155
Canada,2017,Female,Part Time Employment,52.41
Canada,2017,Male,Part Time Employment,34.44
Canada,2017,Female,Vulnerable Employment,9.273074526
Canada,2017,Male,Vulnerable Employment,12.03087435
Central African Republic,2017,Female,Employment to population ratio,58.741
Central African Republic,2017,Male,Employment to population ratio,74.134
Central African Republic,2017,Female,Labour Force Participation Rate,63.116
Central African Republic,2017,Male,Labour Force Participation Rate,78.396
Central African Republic,2017,Female,Vulnerable Employment,97.1085309
Central African Republic,2017,Male,Vulnerable Employment,88.78269069
Chad,2017,Female,Employment to population ratio,48.785
Chad,2017,Male,Employment to population ratio,71.015
Chad,2017,Female,Labour Force Participation Rate,49.148
Chad,2017,Male,Labour Force Participation Rate,72
Chad,2017,Female,Vulnerable Employment,96.39893387
Chad,2017,Male,Vulnerable Employment,85.82907057
Channel Islands,2017,Female,Employment to population ratio,47.966
Channel Islands,2017,Male,Employment to population ratio,62.224
Channel Islands,2017,Female,Labour Force Participation Rate,51.733
Channel Islands,2017,Male,Labour Force Participation Rate,66.68
Channel Islands,2017,Female,Vulnerable Employment,8.966587181
Channel Islands,2017,Male,Vulnerable Employment,13.12424222
Chile,2017,Female,Employment to population ratio,45.093
Chile,2017,Male,Employment to population ratio,66.764
Chile,2017,Female,Labour Force Participation Rate,48.72
Chile,2017,Male,Labour Force Participation Rate,71.485
Chile,2017,Female,Part Time Employment,38.12
Chile,2017,Male,Part Time Employment,22.89
Chile,2017,Female,Vulnerable Employment,23.45767605
Chile,2017,Male,Vulnerable Employment,22.14713374
China,2017,Female,Employment to population ratio,59.64
China,2017,Male,Employment to population ratio,70.825
China,2017,Female,Labour Force Participation Rate,62.048
China,2017,Male,Labour Force Participation Rate,74.513
China,2017,Female,Vulnerable Employment,45.19726937
China,2017,Male,Vulnerable Employment,42.31798305
Colombia,2017,Female,Employment to population ratio,47.96
Colombia,2017,Male,Employment to population ratio,72.614
Colombia,2017,Female,Labour Force Participation Rate,54.351
Colombia,2017,Male,Labour Force Participation Rate,78.205
Colombia,2017,Female,Part Time Employment,37.96
Colombia,2017,Male,Part Time Employment,18.87
Colombia,2017,Female,Vulnerable Employment,47.02407032
Colombia,2017,Male,Vulnerable Employment,48.05560829
Comoros,2017,Female,Employment to population ratio,31.037
Comoros,2017,Male,Employment to population ratio,53.219
Comoros,2017,Female,Labour Force Participation Rate,32.858
Comoros,2017,Male,Labour Force Participation Rate,55.747
Comoros,2017,Female,Vulnerable Employment,68.12964681
Comoros,2017,Male,Vulnerable Employment,50.49387143
"Congo, Dem. Rep.",2017,Female,Employment to population ratio,60.137
"Congo, Dem. Rep.",2017,Male,Employment to population ratio,65.805
"Congo, Dem. Rep.",2017,Female,Labour Force Participation Rate,62.478
"Congo, Dem. Rep.",2017,Male,Labour Force Participation Rate,69.66
"Congo, Dem. Rep.",2017,Female,Vulnerable Employment,89.59614711
"Congo, Dem. Rep.",2017,Male,Vulnerable Employment,74.65021181
"Congo, Rep.",2017,Female,Employment to population ratio,51.732
"Congo, Rep.",2017,Male,Employment to population ratio,55.373
"Congo, Rep.",2017,Female,Labour Force Participation Rate,66.792
"Congo, Rep.",2017,Male,Labour Force Participation Rate,69.13
"Congo, Rep.",2017,Female,Vulnerable Employment,89.05121864
"Congo, Rep.",2017,Male,Vulnerable Employment,62.05079379
Costa Rica,2017,Female,Employment to population ratio,41.282
Costa Rica,2017,Male,Employment to population ratio,69.25
Costa Rica,2017,Female,Labour Force Participation Rate,45.739
Costa Rica,2017,Male,Labour Force Participation Rate,74.048
Costa Rica,2017,Female,Part Time Employment,35.39
Costa Rica,2017,Male,Part Time Employment,18.06
Costa Rica,2017,Female,Vulnerable Employment,22.25227523
Costa Rica,2017,Male,Vulnerable Employment,26.02319882
Cote d'Ivoire,2017,Female,Employment to population ratio,53.33
Cote d'Ivoire,2017,Male,Employment to population ratio,71.634
Cote d'Ivoire,2017,Female,Labour Force Participation Rate,55.465
Cote d'Ivoire,2017,Male,Labour Force Participation Rate,73.732
Cote d'Ivoire,2017,Female,Vulnerable Employment,83.92167911
Cote d'Ivoire,2017,Male,Vulnerable Employment,64.03638223
Croatia,2017,Female,Employment to population ratio,40.117
Croatia,2017,Male,Employment to population ratio,52.001
Croatia,2017,Female,Labour Force Participation Rate,45.543
Croatia,2017,Male,Labour Force Participation Rate,58.176
Croatia,2017,Female,Part Time Employment,27.33
Croatia,2017,Male,Part Time Employment,19.62
Croatia,2017,Female,Vulnerable Employment,6.897757421
Croatia,2017,Male,Vulnerable Employment,8.969608107
Cuba,2017,Female,Employment to population ratio,41.531
Cuba,2017,Male,Employment to population ratio,69.102
Cuba,2017,Female,Labour Force Participation Rate,42.222
Cuba,2017,Male,Labour Force Participation Rate,70.325
Cuba,2017,Female,Vulnerable Employment,17.62883628
Cuba,2017,Male,Vulnerable Employment,22.06600662
Cyprus,2017,Female,Employment to population ratio,50.256
Cyprus,2017,Male,Employment to population ratio,59.416
Cyprus,2017,Female,Labour Force Participation Rate,56.7
Cyprus,2017,Male,Labour Force Participation Rate,66.748
Cyprus,2017,Female,Part Time Employment,33.97
Cyprus,2017,Male,Part Time Employment,25.81
Cyprus,2017,Female,Vulnerable Employment,9.448821978
Cyprus,2017,Male,Vulnerable Employment,13.76933854
Czechia,2017,Female,Employment to population ratio,50.412
Czechia,2017,Male,Employment to population ratio,66.938
Czechia,2017,Female,Labour Force Participation Rate,52.283
Czechia,2017,Male,Labour Force Participation Rate,68.541
Czechia,2017,Female,Part Time Employment,35.47
Czechia,2017,Male,Part Time Employment,22.43
Czechia,2017,Female,Vulnerable Employment,11.17928406
Czechia,2017,Male,Vulnerable Employment,16.07031604
Denmark,2017,Female,Employment to population ratio,54.133
Denmark,2017,Male,Employment to population ratio,62.211
Denmark,2017,Female,Labour Force Participation Rate,57.616
Denmark,2017,Male,Labour Force Participation Rate,65.927
Denmark,2017,Female,Part Time Employment,54.47
Denmark,2017,Male,Part Time Employment,33.76
Denmark,2017,Female,Vulnerable Employment,3.688929169
Denmark,2017,Male,Vulnerable Employment,6.30599237
Djibouti,2017,Female,Employment to population ratio,11.611
Djibouti,2017,Male,Employment to population ratio,36.459
Djibouti,2017,Female,Labour Force Participation Rate,18.133
Djibouti,2017,Male,Labour Force Participation Rate,46.81
Djibouti,2017,Female,Vulnerable Employment,64.4262534
Djibouti,2017,Male,Vulnerable Employment,46.86619886
Dominican Republic,2017,Female,Employment to population ratio,44.878
Dominican Republic,2017,Male,Employment to population ratio,72.545
Dominican Republic,2017,Female,Labour Force Participation Rate,48.864
Dominican Republic,2017,Male,Labour Force Participation Rate,75.833
Dominican Republic,2017,Female,Part Time Employment,36.19
Dominican Republic,2017,Male,Part Time Employment,23.96
Dominican Republic,2017,Female,Vulnerable Employment,28.95929802
Dominican Republic,2017,Male,Vulnerable Employment,46.65550172
Ecuador,2017,Female,Employment to population ratio,53.389
Ecuador,2017,Male,Employment to population ratio,77.866
Ecuador,2017,Female,Labour Force Participation Rate,56.156
Ecuador,2017,Male,Labour Force Participation Rate,80.33
Ecuador,2017,Female,Vulnerable Employment,56.11823716
Ecuador,2017,Male,Vulnerable Employment,39.24660796
"Egypt, Arab Rep.",2017,Female,Employment to population ratio,17.082
"Egypt, Arab Rep.",2017,Male,Employment to population ratio,61.941
"Egypt, Arab Rep.",2017,Female,Labour Force Participation Rate,22.145
"Egypt, Arab Rep.",2017,Male,Labour Force Participation Rate,67.456
"Egypt, Arab Rep.",2017,Female,Part Time Employment,21.25
"Egypt, Arab Rep.",2017,Male,Part Time Employment,11.78
"Egypt, Arab Rep.",2017,Female,Vulnerable Employment,31.0962484
"Egypt, Arab Rep.",2017,Male,Vulnerable Employment,16.15429544
El Salvador,2017,Female,Employment to population ratio,43.233
El Salvador,2017,Male,Employment to population ratio,71.573
El Salvador,2017,Female,Labour Force Participation Rate,45.037
El Salvador,2017,Male,Labour Force Participation Rate,75.069
El Salvador,2017,Female,Part Time Employment,27.7
El Salvador,2017,Male,Part Time Employment,21.49
El Salvador,2017,Female,Vulnerable Employment,44.01606555
El Salvador,2017,Male,Vulnerable Employment,28.90496689
Equatorial Guinea,2017,Female,Employment to population ratio,46.372
Equatorial Guinea,2017,Male,Employment to population ratio,54.992
Equatorial Guinea,2017,Female,Labour Force Participation Rate,51.158
Equatorial Guinea,2017,Male,Labour Force Participation Rate,59.511
Equatorial Guinea,2017,Female,Vulnerable Employment,85.88606955
Equatorial Guinea,2017,Male,Vulnerable Employment,69.46569211
Eritrea,2017,Female,Employment to population ratio,66.394
Eritrea,2017,Male,Employment to population ratio,81.334
Eritrea,2017,Female,Labour Force Participation Rate,71.286
Eritrea,2017,Male,Labour Force Participation Rate,85.956
Eritrea,2017,Female,Vulnerable Employment,80.24479202
Eritrea,2017,Male,Vulnerable Employment,63.04461293
Estonia,2017,Female,Employment to population ratio,53.907
Estonia,2017,Male,Employment to population ratio,66.713
Estonia,2017,Female,Labour Force Participation Rate,56.924
Estonia,2017,Male,Labour Force Participation Rate,71.115
Estonia,2017,Female,Part Time Employment,31.12
Estonia,2017,Male,Part Time Employment,21.26
Estonia,2017,Female,Vulnerable Employment,3.83038132
Estonia,2017,Male,Vulnerable Employment,7.428189555
Eswatini,2017,Female,Employment to population ratio,35.501
Eswatini,2017,Male,Employment to population ratio,43.609
Eswatini,2017,Female,Labour Force Participation Rate,46.989
Eswatini,2017,Male,Labour Force Participation Rate,55.238
Eswatini,2017,Female,Vulnerable Employment,40.75524285
Eswatini,2017,Male,Vulnerable Employment,27.7032502
Ethiopia,2017,Female,Employment to population ratio,71.864
Ethiopia,2017,Male,Employment to population ratio,85.448
Ethiopia,2017,Female,Labour Force Participation Rate,74.45
Ethiopia,2017,Male,Labour Force Participation Rate,87.064
Ethiopia,2017,Female,Vulnerable Employment,89.22616765
Ethiopia,2017,Male,Vulnerable Employment,83.8517394
Fiji,2017,Female,Employment to population ratio,36.273
Fiji,2017,Male,Employment to population ratio,73.616
Fiji,2017,Female,Labour Force Participation Rate,38.407
Fiji,2017,Male,Labour Force Participation Rate,76.453
Fiji,2017,Female,Vulnerable Employment,31.14994595
Fiji,2017,Male,Vulnerable Employment,34.05665658
Finland,2017,Female,Employment to population ratio,50.558
Finland,2017,Male,Employment to population ratio,57.102
Finland,2017,Female,Labour Force Participation Rate,55.188
Finland,2017,Male,Labour Force Participation Rate,62.659
Finland,2017,Female,Part Time Employment,49.99
Finland,2017,Male,Part Time Employment,37.42
Finland,2017,Female,Vulnerable Employment,7.385434969
Finland,2017,Male,Vulnerable Employment,12.03951636
France,2017,Female,Employment to population ratio,46.501
France,2017,Male,Employment to population ratio,54.679
France,2017,Female,Labour Force Participation Rate,51.311
France,2017,Male,Labour Force Participation Rate,60.381
France,2017,Female,Part Time Employment,49.16
France,2017,Male,Part Time Employment,30.19
France,2017,Female,Vulnerable Employment,6.154081232
France,2017,Male,Vulnerable Employment,8.737232417
French Polynesia,2017,Female,Employment to population ratio,43.241
French Polynesia,2017,Male,Employment to population ratio,56.395
French Polynesia,2017,Female,Labour Force Participation Rate,49.359
French Polynesia,2017,Male,Labour Force Participation Rate,63.114
French Polynesia,2017,Female,Vulnerable Employment,13.25651985
French Polynesia,2017,Male,Vulnerable Employment,19.11846496
Gabon,2017,Female,Employment to population ratio,28.167
Gabon,2017,Male,Employment to population ratio,48.531
Gabon,2017,Female,Labour Force Participation Rate,39.633
Gabon,2017,Male,Labour Force Participation Rate,56.843
Gabon,2017,Female,Vulnerable Employment,37.70739962
Gabon,2017,Male,Vulnerable Employment,27.50154644
"Gambia, The",2017,Female,Employment to population ratio,52.49
"Gambia, The",2017,Male,Employment to population ratio,62.815
"Gambia, The",2017,Female,Labour Force Participation Rate,55.137
"Gambia, The",2017,Male,Labour Force Participation Rate,66.45
"Gambia, The",2017,Female,Vulnerable Employment,82.01742142
"Gambia, The",2017,Male,Vulnerable Employment,67.74783527
Georgia,2017,Female,Employment to population ratio,49.53
Georgia,2017,Male,Employment to population ratio,65.761
Georgia,2017,Female,Labour Force Participation Rate,56.751
Georgia,2017,Male,Labour Force Participation Rate,77.358
Georgia,2017,Female,Vulnerable Employment,48.09213078
Georgia,2017,Male,Vulnerable Employment,50.71925836
Germany,2017,Female,Employment to population ratio,54.06
Germany,2017,Male,Employment to population ratio,63.967
Germany,2017,Female,Labour Force Participation Rate,55.915
Germany,2017,Male,Labour Force Participation Rate,66.721
Germany,2017,Female,Part Time Employment,57.54
Germany,2017,Male,Part Time Employment,26.21
Germany,2017,Female,Vulnerable Employment,5.107923733
Germany,2017,Male,Vulnerable Employment,6.438376141
Ghana,2017,Female,Employment to population ratio,62.887
Ghana,2017,Male,Employment to population ratio,70.832
Ghana,2017,Female,Labour Force Participation Rate,65.161
Ghana,2017,Male,Labour Force Participation Rate,73.219
Ghana,2017,Female,Vulnerable Employment,78.84769718
Ghana,2017,Male,Vulnerable Employment,62.70629459
Greece,2017,Female,Employment to population ratio,32.817
Greece,2017,Male,Employment to population ratio,48.021
Greece,2017,Female,Labour Force Participation Rate,44.354
Greece,2017,Male,Labour Force Participation Rate,58.362
Greece,2017,Female,Part Time Employment,33.11
Greece,2017,Male,Part Time Employment,19.46
Greece,2017,Female,Vulnerable Employment,24.10847882
Greece,2017,Male,Vulnerable Employment,27.90405405
Guam,2017,Female,Employment to population ratio,53.566
Guam,2017,Male,Employment to population ratio,64.781
Guam,2017,Female,Labour Force Participation Rate,56.461
Guam,2017,Male,Labour Force Participation Rate,68.662
Guam,2017,Female,Vulnerable Employment,6.573055953
Guam,2017,Male,Vulnerable Employment,11.4259393
Guatemala,2017,Female,Employment to population ratio,37.333
Guatemala,2017,Male,Employment to population ratio,82.523
Guatemala,2017,Female,Labour Force Participation Rate,38.699
Guatemala,2017,Male,Labour Force Participation Rate,84.161
Guatemala,2017,Female,Vulnerable Employment,45.77325726
Guatemala,2017,Male,Vulnerable Employment,31.7176443
Guinea,2017,Female,Employment to population ratio,42.625
Guinea,2017,Male,Employment to population ratio,61.495
Guinea,2017,Female,Labour Force Participation Rate,44.725
Guinea,2017,Male,Labour Force Participation Rate,64.614
Guinea,2017,Female,Vulnerable Employment,88.80441366
Guinea,2017,Male,Vulnerable Employment,76.35576801
Guinea-Bissau,2017,Female,Employment to population ratio,47.496
Guinea-Bissau,2017,Male,Employment to population ratio,61.631
Guinea-Bissau,2017,Female,Labour Force Participation Rate,48.789
Guinea-Bissau,2017,Male,Labour Force Participation Rate,63.871
Guinea-Bissau,2017,Female,Vulnerable Employment,79.40047962
Guinea-Bissau,2017,Male,Vulnerable Employment,60.59998269
Guyana,2017,Female,Employment to population ratio,35.118
Guyana,2017,Male,Employment to population ratio,59.374
Guyana,2017,Female,Labour Force Participation Rate,41.966
Guyana,2017,Male,Labour Force Participation Rate,67.585
Guyana,2017,Female,Vulnerable Employment,31.58788275
Guyana,2017,Male,Vulnerable Employment,27.17015873
Haiti,2017,Female,Employment to population ratio,51.793
Haiti,2017,Male,Employment to population ratio,62.044
Haiti,2017,Female,Labour Force Participation Rate,62.237
Haiti,2017,Male,Labour Force Participation Rate,69.813
Haiti,2017,Female,Vulnerable Employment,82.99253397
Haiti,2017,Male,Vulnerable Employment,66.85594266
Honduras,2017,Female,Employment to population ratio,42.023
Honduras,2017,Male,Employment to population ratio,79.415
Honduras,2017,Female,Labour Force Participation Rate,45.706
Honduras,2017,Male,Labour Force Participation Rate,82.851
Honduras,2017,Female,Part Time Employment,46.76
Honduras,2017,Male,Part Time Employment,35.08
Honduras,2017,Female,Vulnerable Employment,51.68604032
Honduras,2017,Male,Vulnerable Employment,33.3919641
"Hong Kong SAR, China",2017,Female,Employment to population ratio,53.547
"Hong Kong SAR, China",2017,Male,Employment to population ratio,66.006
"Hong Kong SAR, China",2017,Female,Labour Force Participation Rate,55.121
"Hong Kong SAR, China",2017,Male,Labour Force Participation Rate,68.312
"Hong Kong SAR, China",2017,Female,Vulnerable Employment,4.114107185
"Hong Kong SAR, China",2017,Male,Vulnerable Employment,7.751544853
Hungary,2017,Female,Employment to population ratio,45.788
Hungary,2017,Male,Employment to population ratio,62.597
Hungary,2017,Female,Labour Force Participation Rate,47.984
Hungary,2017,Male,Labour Force Participation Rate,65.08
Hungary,2017,Female,Part Time Employment,27.23
Hungary,2017,Male,Part Time Employment,20.49
Hungary,2017,Female,Vulnerable Employment,6.108773016
Hungary,2017,Male,Vulnerable Employment,7.846689382
Iceland,2017,Female,Employment to population ratio,70.621
Iceland,2017,Male,Employment to population ratio,79.387
Iceland,2017,Female,Labour Force Participation Rate,72.595
Iceland,2017,Male,Labour Force Participation Rate,81.639
Iceland,2017,Female,Part Time Employment,48.18
Iceland,2017,Male,Part Time Employment,27.89
Iceland,2017,Female,Vulnerable Employment,6.998598204
Iceland,2017,Male,Vulnerable Employment,11.2915839
India,2017,Female,Employment to population ratio,24.672
India,2017,Male,Employment to population ratio,70.059
India,2017,Female,Labour Force Participation Rate,26.762
India,2017,Male,Labour Force Participation Rate,75.904
India,2017,Female,Vulnerable Employment,76.05131703
India,2017,Male,Vulnerable Employment,74.0849588
Indonesia,2017,Female,Employment to population ratio,50.092
Indonesia,2017,Male,Employment to population ratio,78.225
Indonesia,2017,Female,Labour Force Participation Rate,51.898
Indonesia,2017,Male,Labour Force Participation Rate,81.459
Indonesia,2017,Female,Part Time Employment,44.71
Indonesia,2017,Male,Part Time Employment,30.02
Indonesia,2017,Female,Vulnerable Employment,56.78959684
Indonesia,2017,Male,Vulnerable Employment,42.4172635
"Iran, Islamic Rep.",2017,Female,Employment to population ratio,13.869
"Iran, Islamic Rep.",2017,Male,Employment to population ratio,62.455
"Iran, Islamic Rep.",2017,Female,Labour Force Participation Rate,17.326
"Iran, Islamic Rep.",2017,Male,Labour Force Participation Rate,69.662
"Iran, Islamic Rep.",2017,Female,Part Time Employment,48.82
"Iran, Islamic Rep.",2017,Male,Part Time Employment,20.81
"Iran, Islamic Rep.",2017,Female,Vulnerable Employment,42.75272243
"Iran, Islamic Rep.",2017,Male,Vulnerable Employment,40.89772858
Iraq,2017,Female,Employment to population ratio,7.862
Iraq,2017,Male,Employment to population ratio,66.035
Iraq,2017,Female,Labour Force Participation Rate,11.351
Iraq,2017,Male,Labour Force Participation Rate,73.525
Iraq,2017,Female,Vulnerable Employment,27.42021618
Iraq,2017,Male,Vulnerable Employment,27.34174318
Ireland,2017,Female,Employment to population ratio,52.155
Ireland,2017,Male,Employment to population ratio,63.701
Ireland,2017,Female,Labour Force Participation Rate,55.653
Ireland,2017,Male,Labour Force Participation Rate,68.544
Ireland,2017,Female,Part Time Employment,52.57
Ireland,2017,Male,Part Time Employment,25.22
Ireland,2017,Female,Vulnerable Employment,5.89108283
Ireland,2017,Male,Vulnerable Employment,15.5904614
Israel,2017,Female,Employment to population ratio,57.708
Israel,2017,Male,Employment to population ratio,68.022
Israel,2017,Female,Labour Force Participation Rate,60.264
Israel,2017,Male,Labour Force Participation Rate,70.894
Israel,2017,Female,Part Time Employment,44.98
Israel,2017,Male,Part Time Employment,22.67
Israel,2017,Female,Vulnerable Employment,7.08737192
Israel,2017,Male,Vulnerable Employment,9.137547528
Italy,2017,Female,Employment to population ratio,35.862
Italy,2017,Male,Employment to population ratio,53.226
Italy,2017,Female,Labour Force Participation Rate,40.932
Italy,2017,Male,Labour Force Participation Rate,59.363
Italy,2017,Female,Part Time Employment,50.86
Italy,2017,Male,Part Time Employment,23.04
Italy,2017,Female,Vulnerable Employment,13.73296193
Italy,2017,Male,Vulnerable Employment,19.64864078
Jamaica,2017,Female,Employment to population ratio,53.103
Jamaica,2017,Male,Employment to population ratio,69.155
Jamaica,2017,Female,Labour Force Participation Rate,58.819
Jamaica,2017,Male,Labour Force Participation Rate,73.167
Jamaica,2017,Female,Vulnerable Employment,30.65020492
Jamaica,2017,Male,Vulnerable Employment,40.16071013
Japan,2017,Female,Employment to population ratio,49.708
Japan,2017,Male,Employment to population ratio,68.402
Japan,2017,Female,Labour Force Participation Rate,51.059
Japan,2017,Male,Labour Force Participation Rate,70.485
Japan,2017,Female,Vulnerable Employment,7.879568212
Japan,2017,Male,Vulnerable Employment,8.671813223
Jordan,2017,Female,Employment to population ratio,12.045
Jordan,2017,Male,Employment to population ratio,51.722
Jordan,2017,Female,Labour Force Participation Rate,16.58
Jordan,2017,Male,Labour Force Participation Rate,61.487
Jordan,2017,Female,Vulnerable Employment,3.447942294
Jordan,2017,Male,Vulnerable Employment,10.31622463
Kazakhstan,2017,Female,Employment to population ratio,61.448
Kazakhstan,2017,Male,Employment to population ratio,72.91
Kazakhstan,2017,Female,Labour Force Participation Rate,64.97
Kazakhstan,2017,Male,Labour Force Participation Rate,76.259
Kazakhstan,2017,Female,Vulnerable Employment,24.16966434
Kazakhstan,2017,Male,Vulnerable Employment,26.07105372
Kenya,2017,Female,Employment to population ratio,68.898
Kenya,2017,Male,Employment to population ratio,74.375
Kenya,2017,Female,Labour Force Participation Rate,71.594
Kenya,2017,Male,Labour Force Participation Rate,76.964
Kenya,2017,Female,Vulnerable Employment,70.74825144
Kenya,2017,Male,Vulnerable Employment,53.29820087
"Korea, Dem. People's Rep.",2017,Female,Employment to population ratio,67.164
"Korea, Dem. People's Rep.",2017,Male,Employment to population ratio,77.426
"Korea, Dem. People's Rep.",2017,Female,Labour Force Participation Rate,69.279
"Korea, Dem. People's Rep.",2017,Male,Labour Force Participation Rate,79.584
"Korea, Dem. People's Rep.",2017,Female,Vulnerable Employment,88.79651413
"Korea, Dem. People's Rep.",2017,Male,Vulnerable Employment,74.82843585
"Korea, Rep.",2017,Female,Employment to population ratio,51.192
"Korea, Rep.",2017,Male,Employment to population ratio,71.203
"Korea, Rep.",2017,Female,Labour Force Participation Rate,53.036
"Korea, Rep.",2017,Male,Labour Force Participation Rate,73.996
"Korea, Rep.",2017,Female,Part Time Employment,25.73
"Korea, Rep.",2017,Male,Part Time Employment,11.97
"Korea, Rep.",2017,Female,Vulnerable Employment,19.19233329
"Korea, Rep.",2017,Male,Vulnerable Employment,19.27673579
Kosovo,2017,Female,Part Time Employment,20.9
Kosovo,2017,Male,Part Time Employment,11.9
Kuwait,2017,Female,Employment to population ratio,46.534
Kuwait,2017,Male,Employment to population ratio,86.593
Kuwait,2017,Female,Labour Force Participation Rate,49.444
Kuwait,2017,Male,Labour Force Participation Rate,87.432
Kuwait,2017,Female,Vulnerable Employment,0.037619602
Kuwait,2017,Male,Vulnerable Employment,1.517008512
Kyrgyz Republic,2017,Female,Employment to population ratio,49.214
Kyrgyz Republic,2017,Male,Employment to population ratio,73.613
Kyrgyz Republic,2017,Female,Labour Force Participation Rate,51.145
Kyrgyz Republic,2017,Male,Labour Force Participation Rate,76.216
Kyrgyz Republic,2017,Female,Part Time Employment,41.01
Kyrgyz Republic,2017,Male,Part Time Employment,21.73
Kyrgyz Republic,2017,Female,Vulnerable Employment,30.56106219
Kyrgyz Republic,2017,Male,Vulnerable Employment,37.15850318
Lao PDR,2017,Female,Employment to population ratio,54.471
Lao PDR,2017,Male,Employment to population ratio,61.155
Lao PDR,2017,Female,Labour Force Participation Rate,56.007
Lao PDR,2017,Male,Labour Force Participation Rate,63.525
Lao PDR,2017,Female,Vulnerable Employment,86.54907873
Lao PDR,2017,Male,Vulnerable Employment,74.42540249
Latvia,2017,Female,Employment to population ratio,50.913
Latvia,2017,Male,Employment to population ratio,61.157
Latvia,2017,Female,Labour Force Participation Rate,55.147
Latvia,2017,Male,Labour Force Participation Rate,67.769
Latvia,2017,Female,Part Time Employment,24.64
Latvia,2017,Male,Part Time Employment,11.71
Latvia,2017,Female,Vulnerable Employment,7.205576448
Latvia,2017,Male,Vulnerable Employment,8.581892113
Lebanon,2017,Female,Employment to population ratio,23.98
Lebanon,2017,Male,Employment to population ratio,63.449
Lebanon,2017,Female,Labour Force Participation Rate,27.694
Lebanon,2017,Male,Labour Force Participation Rate,69.566
Lebanon,2017,Female,Vulnerable Employment,12.11560249
Lebanon,2017,Male,Vulnerable Employment,24.79866601
Lesotho,2017,Female,Employment to population ratio,46.701
Lesotho,2017,Male,Employment to population ratio,62.035
Lesotho,2017,Female,Labour Force Participation Rate,57.368
Lesotho,2017,Male,Labour Force Participation Rate,72.71
Lesotho,2017,Female,Vulnerable Employment,31.25014822
Lesotho,2017,Male,Vulnerable Employment,35.52040885
Liberia,2017,Female,Employment to population ratio,70.355
Liberia,2017,Male,Employment to population ratio,78.807
Liberia,2017,Female,Labour Force Participation Rate,72.032
Liberia,2017,Male,Labour Force Participation Rate,81.867
Liberia,2017,Female,Vulnerable Employment,90.05611937
Liberia,2017,Male,Vulnerable Employment,65.48436415
Libya,2017,Female,Employment to population ratio,25.59
Libya,2017,Male,Employment to population ratio,51.365
Libya,2017,Female,Labour Force Participation Rate,34.047
Libya,2017,Male,Labour Force Participation Rate,60.958
Libya,2017,Female,Vulnerable Employment,8.872007309
Libya,2017,Male,Vulnerable Employment,15.21909168
Lithuania,2017,Female,Employment to population ratio,52.522
Lithuania,2017,Male,Employment to population ratio,60.859
Lithuania,2017,Female,Labour Force Participation Rate,55.674
Lithuania,2017,Male,Labour Force Participation Rate,66.492
Lithuania,2017,Female,Part Time Employment,29.48
Lithuania,2017,Male,Part Time Employment,17.88
Lithuania,2017,Female,Vulnerable Employment,7.875917983
Lithuania,2017,Male,Vulnerable Employment,11.28896659
Luxembourg,2017,Female,Employment to population ratio,51.956
Luxembourg,2017,Male,Employment to population ratio,60.115
Luxembourg,2017,Female,Labour Force Participation Rate,54.979
Luxembourg,2017,Male,Labour Force Participation Rate,63.64
Luxembourg,2017,Female,Part Time Employment,46.33
Luxembourg,2017,Male,Part Time Employment,20.27
Luxembourg,2017,Female,Vulnerable Employment,5.858878454
Luxembourg,2017,Male,Vulnerable Employment,5.923894595
"Macao SAR, China",2017,Female,Employment to population ratio,63.543
"Macao SAR, China",2017,Male,Employment to population ratio,73.108
"Macao SAR, China",2017,Female,Labour Force Participation Rate,64.57
"Macao SAR, China",2017,Male,Labour Force Participation Rate,74.894
"Macao SAR, China",2017,Female,Vulnerable Employment,2.010659688
"Macao SAR, China",2017,Male,Vulnerable Employment,4.358774539
Madagascar,2017,Female,Employment to population ratio,81.668
Madagascar,2017,Male,Employment to population ratio,86.909
Madagascar,2017,Female,Labour Force Participation Rate,83.149
Madagascar,2017,Male,Labour Force Participation Rate,88.455
Madagascar,2017,Female,Vulnerable Employment,89.57766469
Madagascar,2017,Male,Vulnerable Employment,81.10254735
Malawi,2017,Female,Employment to population ratio,59.654
Malawi,2017,Male,Employment to population ratio,69.242
Malawi,2017,Female,Labour Force Participation Rate,63.422
Malawi,2017,Male,Labour Force Participation Rate,72.253
Malawi,2017,Female,Vulnerable Employment,66.38941164
Malawi,2017,Male,Vulnerable Employment,56.03779828
Malaysia,2017,Female,Employment to population ratio,49.209
Malaysia,2017,Male,Employment to population ratio,75.209
Malaysia,2017,Female,Labour Force Participation Rate,51.165
Malaysia,2017,Male,Labour Force Participation Rate,77.656
Malaysia,2017,Female,Vulnerable Employment,25.06677317
Malaysia,2017,Male,Vulnerable Employment,20.02313305
Maldives,2017,Female,Employment to population ratio,39.635
Maldives,2017,Male,Employment to population ratio,68.986
Maldives,2017,Female,Labour Force Participation Rate,41.595
Maldives,2017,Male,Labour Force Participation Rate,73.098
Maldives,2017,Female,Vulnerable Employment,32.65178737
Maldives,2017,Male,Vulnerable Employment,14.56596632
Mali,2017,Female,Employment to population ratio,57.043
Mali,2017,Male,Employment to population ratio,79.011
Mali,2017,Female,Labour Force Participation Rate,57.87
Mali,2017,Male,Labour Force Participation Rate,80.249
Mali,2017,Female,Vulnerable Employment,88.43198155
Mali,2017,Male,Vulnerable Employment,74.5466459
Malta,2017,Female,Employment to population ratio,44.141
Malta,2017,Male,Employment to population ratio,66.316
Malta,2017,Female,Labour Force Participation Rate,46.103
Malta,2017,Male,Labour Force Participation Rate,68.961
Malta,2017,Female,Part Time Employment,49.21
Malta,2017,Male,Part Time Employment,28.51
Malta,2017,Female,Vulnerable Employment,6.400463221
Malta,2017,Male,Vulnerable Employment,13.40893358
Mauritania,2017,Female,Employment to population ratio,23.166
Mauritania,2017,Male,Employment to population ratio,51.853
Mauritania,2017,Female,Labour Force Participation Rate,26.189
Mauritania,2017,Male,Labour Force Participation Rate,57.448
Mauritania,2017,Female,Vulnerable Employment,74.96027385
Mauritania,2017,Male,Vulnerable Employment,57.01166096
Mauritius,2017,Female,Employment to population ratio,40.611
Mauritius,2017,Male,Employment to population ratio,70.186
Mauritius,2017,Female,Labour Force Participation Rate,45.157
Mauritius,2017,Male,Labour Force Participation Rate,73.611
Mauritius,2017,Female,Part Time Employment,41.08
Mauritius,2017,Male,Part Time Employment,29.44
Mauritius,2017,Female,Vulnerable Employment,13.02167829
Mauritius,2017,Male,Vulnerable Employment,18.212281
Mexico,2017,Female,Employment to population ratio,41.856
Mexico,2017,Male,Employment to population ratio,75.717
Mexico,2017,Female,Labour Force Participation Rate,43.42
Mexico,2017,Male,Labour Force Participation Rate,78.311
Mexico,2017,Female,Part Time Employment,35.81
Mexico,2017,Male,Part Time Employment,18.89
Mexico,2017,Female,Vulnerable Employment,29.43105878
Mexico,2017,Male,Vulnerable Employment,25.03606726
Moldova,2017,Female,Employment to population ratio,66.503
Moldova,2017,Male,Employment to population ratio,68.041
Moldova,2017,Female,Labour Force Participation Rate,67.403
Moldova,2017,Male,Labour Force Participation Rate,69.383
Moldova,2017,Female,Part Time Employment,21.06
Moldova,2017,Male,Part Time Employment,19.48
Moldova,2017,Female,Vulnerable Employment,60.85578916
Moldova,2017,Male,Vulnerable Employment,60.37405688
Mongolia,2017,Female,Employment to population ratio,50.823
Mongolia,2017,Male,Employment to population ratio,60.916
Mongolia,2017,Female,Labour Force Participation Rate,53.866
Mongolia,2017,Male,Labour Force Participation Rate,65.478
Mongolia,2017,Female,Vulnerable Employment,44.70898522
Mongolia,2017,Male,Vulnerable Employment,49.08336974
Montenegro,2017,Female,Employment to population ratio,39.499
Montenegro,2017,Male,Employment to population ratio,52.767
Montenegro,2017,Female,Labour Force Participation Rate,47.558
Montenegro,2017,Male,Labour Force Participation Rate,62.348
Montenegro,2017,Female,Part Time Employment,7.76
Montenegro,2017,Male,Part Time Employment,7.99
Montenegro,2017,Female,Vulnerable Employment,13.09475473
Montenegro,2017,Male,Vulnerable Employment,21.02624752
Morocco,2017,Female,Employment to population ratio,19.949
Morocco,2017,Male,Employment to population ratio,62.224
Morocco,2017,Female,Labour Force Participation Rate,22.425
Morocco,2017,Male,Labour Force Participation Rate,68.561
Morocco,2017,Female,Vulnerable Employment,59.02229813
Morocco,2017,Male,Vulnerable Employment,44.64613779
Mozambique,2017,Female,Employment to population ratio,75.207
Mozambique,2017,Male,Employment to population ratio,77.098
Mozambique,2017,Female,Labour Force Participation Rate,78.213
Mozambique,2017,Male,Labour Force Participation Rate,79.743
Mozambique,2017,Female,Vulnerable Employment,92.73248686
Mozambique,2017,Male,Vulnerable Employment,73.36907583
Myanmar,2017,Female,Employment to population ratio,46.805
Myanmar,2017,Male,Employment to population ratio,75.936
Myanmar,2017,Female,Labour Force Participation Rate,47.67
Myanmar,2017,Male,Labour Force Participation Rate,76.757
Myanmar,2017,Female,Vulnerable Employment,66.2157174
Myanmar,2017,Male,Vulnerable Employment,60.35630194
Namibia,2017,Female,Employment to population ratio,43.279
Namibia,2017,Male,Employment to population ratio,50.416
Namibia,2017,Female,Labour Force Participation Rate,55.468
Namibia,2017,Male,Labour Force Participation Rate,64.306
Namibia,2017,Female,Vulnerable Employment,35.21828903
Namibia,2017,Male,Vulnerable Employment,21.46830704
Nepal,2017,Female,Employment to population ratio,24.281
Nepal,2017,Male,Employment to population ratio,49.021
Nepal,2017,Female,Labour Force Participation Rate,27.611
Nepal,2017,Male,Labour Force Participation Rate,54.361
Nepal,2017,Female,Vulnerable Employment,92.53146552
Nepal,2017,Male,Vulnerable Employment,70.53494609
Netherlands,2017,Female,Employment to population ratio,55.706
Netherlands,2017,Male,Employment to population ratio,66.261
Netherlands,2017,Female,Labour Force Participation Rate,58.797
Netherlands,2017,Male,Labour Force Participation Rate,69.366
Netherlands,2017,Female,Part Time Employment,75.49
Netherlands,2017,Male,Part Time Employment,40.03
Netherlands,2017,Female,Vulnerable Employment,10.97136092
Netherlands,2017,Male,Vulnerable Employment,14.28044553
New Caledonia,2017,Female,Employment to population ratio,47.98
New Caledonia,2017,Male,Employment to population ratio,58.417
New Caledonia,2017,Female,Labour Force Participation Rate,55.449
New Caledonia,2017,Male,Labour Force Participation Rate,65.007
New Caledonia,2017,Female,Vulnerable Employment,9.732202421
New Caledonia,2017,Male,Vulnerable Employment,15.99139363
New Zealand,2017,Female,Employment to population ratio,62.131
New Zealand,2017,Male,Employment to population ratio,73.27
New Zealand,2017,Female,Labour Force Participation Rate,65.566
New Zealand,2017,Male,Labour Force Participation Rate,76.554
New Zealand,2017,Female,Part Time Employment,54.42
New Zealand,2017,Male,Part Time Employment,29.65
New Zealand,2017,Female,Vulnerable Employment,14.22806195
New Zealand,2017,Male,Vulnerable Employment,20.11632567
Nicaragua,2017,Female,Employment to population ratio,47.384
Nicaragua,2017,Male,Employment to population ratio,79.958
Nicaragua,2017,Female,Labour Force Participation Rate,49.097
Nicaragua,2017,Male,Labour Force Participation Rate,82.586
Nicaragua,2017,Female,Vulnerable Employment,45.98193084
Nicaragua,2017,Male,Vulnerable Employment,34.09669255
Niger,2017,Female,Employment to population ratio,61.816
Niger,2017,Male,Employment to population ratio,84.141
Niger,2017,Female,Labour Force Participation Rate,62.101
Niger,2017,Male,Labour Force Participation Rate,84.695
Niger,2017,Female,Vulnerable Employment,97.36166179
Niger,2017,Male,Vulnerable Employment,91.11950007
Nigeria,2017,Female,Employment to population ratio,51.04
Nigeria,2017,Male,Employment to population ratio,61.486
Nigeria,2017,Female,Labour Force Participation Rate,53.466
Nigeria,2017,Male,Labour Force Participation Rate,64.837
Nigeria,2017,Female,Vulnerable Employment,86.28625804
Nigeria,2017,Male,Vulnerable Employment,81.60678138
North Macedonia,2017,Female,Employment to population ratio,33.178
North Macedonia,2017,Male,Employment to population ratio,52.218
North Macedonia,2017,Female,Labour Force Participation Rate,42.76
North Macedonia,2017,Male,Labour Force Participation Rate,67.876
North Macedonia,2017,Female,Part Time Employment,11.72
North Macedonia,2017,Male,Part Time Employment,8.44
North Macedonia,2017,Female,Vulnerable Employment,15.70933105
North Macedonia,2017,Male,Vulnerable Employment,20.92796393
Norway,2017,Female,Employment to population ratio,58.131
Norway,2017,Male,Employment to population ratio,63.822
Norway,2017,Female,Labour Force Participation Rate,60.359
Norway,2017,Male,Labour Force Participation Rate,66.886
Norway,2017,Female,Part Time Employment,57.16
Norway,2017,Male,Part Time Employment,39.14
Norway,2017,Female,Vulnerable Employment,3.573185311
Norway,2017,Male,Vulnerable Employment,6.378520878
Oman,2017,Female,Employment to population ratio,27.396
Oman,2017,Male,Employment to population ratio,87.063
Oman,2017,Female,Labour Force Participation Rate,30.593
Oman,2017,Male,Labour Force Participation Rate,88.216
Oman,2017,Female,Vulnerable Employment,5.103986953
Oman,2017,Male,Vulnerable Employment,2.852281407
Pakistan,2017,Female,Employment to population ratio,21.652
Pakistan,2017,Male,Employment to population ratio,77.147
Pakistan,2017,Female,Labour Force Participation Rate,22.47
Pakistan,2017,Male,Labour Force Participation Rate,79.585
Pakistan,2017,Female,Vulnerable Employment,62.97418696
Pakistan,2017,Male,Vulnerable Employment,45.71822573
Panama,2017,Female,Employment to population ratio,46.995
Panama,2017,Male,Employment to population ratio,73.399
Panama,2017,Female,Labour Force Participation Rate,50.494
Panama,2017,Male,Labour Force Participation Rate,76.751
Panama,2017,Female,Part Time Employment,31.37
Panama,2017,Male,Part Time Employment,24.49
Panama,2017,Female,Vulnerable Employment,32.27054874
Panama,2017,Male,Vulnerable Employment,33.77743425
Papua New Guinea,2017,Female,Employment to population ratio,46.006
Papua New Guinea,2017,Male,Employment to population ratio,46.466
Papua New Guinea,2017,Female,Labour Force Participation Rate,46.679
Papua New Guinea,2017,Male,Labour Force Participation Rate,48.252
Papua New Guinea,2017,Female,Vulnerable Employment,84.46276957
Papua New Guinea,2017,Male,Vulnerable Employment,69.39479628
Paraguay,2017,Female,Employment to population ratio,52.403
Paraguay,2017,Male,Employment to population ratio,79.435
Paraguay,2017,Female,Labour Force Participation Rate,56.833
Paraguay,2017,Male,Labour Force Participation Rate,83.625
Paraguay,2017,Female,Part Time Employment,43.66
Paraguay,2017,Male,Part Time Employment,28.29
Paraguay,2017,Female,Vulnerable Employment,41.60564223
Paraguay,2017,Male,Vulnerable Employment,36.25263592
Peru,2017,Female,Employment to population ratio,66.74
Peru,2017,Male,Employment to population ratio,81.851
Peru,2017,Female,Labour Force Participation Rate,69.453
Peru,2017,Male,Labour Force Participation Rate,84.826
Peru,2017,Female,Part Time Employment,49.26
Peru,2017,Male,Part Time Employment,32.45
Peru,2017,Female,Vulnerable Employment,55.7321955
Peru,2017,Male,Vulnerable Employment,43.30268907
Philippines,2017,Female,Employment to population ratio,43.678
Philippines,2017,Male,Employment to population ratio,71.468
Philippines,2017,Female,Labour Force Participation Rate,44.889
Philippines,2017,Male,Labour Force Participation Rate,73.27
Philippines,2017,Female,Part Time Employment,30.92
Philippines,2017,Male,Part Time Employment,29.41
Philippines,2017,Female,Vulnerable Employment,38.83493173
Philippines,2017,Male,Vulnerable Employment,31.24721017
Poland,2017,Female,Employment to population ratio,46.781
Poland,2017,Male,Employment to population ratio,62.628
Poland,2017,Female,Labour Force Participation Rate,49.197
Poland,2017,Male,Labour Force Participation Rate,65.835
Poland,2017,Female,Part Time Employment,29.96
Poland,2017,Male,Part Time Employment,16.95
Poland,2017,Female,Vulnerable Employment,13.72934542
Poland,2017,Male,Vulnerable Employment,18.60606443
Portugal,2017,Female,Employment to population ratio,49.005
Portugal,2017,Male,Employment to population ratio,59.083
Portugal,2017,Female,Labour Force Participation Rate,54.06
Portugal,2017,Male,Labour Force Participation Rate,64.508
Portugal,2017,Female,Part Time Employment,33.9
Portugal,2017,Male,Part Time Employment,25.73
Portugal,2017,Female,Vulnerable Employment,9.822736422
Portugal,2017,Male,Vulnerable Employment,14.82962585
Puerto Rico,2017,Female,Employment to population ratio,28.655
Puerto Rico,2017,Male,Employment to population ratio,43.63
Puerto Rico,2017,Female,Labour Force Participation Rate,31.371
Puerto Rico,2017,Male,Labour Force Participation Rate,49.765
Puerto Rico,2017,Female,Vulnerable Employment,8.675550595
Puerto Rico,2017,Male,Vulnerable Employment,16.03294681
Qatar,2017,Female,Employment to population ratio,57.231
Qatar,2017,Male,Employment to population ratio,95.489
Qatar,2017,Female,Labour Force Participation Rate,57.592
Qatar,2017,Male,Labour Force Participation Rate,95.547
Qatar,2017,Female,Vulnerable Employment,0.051398497
Qatar,2017,Male,Vulnerable Employment,0.152085332
Romania,2017,Female,Employment to population ratio,44.092
Romania,2017,Male,Employment to population ratio,61.077
Romania,2017,Female,Labour Force Participation Rate,45.952
Romania,2017,Male,Labour Force Participation Rate,64.708
Romania,2017,Female,Part Time Employment,16.71
Romania,2017,Male,Part Time Employment,11.47
Romania,2017,Female,Vulnerable Employment,23.79592786
Romania,2017,Male,Vulnerable Employment,25.77710173
Russian Federation,2017,Female,Employment to population ratio,52.575
Russian Federation,2017,Male,Employment to population ratio,67.413
Russian Federation,2017,Female,Labour Force Participation Rate,55.371
Russian Federation,2017,Male,Labour Force Participation Rate,71.231
Russian Federation,2017,Female,Part Time Employment,10.96
Russian Federation,2017,Male,Part Time Employment,5.68
Russian Federation,2017,Female,Vulnerable Employment,5.161024135
Russian Federation,2017,Male,Vulnerable Employment,6.363784678
Rwanda,2017,Female,Employment to population ratio,47.785
Rwanda,2017,Male,Employment to population ratio,59.313
Rwanda,2017,Female,Labour Force Participation Rate,54.705
Rwanda,2017,Male,Labour Force Participation Rate,66.784
Rwanda,2017,Female,Vulnerable Employment,81.28459981
Rwanda,2017,Male,Vulnerable Employment,53.5103615
Samoa,2017,Female,Employment to population ratio,35.077
Samoa,2017,Male,Employment to population ratio,62.398
Samoa,2017,Female,Labour Force Participation Rate,41.044
Samoa,2017,Male,Labour Force Participation Rate,66.609
Samoa,2017,Female,Vulnerable Employment,30.27746447
Samoa,2017,Male,Vulnerable Employment,30.68487074
Sao Tome and Principe,2017,Female,Employment to population ratio,29.372
Sao Tome and Principe,2017,Male,Employment to population ratio,64.104
Sao Tome and Principe,2017,Female,Labour Force Participation Rate,37.437
Sao Tome and Principe,2017,Male,Labour Force Participation Rate,71.022
Sao Tome and Principe,2017,Female,Vulnerable Employment,69.33901441
Sao Tome and Principe,2017,Male,Vulnerable Employment,49.27314659
Saudi Arabia,2017,Female,Employment to population ratio,15.754
Saudi Arabia,2017,Male,Employment to population ratio,76.197
Saudi Arabia,2017,Female,Labour Force Participation Rate,20.098
Saudi Arabia,2017,Male,Labour Force Participation Rate,78.771
Saudi Arabia,2017,Female,Vulnerable Employment,1.01557614
Saudi Arabia,2017,Male,Vulnerable Employment,1.809584356
Senegal,2017,Female,Employment to population ratio,34.389
Senegal,2017,Male,Employment to population ratio,54.682
Senegal,2017,Female,Labour Force Participation Rate,35.681
Senegal,2017,Male,Labour Force Participation Rate,57.193
Senegal,2017,Female,Vulnerable Employment,80.23079337
Senegal,2017,Male,Vulnerable Employment,60.10723929
Serbia,2017,Female,Employment to population ratio,39.575
Serbia,2017,Male,Employment to population ratio,54.756
Serbia,2017,Female,Labour Force Participation Rate,46.161
Serbia,2017,Male,Labour Force Participation Rate,62.82
Serbia,2017,Female,Part Time Employment,25.49
Serbia,2017,Male,Part Time Employment,20.45
Serbia,2017,Female,Vulnerable Employment,22.89995303
Serbia,2017,Male,Vulnerable Employment,29.03138614
Seychelles,2017,Female,Part Time Employment,22.67
Seychelles,2017,Male,Part Time Employment,17.74
Sierra Leone,2017,Female,Employment to population ratio,51.143
Sierra Leone,2017,Male,Employment to population ratio,53.896
Sierra Leone,2017,Female,Labour Force Participation Rate,52.628
Sierra Leone,2017,Male,Labour Force Participation Rate,56.741
Sierra Leone,2017,Female,Vulnerable Employment,91.21800844
Sierra Leone,2017,Male,Vulnerable Employment,82.38682077
Singapore,2017,Female,Employment to population ratio,58.97
Singapore,2017,Male,Employment to population ratio,75.464
Singapore,2017,Female,Labour Force Participation Rate,61.708
Singapore,2017,Male,Labour Force Participation Rate,78.635
Singapore,2017,Female,Vulnerable Employment,5.885910355
Singapore,2017,Male,Vulnerable Employment,10.71877724
Slovak Republic,2017,Female,Employment to population ratio,48.27
Slovak Republic,2017,Male,Employment to population ratio,62.377
Slovak Republic,2017,Female,Labour Force Participation Rate,52.7
Slovak Republic,2017,Male,Labour Force Participation Rate,67.74
Slovak Republic,2017,Female,Part Time Employment,31.18
Slovak Republic,2017,Male,Part Time Employment,22.11
Slovak Republic,2017,Female,Vulnerable Employment,8.493953401
Slovak Republic,2017,Male,Vulnerable Employment,15.06800857
Slovenia,2017,Female,Employment to population ratio,49.762
Slovenia,2017,Male,Employment to population ratio,59.501
Slovenia,2017,Female,Labour Force Participation Rate,53.786
Slovenia,2017,Male,Labour Force Participation Rate,63.152
Slovenia,2017,Female,Part Time Employment,37.96
Slovenia,2017,Male,Part Time Employment,27.16
Slovenia,2017,Female,Vulnerable Employment,9.961541901
Slovenia,2017,Male,Vulnerable Employment,14.18360556
Solomon Islands,2017,Female,Employment to population ratio,81.622
Solomon Islands,2017,Male,Employment to population ratio,85.015
Solomon Islands,2017,Female,Labour Force Participation Rate,82.232
Solomon Islands,2017,Male,Labour Force Participation Rate,85.609
Solomon Islands,2017,Female,Vulnerable Employment,77.07637347
Solomon Islands,2017,Male,Vulnerable Employment,56.722684
Somalia,2017,Female,Employment to population ratio,15.952
Somalia,2017,Male,Employment to population ratio,39.921
Somalia,2017,Female,Labour Force Participation Rate,20.987
Somalia,2017,Male,Labour Force Participation Rate,47.543
Somalia,2017,Female,Vulnerable Employment,61.09830636
Somalia,2017,Male,Vulnerable Employment,40.45631785
South Africa,2017,Female,Employment to population ratio,38.86
South Africa,2017,Male,Employment to population ratio,51.102
South Africa,2017,Female,Labour Force Participation Rate,52.293
South Africa,2017,Male,Labour Force Participation Rate,65.94
South Africa,2017,Female,Part Time Employment,18.48
South Africa,2017,Male,Part Time Employment,10.92
South Africa,2017,Female,Vulnerable Employment,21.40843964
South Africa,2017,Male,Vulnerable Employment,18.71120401
South Sudan,2017,Female,Employment to population ratio,59.841
South Sudan,2017,Male,Employment to population ratio,62.616
South Sudan,2017,Female,Labour Force Participation Rate,69.962
South Sudan,2017,Male,Labour Force Participation Rate,71.393
South Sudan,2017,Female,Vulnerable Employment,96.06677506
South Sudan,2017,Male,Vulnerable Employment,83.02255899
Spain,2017,Female,Employment to population ratio,42.252
Spain,2017,Male,Employment to population ratio,53.798
Spain,2017,Female,Labour Force Participation Rate,52.18
Spain,2017,Male,Labour Force Participation Rate,63.785
Spain,2017,Female,Part Time Employment,41.04
Spain,2017,Male,Part Time Employment,22.32
Spain,2017,Female,Vulnerable Employment,8.858819917
Spain,2017,Male,Vulnerable Employment,13.68572654
Sri Lanka,2017,Female,Employment to population ratio,33.871
Sri Lanka,2017,Male,Employment to population ratio,71.623
Sri Lanka,2017,Female,Labour Force Participation Rate,36.154
Sri Lanka,2017,Male,Labour Force Participation Rate,73.703
Sri Lanka,2017,Female,Part Time Employment,32.29
Sri Lanka,2017,Male,Part Time Employment,19.33
Sri Lanka,2017,Female,Vulnerable Employment,42.25319375
Sri Lanka,2017,Male,Vulnerable Employment,37.9676992
St. Lucia,2017,Female,Employment to population ratio,51.079
St. Lucia,2017,Male,Employment to population ratio,62.963
St. Lucia,2017,Female,Labour Force Participation Rate,64.577
St. Lucia,2017,Male,Labour Force Participation Rate,75.985
St. Lucia,2017,Female,Vulnerable Employment,19.15009238
St. Lucia,2017,Male,Vulnerable Employment,26.76323699
St. Vincent and the Grenadines,2017,Female,Employment to population ratio,45.095
St. Vincent and the Grenadines,2017,Male,Employment to population ratio,59.828
St. Vincent and the Grenadines,2017,Female,Labour Force Participation Rate,54.207
St. Vincent and the Grenadines,2017,Male,Labour Force Participation Rate,75.169
St. Vincent and the Grenadines,2017,Female,Vulnerable Employment,16.89177829
St. Vincent and the Grenadines,2017,Male,Vulnerable Employment,23.03650221
Sudan,2017,Female,Employment to population ratio,20.227
Sudan,2017,Male,Employment to population ratio,60.713
Sudan,2017,Female,Labour Force Participation Rate,28.705
Sudan,2017,Male,Labour Force Participation Rate,68.893
Sudan,2017,Female,Vulnerable Employment,68.73156925
Sudan,2017,Male,Vulnerable Employment,54.68193038
Suriname,2017,Female,Employment to population ratio,40.29
Suriname,2017,Male,Employment to population ratio,63.297
Suriname,2017,Female,Labour Force Participation Rate,45.324
Suriname,2017,Male,Labour Force Participation Rate,67.106
Suriname,2017,Female,Vulnerable Employment,18.39842933
Suriname,2017,Male,Vulnerable Employment,20.40929618
Sweden,2017,Female,Employment to population ratio,57.85
Sweden,2017,Male,Employment to population ratio,63.914
Sweden,2017,Female,Labour Force Participation Rate,61.833
Sweden,2017,Male,Labour Force Participation Rate,68.704
Sweden,2017,Female,Part Time Employment,54.86
Sweden,2017,Male,Part Time Employment,39.55
Sweden,2017,Female,Vulnerable Employment,4.26762173
Sweden,2017,Male,Vulnerable Employment,8.018732836
Switzerland,2017,Female,Employment to population ratio,59.429
Switzerland,2017,Male,Employment to population ratio,71.052
Switzerland,2017,Female,Labour Force Participation Rate,62.599
Switzerland,2017,Male,Labour Force Participation Rate,74.456
Switzerland,2017,Female,Part Time Employment,50.87
Switzerland,2017,Male,Part Time Employment,22.72
Switzerland,2017,Female,Vulnerable Employment,10.14002853
Switzerland,2017,Male,Vulnerable Employment,10.04884399
Syrian Arab Republic,2017,Female,Employment to population ratio,10.268
Syrian Arab Republic,2017,Male,Employment to population ratio,56.148
Syrian Arab Republic,2017,Female,Labour Force Participation Rate,13.732
Syrian Arab Republic,2017,Male,Labour Force Participation Rate,63.169
Syrian Arab Republic,2017,Female,Vulnerable Employment,10.91677055
Syrian Arab Republic,2017,Male,Vulnerable Employment,40.68410201
Tajikistan,2017,Female,Employment to population ratio,30.31
Tajikistan,2017,Male,Employment to population ratio,47.992
Tajikistan,2017,Female,Labour Force Participation Rate,32.053
Tajikistan,2017,Male,Labour Force Participation Rate,52.057
Tajikistan,2017,Female,Vulnerable Employment,29.0786458
Tajikistan,2017,Male,Vulnerable Employment,23.68064832
Tanzania,2017,Female,Employment to population ratio,76.137
Tanzania,2017,Male,Employment to population ratio,85.574
Tanzania,2017,Female,Labour Force Participation Rate,78.464
Tanzania,2017,Male,Labour Force Participation Rate,86.932
Tanzania,2017,Female,Vulnerable Employment,89.37954565
Tanzania,2017,Male,Vulnerable Employment,78.88145478
Thailand,2017,Female,Employment to population ratio,58.897
Thailand,2017,Male,Employment to population ratio,75.563
Thailand,2017,Female,Labour Force Participation Rate,59.397
Thailand,2017,Male,Labour Force Participation Rate,76.189
Thailand,2017,Female,Part Time Employment,17.96
Thailand,2017,Male,Part Time Employment,17.82
Thailand,2017,Female,Vulnerable Employment,50.0723828
Thailand,2017,Male,Vulnerable Employment,47.14310054
Timor-Leste,2017,Female,Employment to population ratio,58.294
Timor-Leste,2017,Male,Employment to population ratio,70.617
Timor-Leste,2017,Female,Labour Force Participation Rate,61.746
Timor-Leste,2017,Male,Labour Force Participation Rate,72.824
Timor-Leste,2017,Female,Vulnerable Employment,80.61969527
Timor-Leste,2017,Male,Vulnerable Employment,58.53312583
Togo,2017,Female,Employment to population ratio,54.194
Togo,2017,Male,Employment to population ratio,57.598
Togo,2017,Female,Labour Force Participation Rate,55.735
Togo,2017,Male,Labour Force Participation Rate,60.399
Togo,2017,Female,Vulnerable Employment,81.4933843
Togo,2017,Male,Vulnerable Employment,63.57481198
Tonga,2017,Female,Employment to population ratio,41.332
Tonga,2017,Male,Employment to population ratio,65.068
Tonga,2017,Female,Labour Force Participation Rate,42.609
Tonga,2017,Male,Labour Force Participation Rate,66.091
Tonga,2017,Female,Vulnerable Employment,36.82664055
Tonga,2017,Male,Vulnerable Employment,39.15662651
Trinidad and Tobago,2017,Female,Employment to population ratio,47.453
Trinidad and Tobago,2017,Male,Employment to population ratio,65.998
Trinidad and Tobago,2017,Female,Labour Force Participation Rate,49.188
Trinidad and Tobago,2017,Male,Labour Force Participation Rate,68.238
Trinidad and Tobago,2017,Female,Vulnerable Employment,12.86070563
Trinidad and Tobago,2017,Male,Vulnerable Employment,23.34571005
Tunisia,2017,Female,Employment to population ratio,20.525
Tunisia,2017,Male,Employment to population ratio,59.889
Tunisia,2017,Female,Labour Force Participation Rate,26.521
Tunisia,2017,Male,Labour Force Participation Rate,68.35
Tunisia,2017,Female,Vulnerable Employment,12.96299672
Tunisia,2017,Male,Vulnerable Employment,23.23871734
Turkiye,2017,Female,Employment to population ratio,28.804
Turkiye,2017,Male,Employment to population ratio,65.491
Turkiye,2017,Female,Labour Force Participation Rate,33.456
Turkiye,2017,Male,Labour Force Participation Rate,72.27
Turkiye,2017,Female,Part Time Employment,32.4
Turkiye,2017,Male,Part Time Employment,16.32
Turkiye,2017,Female,Vulnerable Employment,34.3070436
Turkiye,2017,Male,Vulnerable Employment,24.73433998
Turkmenistan,2017,Female,Employment to population ratio,47.936
Turkmenistan,2017,Male,Employment to population ratio,44.024
Turkmenistan,2017,Female,Labour Force Participation Rate,49.161
Turkmenistan,2017,Male,Labour Force Participation Rate,46.708
Turkmenistan,2017,Female,Vulnerable Employment,30.2094729
Turkmenistan,2017,Male,Vulnerable Employment,27.87311199
Uganda,2017,Female,Employment to population ratio,64.516
Uganda,2017,Male,Employment to population ratio,71.04
Uganda,2017,Female,Labour Force Participation Rate,67.305
Uganda,2017,Male,Labour Force Participation Rate,73.353
Uganda,2017,Female,Vulnerable Employment,83.81494133
Uganda,2017,Male,Vulnerable Employment,67.53244497
Ukraine,2017,Female,Employment to population ratio,45.973
Ukraine,2017,Male,Employment to population ratio,56.957
Ukraine,2017,Female,Labour Force Participation Rate,49.827
Ukraine,2017,Male,Labour Force Participation Rate,64.105
Ukraine,2017,Female,Part Time Employment,19.59
Ukraine,2017,Male,Part Time Employment,11.26
Ukraine,2017,Female,Vulnerable Employment,13.26883958
Ukraine,2017,Male,Vulnerable Employment,16.94328891
United Arab Emirates,2017,Female,Employment to population ratio,48.774
United Arab Emirates,2017,Male,Employment to population ratio,90.465
United Arab Emirates,2017,Female,Labour Force Participation Rate,52.774
United Arab Emirates,2017,Male,Labour Force Participation Rate,91.76
United Arab Emirates,2017,Female,Vulnerable Employment,0.59764463
United Arab Emirates,2017,Male,Vulnerable Employment,0.457499807
United Kingdom,2017,Female,Employment to population ratio,55.356
United Kingdom,2017,Male,Employment to population ratio,65.232
United Kingdom,2017,Female,Labour Force Participation Rate,57.794
United Kingdom,2017,Male,Labour Force Participation Rate,68.255
United Kingdom,2017,Female,Part Time Employment,57.11
United Kingdom,2017,Male,Part Time Employment,27.66
United Kingdom,2017,Female,Vulnerable Employment,9.605497234
United Kingdom,2017,Male,Vulnerable Employment,16.10826677
United States,2017,Female,Employment to population ratio,53.975
United States,2017,Male,Employment to population ratio,65.406
United States,2017,Female,Labour Force Participation Rate,56.406
United States,2017,Male,Labour Force Participation Rate,68.418
United States,2017,Female,Part Time Employment,34.8
United States,2017,Male,Part Time Employment,21.15
United States,2017,Female,Vulnerable Employment,2.881627852
United States,2017,Male,Vulnerable Employment,5.522949691
Uruguay,2017,Female,Employment to population ratio,50.773
Uruguay,2017,Male,Employment to population ratio,68.162
Uruguay,2017,Female,Labour Force Participation Rate,56.082
Uruguay,2017,Male,Labour Force Participation Rate,72.945
Uruguay,2017,Female,Vulnerable Employment,21.89603422
Uruguay,2017,Male,Vulnerable Employment,25.96500918
Uzbekistan,2017,Female,Employment to population ratio,38.213
Uzbekistan,2017,Male,Employment to population ratio,69.166
Uzbekistan,2017,Female,Labour Force Participation Rate,40.464
Uzbekistan,2017,Male,Labour Force Participation Rate,73.565
Uzbekistan,2017,Female,Vulnerable Employment,23.82181573
Uzbekistan,2017,Male,Vulnerable Employment,42.0759137
Vanuatu,2017,Female,Employment to population ratio,56.416
Vanuatu,2017,Male,Employment to population ratio,74.982
Vanuatu,2017,Female,Labour Force Participation Rate,60.377
Vanuatu,2017,Male,Labour Force Participation Rate,78.331
Vanuatu,2017,Female,Vulnerable Employment,66.24500532
Vanuatu,2017,Male,Vulnerable Employment,57.37722629
"Venezuela, RB",2017,Female,Employment to population ratio,43.625
"Venezuela, RB",2017,Male,Employment to population ratio,71.788
"Venezuela, RB",2017,Female,Labour Force Participation Rate,46.346
"Venezuela, RB",2017,Male,Labour Force Participation Rate,75.189
"Venezuela, RB",2017,Female,Vulnerable Employment,29.42688332
"Venezuela, RB",2017,Male,Vulnerable Employment,34.91648433
Viet Nam,2017,Female,Employment to population ratio,70.253
Viet Nam,2017,Male,Employment to population ratio,79.446
Viet Nam,2017,Female,Labour Force Participation Rate,71.468
Viet Nam,2017,Male,Labour Force Participation Rate,81.092
Viet Nam,2017,Female,Part Time Employment,34.11
Viet Nam,2017,Male,Part Time Employment,26.44
Viet Nam,2017,Female,Vulnerable Employment,60.89982409
Viet Nam,2017,Male,Vulnerable Employment,49.34318801
Virgin Islands (U.S.),2017,Female,Employment to population ratio,42.605
Virgin Islands (U.S.),2017,Male,Employment to population ratio,62.896
Virgin Islands (U.S.),2017,Female,Labour Force Participation Rate,49
Virgin Islands (U.S.),2017,Male,Labour Force Participation Rate,70.807
Virgin Islands (U.S.),2017,Female,Vulnerable Employment,4.854731895
Virgin Islands (U.S.),2017,Male,Vulnerable Employment,8.241323278
West Bank and Gaza,2017,Female,Employment to population ratio,10.138
West Bank and Gaza,2017,Male,Employment to population ratio,55.985
West Bank and Gaza,2017,Female,Labour Force Participation Rate,17.638
West Bank and Gaza,2017,Male,Labour Force Participation Rate,71.205
West Bank and Gaza,2017,Female,Part Time Employment,46.79
West Bank and Gaza,2017,Male,Part Time Employment,23.86
West Bank and Gaza,2017,Female,Vulnerable Employment,24.32988268
West Bank and Gaza,2017,Male,Vulnerable Employment,23.42460859
"Yemen, Rep.",2017,Female,Employment to population ratio,3.556
"Yemen, Rep.",2017,Male,Employment to population ratio,48.719
"Yemen, Rep.",2017,Female,Labour Force Participation Rate,5.123
"Yemen, Rep.",2017,Male,Labour Force Participation Rate,59.028
"Yemen, Rep.",2017,Female,Vulnerable Employment,65.62721587
"Yemen, Rep.",2017,Male,Vulnerable Employment,45.62615836
Zambia,2017,Female,Employment to population ratio,47.413
Zambia,2017,Male,Employment to population ratio,60.212
Zambia,2017,Female,Labour Force Participation Rate,52.062
Zambia,2017,Male,Labour Force Participation Rate,65.576
Zambia,2017,Female,Vulnerable Employment,85.00475329
Zambia,2017,Male,Vulnerable Employment,64.47077215
Zimbabwe,2017,Female,Employment to population ratio,56.832
Zimbabwe,2017,Male,Employment to population ratio,67.733
Zimbabwe,2017,Female,Labour Force Participation Rate,60.646
Zimbabwe,2017,Male,Labour Force Participation Rate,72.373
Zimbabwe,2017,Female,Vulnerable Employment,79.18762229
Zimbabwe,2017,Male,Vulnerable Employment,62.58620934
Afghanistan,2018,Female,Employment to population ratio,16.919
Afghanistan,2018,Male,Employment to population ratio,64.045
Afghanistan,2018,Female,Labour Force Participation Rate,19.836
Afghanistan,2018,Male,Labour Force Participation Rate,71.269
Afghanistan,2018,Female,Vulnerable Employment,92.14629374
Afghanistan,2018,Male,Vulnerable Employment,81.22317866
Albania,2018,Female,Employment to population ratio,45.194
Albania,2018,Male,Employment to population ratio,58.867
Albania,2018,Female,Labour Force Participation Rate,51.284
Albania,2018,Male,Labour Force Participation Rate,67.373
Albania,2018,Female,Part Time Employment,26.61
Albania,2018,Male,Part Time Employment,18.05
Albania,2018,Female,Vulnerable Employment,51.66071102
Albania,2018,Male,Vulnerable Employment,52.59297478
Algeria,2018,Female,Employment to population ratio,13.079
Algeria,2018,Male,Employment to population ratio,59.508
Algeria,2018,Female,Labour Force Participation Rate,16.56
Algeria,2018,Male,Labour Force Participation Rate,66.12
Algeria,2018,Female,Vulnerable Employment,23.69008685
Algeria,2018,Male,Vulnerable Employment,27.00091162
Angola,2018,Female,Employment to population ratio,60.83
Angola,2018,Male,Employment to population ratio,64.861
Angola,2018,Female,Labour Force Participation Rate,73.224
Angola,2018,Male,Labour Force Participation Rate,77.518
Angola,2018,Female,Vulnerable Employment,70.46094505
Angola,2018,Male,Vulnerable Employment,49.1700632
Argentina,2018,Female,Employment to population ratio,43.972
Argentina,2018,Male,Employment to population ratio,64.691
Argentina,2018,Female,Labour Force Participation Rate,49.165
Argentina,2018,Male,Labour Force Participation Rate,70.501
Argentina,2018,Female,Vulnerable Employment,19.92849972
Argentina,2018,Male,Vulnerable Employment,22.81691117
Armenia,2018,Female,Employment to population ratio,49.355
Armenia,2018,Male,Employment to population ratio,59.11
Armenia,2018,Female,Labour Force Participation Rate,55.765
Armenia,2018,Male,Labour Force Participation Rate,69.543
Armenia,2018,Female,Part Time Employment,23.96
Armenia,2018,Male,Part Time Employment,15.86
Armenia,2018,Female,Vulnerable Employment,66.30021905
Armenia,2018,Male,Vulnerable Employment,58.82921959
Australia,2018,Female,Employment to population ratio,57.286
Australia,2018,Male,Employment to population ratio,67.196
Australia,2018,Female,Labour Force Participation Rate,60.505
Australia,2018,Male,Labour Force Participation Rate,70.943
Australia,2018,Female,Part Time Employment,59.33
Australia,2018,Male,Part Time Employment,35.16
Australia,2018,Female,Vulnerable Employment,6.76644577
Australia,2018,Male,Vulnerable Employment,9.636970448
Austria,2018,Female,Employment to population ratio,53.409
Austria,2018,Male,Employment to population ratio,63.425
Austria,2018,Female,Labour Force Participation Rate,56.059
Austria,2018,Male,Labour Force Participation Rate,66.839
Austria,2018,Female,Part Time Employment,60.9
Austria,2018,Male,Part Time Employment,30.57
Austria,2018,Female,Vulnerable Employment,7.907390022
Austria,2018,Male,Vulnerable Employment,8.598734684
Azerbaijan,2018,Female,Employment to population ratio,59.37
Azerbaijan,2018,Male,Employment to population ratio,65.802
Azerbaijan,2018,Female,Labour Force Participation Rate,62.988
Azerbaijan,2018,Male,Labour Force Participation Rate,68.587
Azerbaijan,2018,Female,Part Time Employment,23.91
Azerbaijan,2018,Male,Part Time Employment,14.72
Azerbaijan,2018,Female,Vulnerable Employment,60.86425808
Azerbaijan,2018,Male,Vulnerable Employment,48.03736742
"Bahamas, The",2018,Female,Employment to population ratio,60.247
"Bahamas, The",2018,Male,Employment to population ratio,72.777
"Bahamas, The",2018,Female,Labour Force Participation Rate,66.902
"Bahamas, The",2018,Male,Labour Force Participation Rate,80.906
"Bahamas, The",2018,Female,Vulnerable Employment,8.333582663
"Bahamas, The",2018,Male,Vulnerable Employment,21.58065879
Bahrain,2018,Female,Employment to population ratio,42.34
Bahrain,2018,Male,Employment to population ratio,86.661
Bahrain,2018,Female,Labour Force Participation Rate,44.067
Bahrain,2018,Male,Labour Force Participation Rate,87.073
Bahrain,2018,Female,Vulnerable Employment,1.015865703
Bahrain,2018,Male,Vulnerable Employment,1.029931412
Bangladesh,2018,Female,Employment to population ratio,34.262
Bangladesh,2018,Male,Employment to population ratio,78.272
Bangladesh,2018,Female,Labour Force Participation Rate,36.703
Bangladesh,2018,Male,Labour Force Participation Rate,80.948
Bangladesh,2018,Female,Vulnerable Employment,68.49153599
Bangladesh,2018,Male,Vulnerable Employment,51.00112007
Barbados,2018,Female,Employment to population ratio,54.43
Barbados,2018,Male,Employment to population ratio,62.578
Barbados,2018,Female,Labour Force Participation Rate,59.508
Barbados,2018,Male,Labour Force Participation Rate,68.103
Barbados,2018,Female,Vulnerable Employment,12.25056105
Barbados,2018,Male,Vulnerable Employment,24.85097364
Belarus,2018,Female,Employment to population ratio,56.919
Belarus,2018,Male,Employment to population ratio,67.789
Belarus,2018,Female,Labour Force Participation Rate,59.024
Belarus,2018,Male,Labour Force Participation Rate,72.072
Belarus,2018,Female,Vulnerable Employment,2.418311281
Belarus,2018,Male,Vulnerable Employment,4.903872506
Belgium,2018,Female,Employment to population ratio,46.776
Belgium,2018,Male,Employment to population ratio,55.343
Belgium,2018,Female,Labour Force Participation Rate,49.533
Belgium,2018,Male,Labour Force Participation Rate,59.055
Belgium,2018,Female,Part Time Employment,53.21
Belgium,2018,Male,Part Time Employment,25.29
Belgium,2018,Female,Vulnerable Employment,8.50169102
Belgium,2018,Male,Vulnerable Employment,11.77339838
Belize,2018,Female,Employment to population ratio,43.05
Belize,2018,Male,Employment to population ratio,74.404
Belize,2018,Female,Labour Force Participation Rate,48.911
Belize,2018,Male,Labour Force Participation Rate,78.622
Belize,2018,Female,Vulnerable Employment,33.27482229
Belize,2018,Male,Vulnerable Employment,27.02854506
Benin,2018,Female,Employment to population ratio,55.304
Benin,2018,Male,Employment to population ratio,68.451
Benin,2018,Female,Labour Force Participation Rate,56.283
Benin,2018,Male,Labour Force Participation Rate,69.315
Benin,2018,Female,Vulnerable Employment,83.94799335
Benin,2018,Male,Vulnerable Employment,72.99740103
Bhutan,2018,Female,Employment to population ratio,52.498
Bhutan,2018,Male,Employment to population ratio,67.423
Bhutan,2018,Female,Labour Force Participation Rate,54.824
Bhutan,2018,Male,Labour Force Participation Rate,69.323
Bhutan,2018,Female,Vulnerable Employment,84.13171283
Bhutan,2018,Male,Vulnerable Employment,63.6127176
Bolivia,2018,Female,Employment to population ratio,61.288
Bolivia,2018,Male,Employment to population ratio,77.276
Bolivia,2018,Female,Labour Force Participation Rate,63.586
Bolivia,2018,Male,Labour Force Participation Rate,80.033
Bolivia,2018,Female,Vulnerable Employment,69.70882525
Bolivia,2018,Male,Vulnerable Employment,58.74000186
Bosnia and Herzegovina,2018,Female,Employment to population ratio,27.809
Bosnia and Herzegovina,2018,Male,Employment to population ratio,47.771
Bosnia and Herzegovina,2018,Female,Labour Force Participation Rate,34.894
Bosnia and Herzegovina,2018,Male,Labour Force Participation Rate,57.687
Bosnia and Herzegovina,2018,Female,Part Time Employment,15.09
Bosnia and Herzegovina,2018,Male,Part Time Employment,11.18
Bosnia and Herzegovina,2018,Female,Vulnerable Employment,17.62446806
Bosnia and Herzegovina,2018,Male,Vulnerable Employment,15.71893397
Botswana,2018,Female,Employment to population ratio,45.391
Botswana,2018,Male,Employment to population ratio,56.816
Botswana,2018,Female,Labour Force Participation Rate,57.95
Botswana,2018,Male,Labour Force Participation Rate,69.118
Botswana,2018,Female,Vulnerable Employment,29.02079654
Botswana,2018,Male,Vulnerable Employment,28.01505107
Brazil,2018,Female,Employment to population ratio,46.534
Brazil,2018,Male,Employment to population ratio,66.615
Brazil,2018,Female,Labour Force Participation Rate,54.368
Brazil,2018,Male,Labour Force Participation Rate,74.625
Brazil,2018,Female,Part Time Employment,37.1
Brazil,2018,Male,Part Time Employment,22.05
Brazil,2018,Female,Vulnerable Employment,23.28271926
Brazil,2018,Male,Vulnerable Employment,30.05662119
Brunei Darussalam,2018,Female,Employment to population ratio,51.612
Brunei Darussalam,2018,Male,Employment to population ratio,67.216
Brunei Darussalam,2018,Female,Labour Force Participation Rate,57.381
Brunei Darussalam,2018,Male,Labour Force Participation Rate,72.83
Brunei Darussalam,2018,Female,Vulnerable Employment,5.886470049
Brunei Darussalam,2018,Male,Vulnerable Employment,4.03291756
Bulgaria,2018,Female,Employment to population ratio,46.929
Bulgaria,2018,Male,Employment to population ratio,58.403
Bulgaria,2018,Female,Labour Force Participation Rate,49.218
Bulgaria,2018,Male,Labour Force Participation Rate,61.927
Bulgaria,2018,Female,Part Time Employment,13.99
Bulgaria,2018,Male,Part Time Employment,9.56
Bulgaria,2018,Female,Vulnerable Employment,6.463465648
Bulgaria,2018,Male,Vulnerable Employment,9.205996643
Burkina Faso,2018,Female,Employment to population ratio,55.071
Burkina Faso,2018,Male,Employment to population ratio,69.946
Burkina Faso,2018,Female,Labour Force Participation Rate,57.741
Burkina Faso,2018,Male,Labour Force Participation Rate,73.429
Burkina Faso,2018,Female,Vulnerable Employment,88.25157572
Burkina Faso,2018,Male,Vulnerable Employment,81.07909133
Burundi,2018,Female,Employment to population ratio,79.292
Burundi,2018,Male,Employment to population ratio,78.187
Burundi,2018,Female,Labour Force Participation Rate,80.081
Burundi,2018,Male,Labour Force Participation Rate,79.222
Burundi,2018,Female,Vulnerable Employment,92.02502481
Burundi,2018,Male,Vulnerable Employment,77.27653804
Cabo Verde,2018,Female,Employment to population ratio,43.12
Cabo Verde,2018,Male,Employment to population ratio,54.622
Cabo Verde,2018,Female,Labour Force Participation Rate,48.752
Cabo Verde,2018,Male,Labour Force Participation Rate,62.541
Cabo Verde,2018,Female,Vulnerable Employment,44.9269079
Cabo Verde,2018,Male,Vulnerable Employment,27.56923132
Cambodia,2018,Female,Employment to population ratio,68.473
Cambodia,2018,Male,Employment to population ratio,81.586
Cambodia,2018,Female,Labour Force Participation Rate,68.582
Cambodia,2018,Male,Labour Force Participation Rate,81.668
Cambodia,2018,Female,Vulnerable Employment,58.61409833
Cambodia,2018,Male,Vulnerable Employment,46.22908159
Cameroon,2018,Female,Employment to population ratio,64.35
Cameroon,2018,Male,Employment to population ratio,74.342
Cameroon,2018,Female,Labour Force Participation Rate,67.14
Cameroon,2018,Male,Labour Force Participation Rate,76.772
Cameroon,2018,Female,Vulnerable Employment,82.00715513
Cameroon,2018,Male,Vulnerable Employment,64.6620452
Canada,2018,Female,Employment to population ratio,57.899
Canada,2018,Male,Employment to population ratio,65.372
Canada,2018,Female,Labour Force Participation Rate,61.292
Canada,2018,Male,Labour Force Participation Rate,69.63
Canada,2018,Female,Part Time Employment,50.08
Canada,2018,Male,Part Time Employment,31.62
Canada,2018,Female,Vulnerable Employment,9.412821564
Canada,2018,Male,Vulnerable Employment,11.88032755
Central African Republic,2018,Female,Employment to population ratio,58.883
Central African Republic,2018,Male,Employment to population ratio,73.921
Central African Republic,2018,Female,Labour Force Participation Rate,63.186
Central African Republic,2018,Male,Labour Force Participation Rate,78.116
Central African Republic,2018,Female,Vulnerable Employment,97.08854439
Central African Republic,2018,Male,Vulnerable Employment,88.72323622
Chad,2018,Female,Employment to population ratio,48.122
Chad,2018,Male,Employment to population ratio,70.599
Chad,2018,Female,Labour Force Participation Rate,48.49
Chad,2018,Male,Labour Force Participation Rate,71.589
Chad,2018,Female,Vulnerable Employment,96.21239162
Chad,2018,Male,Vulnerable Employment,85.64516583
Channel Islands,2018,Female,Employment to population ratio,48.187
Channel Islands,2018,Male,Employment to population ratio,62.329
Channel Islands,2018,Female,Labour Force Participation Rate,51.681
Channel Islands,2018,Male,Labour Force Participation Rate,66.403
Channel Islands,2018,Female,Vulnerable Employment,8.904206334
Channel Islands,2018,Male,Vulnerable Employment,13.04945984
Chile,2018,Female,Employment to population ratio,45.366
Chile,2018,Male,Employment to population ratio,66.046
Chile,2018,Female,Labour Force Participation Rate,49.287
Chile,2018,Male,Labour Force Participation Rate,70.771
Chile,2018,Female,Part Time Employment,38.04
Chile,2018,Male,Part Time Employment,23.61
Chile,2018,Female,Vulnerable Employment,23.19115344
Chile,2018,Male,Vulnerable Employment,22.72783365
China,2018,Female,Employment to population ratio,59.385
China,2018,Male,Employment to population ratio,70.271
China,2018,Female,Labour Force Participation Rate,61.695
China,2018,Male,Labour Force Participation Rate,73.793
China,2018,Female,Vulnerable Employment,44.52453045
China,2018,Male,Vulnerable Employment,41.56873131
Colombia,2018,Female,Employment to population ratio,46.849
Colombia,2018,Male,Employment to population ratio,71.975
Colombia,2018,Female,Labour Force Participation Rate,53.255
Colombia,2018,Male,Labour Force Participation Rate,77.769
Colombia,2018,Female,Part Time Employment,37.1
Colombia,2018,Male,Part Time Employment,17.59
Colombia,2018,Female,Vulnerable Employment,46.92689659
Colombia,2018,Male,Vulnerable Employment,48.41963051
Comoros,2018,Female,Employment to population ratio,31.107
Comoros,2018,Male,Employment to population ratio,52.984
Comoros,2018,Female,Labour Force Participation Rate,32.919
Comoros,2018,Male,Labour Force Participation Rate,55.464
Comoros,2018,Female,Vulnerable Employment,67.65668091
Comoros,2018,Male,Vulnerable Employment,50.26778944
"Congo, Dem. Rep.",2018,Female,Employment to population ratio,60.152
"Congo, Dem. Rep.",2018,Male,Employment to population ratio,65.681
"Congo, Dem. Rep.",2018,Female,Labour Force Participation Rate,62.508
"Congo, Dem. Rep.",2018,Male,Labour Force Participation Rate,69.555
"Congo, Dem. Rep.",2018,Female,Vulnerable Employment,89.26587674
"Congo, Dem. Rep.",2018,Male,Vulnerable Employment,75.50803934
"Congo, Rep.",2018,Female,Employment to population ratio,51.731
"Congo, Rep.",2018,Male,Employment to population ratio,55.193
"Congo, Rep.",2018,Female,Labour Force Participation Rate,66.845
"Congo, Rep.",2018,Male,Labour Force Participation Rate,68.956
"Congo, Rep.",2018,Female,Vulnerable Employment,88.44709819
"Congo, Rep.",2018,Male,Vulnerable Employment,61.60032158
Costa Rica,2018,Female,Employment to population ratio,42.95
Costa Rica,2018,Male,Employment to population ratio,70.352
Costa Rica,2018,Female,Labour Force Participation Rate,48.499
Costa Rica,2018,Male,Labour Force Participation Rate,76.014
Costa Rica,2018,Female,Part Time Employment,38.43
Costa Rica,2018,Male,Part Time Employment,17.81
Costa Rica,2018,Female,Vulnerable Employment,22.01454302
Costa Rica,2018,Male,Vulnerable Employment,25.68069244
Cote d'Ivoire,2018,Female,Employment to population ratio,53.95
Cote d'Ivoire,2018,Male,Employment to population ratio,71.551
Cote d'Ivoire,2018,Female,Labour Force Participation Rate,55.864
Cote d'Ivoire,2018,Male,Labour Force Participation Rate,73.303
Cote d'Ivoire,2018,Female,Vulnerable Employment,82.91264842
Cote d'Ivoire,2018,Male,Vulnerable Employment,64.02523557
Croatia,2018,Female,Employment to population ratio,41.226
Croatia,2018,Male,Employment to population ratio,52.972
Croatia,2018,Female,Labour Force Participation Rate,45.476
Croatia,2018,Male,Labour Force Participation Rate,57.358
Croatia,2018,Female,Part Time Employment,30.18
Croatia,2018,Male,Part Time Employment,21.23
Croatia,2018,Female,Vulnerable Employment,6.597969473
Croatia,2018,Male,Vulnerable Employment,7.984969107
Cuba,2018,Female,Employment to population ratio,41.516
Cuba,2018,Male,Employment to population ratio,69.33
Cuba,2018,Female,Labour Force Participation Rate,42.288
Cuba,2018,Male,Labour Force Participation Rate,70.473
Cuba,2018,Female,Vulnerable Employment,17.83489366
Cuba,2018,Male,Vulnerable Employment,22.29603252
Cyprus,2018,Female,Employment to population ratio,52.198
Cyprus,2018,Male,Employment to population ratio,62.188
Cyprus,2018,Female,Labour Force Participation Rate,57.29
Cyprus,2018,Male,Labour Force Participation Rate,67.72
Cyprus,2018,Female,Part Time Employment,33.18
Cyprus,2018,Male,Part Time Employment,24.9
Cyprus,2018,Female,Vulnerable Employment,9.274158923
Cyprus,2018,Male,Vulnerable Employment,12.65613722
Czechia,2018,Female,Employment to population ratio,51.288
Czechia,2018,Male,Employment to population ratio,67.48
Czechia,2018,Female,Labour Force Participation Rate,52.775
Czechia,2018,Male,Labour Force Participation Rate,68.713
Czechia,2018,Female,Part Time Employment,34.88
Czechia,2018,Male,Part Time Employment,22.88
Czechia,2018,Female,Vulnerable Employment,10.7719401
Czechia,2018,Male,Vulnerable Employment,16.24077052
Denmark,2018,Female,Employment to population ratio,54.489
Denmark,2018,Male,Employment to population ratio,62.91
Denmark,2018,Female,Labour Force Participation Rate,57.567
Denmark,2018,Male,Labour Force Participation Rate,66.178
Denmark,2018,Female,Part Time Employment,53.67
Denmark,2018,Male,Part Time Employment,32.76
Denmark,2018,Female,Vulnerable Employment,3.544243345
Denmark,2018,Male,Vulnerable Employment,6.151689768
Djibouti,2018,Female,Employment to population ratio,11.647
Djibouti,2018,Male,Employment to population ratio,36.123
Djibouti,2018,Female,Labour Force Participation Rate,18.235
Djibouti,2018,Male,Labour Force Participation Rate,46.439
Djibouti,2018,Female,Vulnerable Employment,63.90220857
Djibouti,2018,Male,Vulnerable Employment,46.46803442
Dominican Republic,2018,Female,Employment to population ratio,45.54
Dominican Republic,2018,Male,Employment to population ratio,74.499
Dominican Republic,2018,Female,Labour Force Participation Rate,50.134
Dominican Republic,2018,Male,Labour Force Participation Rate,77.38
Dominican Republic,2018,Female,Part Time Employment,36.88
Dominican Republic,2018,Male,Part Time Employment,23.42
Dominican Republic,2018,Female,Vulnerable Employment,28.72883456
Dominican Republic,2018,Male,Vulnerable Employment,47.0271067
Ecuador,2018,Female,Employment to population ratio,52.073
Ecuador,2018,Male,Employment to population ratio,76.727
Ecuador,2018,Female,Labour Force Participation Rate,54.465
Ecuador,2018,Male,Labour Force Participation Rate,79.041
Ecuador,2018,Female,Vulnerable Employment,56.99249305
Ecuador,2018,Male,Vulnerable Employment,40.12625738
"Egypt, Arab Rep.",2018,Female,Employment to population ratio,14.453
"Egypt, Arab Rep.",2018,Male,Employment to population ratio,63.305
"Egypt, Arab Rep.",2018,Female,Labour Force Participation Rate,18.383
"Egypt, Arab Rep.",2018,Male,Labour Force Participation Rate,67.91
"Egypt, Arab Rep.",2018,Female,Part Time Employment,10.47
"Egypt, Arab Rep.",2018,Male,Part Time Employment,6.23
"Egypt, Arab Rep.",2018,Female,Vulnerable Employment,32.0373962
"Egypt, Arab Rep.",2018,Male,Vulnerable Employment,15.93812451
El Salvador,2018,Female,Employment to population ratio,43.106
El Salvador,2018,Male,Employment to population ratio,71.585
El Salvador,2018,Female,Labour Force Participation Rate,44.786
El Salvador,2018,Male,Labour Force Participation Rate,74.716
El Salvador,2018,Female,Part Time Employment,28.49
El Salvador,2018,Male,Part Time Employment,20.83
El Salvador,2018,Female,Vulnerable Employment,43.23761866
El Salvador,2018,Male,Vulnerable Employment,28.06531273
Equatorial Guinea,2018,Female,Employment to population ratio,46.485
Equatorial Guinea,2018,Male,Employment to population ratio,54.864
Equatorial Guinea,2018,Female,Labour Force Participation Rate,51.213
Equatorial Guinea,2018,Male,Labour Force Participation Rate,59.332
Equatorial Guinea,2018,Female,Vulnerable Employment,86.180442
Equatorial Guinea,2018,Male,Vulnerable Employment,70.48097531
Eritrea,2018,Female,Employment to population ratio,66.484
Eritrea,2018,Male,Employment to population ratio,81.17
Eritrea,2018,Female,Labour Force Participation Rate,71.248
Eritrea,2018,Male,Labour Force Participation Rate,85.679
Eritrea,2018,Female,Vulnerable Employment,80.78695452
Eritrea,2018,Male,Vulnerable Employment,62.41513933
Estonia,2018,Female,Employment to population ratio,54.216
Estonia,2018,Male,Employment to population ratio,67.208
Estonia,2018,Female,Labour Force Participation Rate,57.264
Estonia,2018,Male,Labour Force Participation Rate,71.054
Estonia,2018,Female,Part Time Employment,35.2
Estonia,2018,Male,Part Time Employment,23.51
Estonia,2018,Female,Vulnerable Employment,4.010476702
Estonia,2018,Male,Vulnerable Employment,7.647990238
Eswatini,2018,Female,Employment to population ratio,35.555
Eswatini,2018,Male,Employment to population ratio,43.404
Eswatini,2018,Female,Labour Force Participation Rate,47.053
Eswatini,2018,Male,Labour Force Participation Rate,54.97
Eswatini,2018,Female,Vulnerable Employment,40.67292235
Eswatini,2018,Male,Vulnerable Employment,27.75141803
Ethiopia,2018,Female,Employment to population ratio,71.774
Ethiopia,2018,Male,Employment to population ratio,85.087
Ethiopia,2018,Female,Labour Force Participation Rate,74.507
Ethiopia,2018,Male,Labour Force Participation Rate,86.776
Ethiopia,2018,Female,Vulnerable Employment,88.80910992
Ethiopia,2018,Male,Vulnerable Employment,83.66145181
Fiji,2018,Female,Employment to population ratio,36.299
Fiji,2018,Male,Employment to population ratio,73.502
Fiji,2018,Female,Labour Force Participation Rate,38.439
Fiji,2018,Male,Labour Force Participation Rate,76.34
Fiji,2018,Female,Vulnerable Employment,30.03054764
Fiji,2018,Male,Vulnerable Employment,33.06667116
Finland,2018,Female,Employment to population ratio,51.78
Finland,2018,Male,Employment to population ratio,58.413
Finland,2018,Female,Labour Force Participation Rate,55.856
Finland,2018,Male,Labour Force Participation Rate,63.092
Finland,2018,Female,Part Time Employment,50.7
Finland,2018,Male,Part Time Employment,38.19
Finland,2018,Female,Vulnerable Employment,7.407719445
Finland,2018,Male,Vulnerable Employment,11.67246742
France,2018,Female,Employment to population ratio,46.769
France,2018,Male,Employment to population ratio,54.802
France,2018,Female,Labour Force Participation Rate,51.43
France,2018,Male,Labour Force Participation Rate,60.21
France,2018,Female,Part Time Employment,48.39
France,2018,Male,Part Time Employment,30.28
France,2018,Female,Vulnerable Employment,6.176195084
France,2018,Male,Vulnerable Employment,8.585169991
French Polynesia,2018,Female,Employment to population ratio,43.321
French Polynesia,2018,Male,Employment to population ratio,56.293
French Polynesia,2018,Female,Labour Force Participation Rate,49.457
French Polynesia,2018,Male,Labour Force Participation Rate,63.008
French Polynesia,2018,Female,Vulnerable Employment,13.2497052
French Polynesia,2018,Male,Vulnerable Employment,19.17583847
Gabon,2018,Female,Employment to population ratio,28.013
Gabon,2018,Male,Employment to population ratio,48.633
Gabon,2018,Female,Labour Force Participation Rate,39.576
Gabon,2018,Male,Labour Force Participation Rate,57.065
Gabon,2018,Female,Vulnerable Employment,37.50669261
Gabon,2018,Male,Vulnerable Employment,27.51832304
"Gambia, The",2018,Female,Employment to population ratio,54.29
"Gambia, The",2018,Male,Employment to population ratio,62.642
"Gambia, The",2018,Female,Labour Force Participation Rate,56.057
"Gambia, The",2018,Male,Labour Force Participation Rate,65.934
"Gambia, The",2018,Female,Vulnerable Employment,81.8601111
"Gambia, The",2018,Male,Vulnerable Employment,67.32299283
Georgia,2018,Female,Employment to population ratio,49.391
Georgia,2018,Male,Employment to population ratio,63.427
Georgia,2018,Female,Labour Force Participation Rate,55.648
Georgia,2018,Male,Labour Force Participation Rate,73.701
Georgia,2018,Female,Vulnerable Employment,46.02862368
Georgia,2018,Male,Vulnerable Employment,48.29865207
Germany,2018,Female,Employment to population ratio,54.336
Germany,2018,Male,Employment to population ratio,64.278
Germany,2018,Female,Labour Force Participation Rate,55.965
Germany,2018,Male,Labour Force Participation Rate,66.81
Germany,2018,Female,Part Time Employment,57.46
Germany,2018,Male,Part Time Employment,26.25
Germany,2018,Female,Vulnerable Employment,4.997231299
Germany,2018,Male,Vulnerable Employment,6.228085506
Ghana,2018,Female,Employment to population ratio,63.021
Ghana,2018,Male,Employment to population ratio,70.73
Ghana,2018,Female,Labour Force Participation Rate,65.223
Ghana,2018,Male,Labour Force Participation Rate,73.025
Ghana,2018,Female,Vulnerable Employment,78.42076874
Ghana,2018,Male,Vulnerable Employment,62.63188855
Greece,2018,Female,Employment to population ratio,33.35
Greece,2018,Male,Employment to population ratio,49.421
Greece,2018,Female,Labour Force Participation Rate,43.928
Greece,2018,Male,Labour Force Participation Rate,58.335
Greece,2018,Female,Part Time Employment,33.15
Greece,2018,Male,Part Time Employment,19.67
Greece,2018,Female,Vulnerable Employment,23.66351788
Greece,2018,Male,Vulnerable Employment,27.43568822
Guam,2018,Female,Employment to population ratio,53.457
Guam,2018,Male,Employment to population ratio,64.866
Guam,2018,Female,Labour Force Participation Rate,56.365
Guam,2018,Male,Labour Force Participation Rate,68.776
Guam,2018,Female,Vulnerable Employment,6.636023257
Guam,2018,Male,Vulnerable Employment,11.53970504
Guatemala,2018,Female,Employment to population ratio,37.366
Guatemala,2018,Male,Employment to population ratio,81.828
Guatemala,2018,Female,Labour Force Participation Rate,38.449
Guatemala,2018,Male,Labour Force Participation Rate,83.517
Guatemala,2018,Female,Vulnerable Employment,46.12420966
Guatemala,2018,Male,Vulnerable Employment,33.98024806
Guinea,2018,Female,Employment to population ratio,41.451
Guinea,2018,Male,Employment to population ratio,61.416
Guinea,2018,Female,Labour Force Participation Rate,43.496
Guinea,2018,Male,Labour Force Participation Rate,64.451
Guinea,2018,Female,Vulnerable Employment,88.15687581
Guinea,2018,Male,Vulnerable Employment,75.27772714
Guinea-Bissau,2018,Female,Employment to population ratio,47.498
Guinea-Bissau,2018,Male,Employment to population ratio,61.414
Guinea-Bissau,2018,Female,Labour Force Participation Rate,48.822
Guinea-Bissau,2018,Male,Labour Force Participation Rate,63.707
Guinea-Bissau,2018,Female,Vulnerable Employment,79.41194665
Guinea-Bissau,2018,Male,Vulnerable Employment,61.13372006
Guyana,2018,Female,Employment to population ratio,35.42
Guyana,2018,Male,Employment to population ratio,58.352
Guyana,2018,Female,Labour Force Participation Rate,42.417
Guyana,2018,Male,Labour Force Participation Rate,66.569
Guyana,2018,Female,Vulnerable Employment,31.12079309
Guyana,2018,Male,Vulnerable Employment,27.03061399
Haiti,2018,Female,Employment to population ratio,51.839
Haiti,2018,Male,Employment to population ratio,61.947
Haiti,2018,Female,Labour Force Participation Rate,62.34
Haiti,2018,Male,Labour Force Participation Rate,69.742
Haiti,2018,Female,Vulnerable Employment,82.71079992
Haiti,2018,Male,Vulnerable Employment,66.89299846
Honduras,2018,Female,Employment to population ratio,46.687
Honduras,2018,Male,Employment to population ratio,79.17
Honduras,2018,Female,Labour Force Participation Rate,50.317
Honduras,2018,Male,Labour Force Participation Rate,83.041
Honduras,2018,Female,Part Time Employment,46.9
Honduras,2018,Male,Part Time Employment,33.4
Honduras,2018,Female,Vulnerable Employment,54.31967801
Honduras,2018,Male,Vulnerable Employment,35.04784304
"Hong Kong SAR, China",2018,Female,Employment to population ratio,53.868
"Hong Kong SAR, China",2018,Male,Employment to population ratio,66.391
"Hong Kong SAR, China",2018,Female,Labour Force Participation Rate,55.205
"Hong Kong SAR, China",2018,Male,Labour Force Participation Rate,68.574
"Hong Kong SAR, China",2018,Female,Vulnerable Employment,4.046575432
"Hong Kong SAR, China",2018,Male,Vulnerable Employment,7.8874308
Hungary,2018,Female,Employment to population ratio,46.382
Hungary,2018,Male,Employment to population ratio,63.402
Hungary,2018,Female,Labour Force Participation Rate,48.309
Hungary,2018,Male,Labour Force Participation Rate,65.687
Hungary,2018,Female,Part Time Employment,28.08
Hungary,2018,Male,Part Time Employment,21.28
Hungary,2018,Female,Vulnerable Employment,5.977430102
Hungary,2018,Male,Vulnerable Employment,7.676378997
Iceland,2018,Female,Employment to population ratio,69.767
Iceland,2018,Male,Employment to population ratio,78.24
Iceland,2018,Female,Labour Force Participation Rate,71.58
Iceland,2018,Male,Labour Force Participation Rate,80.529
Iceland,2018,Female,Part Time Employment,48.58
Iceland,2018,Male,Part Time Employment,27.57
Iceland,2018,Female,Vulnerable Employment,7.134792248
Iceland,2018,Male,Vulnerable Employment,11.03526935
India,2018,Female,Employment to population ratio,24.556
India,2018,Male,Employment to population ratio,69.544
India,2018,Female,Labour Force Participation Rate,26.609
India,2018,Male,Labour Force Participation Rate,75.287
India,2018,Female,Vulnerable Employment,72.07690448
India,2018,Male,Vulnerable Employment,72.50610644
Indonesia,2018,Female,Employment to population ratio,50.868
Indonesia,2018,Male,Employment to population ratio,78.469
Indonesia,2018,Female,Labour Force Participation Rate,53.089
Indonesia,2018,Male,Labour Force Participation Rate,82.187
Indonesia,2018,Female,Part Time Employment,46.11
Indonesia,2018,Male,Part Time Employment,31.91
Indonesia,2018,Female,Vulnerable Employment,57.2617021
Indonesia,2018,Male,Vulnerable Employment,42.6616032
"Iran, Islamic Rep.",2018,Female,Employment to population ratio,14.106
"Iran, Islamic Rep.",2018,Male,Employment to population ratio,62.8
"Iran, Islamic Rep.",2018,Female,Labour Force Participation Rate,17.414
"Iran, Islamic Rep.",2018,Male,Labour Force Participation Rate,70.192
"Iran, Islamic Rep.",2018,Female,Part Time Employment,55.51
"Iran, Islamic Rep.",2018,Male,Part Time Employment,25.72
"Iran, Islamic Rep.",2018,Female,Vulnerable Employment,42.68135767
"Iran, Islamic Rep.",2018,Male,Vulnerable Employment,41.6535425
Iraq,2018,Female,Employment to population ratio,7.99
Iraq,2018,Male,Employment to population ratio,65.381
Iraq,2018,Female,Labour Force Participation Rate,11.357
Iraq,2018,Male,Labour Force Participation Rate,73.343
Iraq,2018,Female,Vulnerable Employment,25.81254294
Iraq,2018,Male,Vulnerable Employment,27.11573399
Ireland,2018,Female,Employment to population ratio,52.848
Ireland,2018,Male,Employment to population ratio,64.547
Ireland,2018,Female,Labour Force Participation Rate,56.038
Ireland,2018,Male,Labour Force Participation Rate,68.507
Ireland,2018,Female,Part Time Employment,49.98
Ireland,2018,Male,Part Time Employment,22.72
Ireland,2018,Female,Vulnerable Employment,5.723494444
Ireland,2018,Male,Vulnerable Employment,14.91424058
Israel,2018,Female,Employment to population ratio,58.472
Israel,2018,Male,Employment to population ratio,67.401
Israel,2018,Female,Labour Force Participation Rate,60.834
Israel,2018,Male,Labour Force Participation Rate,70.175
Israel,2018,Female,Part Time Employment,44.7
Israel,2018,Male,Part Time Employment,22.46
Israel,2018,Female,Vulnerable Employment,7.106055804
Israel,2018,Male,Vulnerable Employment,9.159728495
Italy,2018,Female,Employment to population ratio,36.259
Italy,2018,Male,Employment to population ratio,53.595
Italy,2018,Female,Labour Force Participation Rate,41.096
Italy,2018,Male,Labour Force Participation Rate,59.385
Italy,2018,Female,Part Time Employment,49.96
Italy,2018,Male,Part Time Employment,21.53
Italy,2018,Female,Vulnerable Employment,13.39055329
Italy,2018,Male,Vulnerable Employment,19.35558302
Jamaica,2018,Female,Employment to population ratio,54.475
Jamaica,2018,Male,Employment to population ratio,70.006
Jamaica,2018,Female,Labour Force Participation Rate,58.549
Jamaica,2018,Male,Labour Force Participation Rate,73.109
Jamaica,2018,Female,Vulnerable Employment,30.24816633
Jamaica,2018,Male,Vulnerable Employment,39.44602848
Japan,2018,Female,Employment to population ratio,51.236
Japan,2018,Male,Employment to population ratio,69.247
Japan,2018,Female,Labour Force Participation Rate,52.407
Japan,2018,Male,Labour Force Participation Rate,71.136
Japan,2018,Female,Vulnerable Employment,7.676258987
Japan,2018,Male,Vulnerable Employment,8.659372856
Jordan,2018,Female,Employment to population ratio,11.09
Jordan,2018,Male,Employment to population ratio,50.906
Jordan,2018,Female,Labour Force Participation Rate,14.615
Jordan,2018,Male,Labour Force Participation Rate,61.333
Jordan,2018,Female,Vulnerable Employment,3.583103118
Jordan,2018,Male,Vulnerable Employment,10.22820461
Kazakhstan,2018,Female,Employment to population ratio,61.292
Kazakhstan,2018,Male,Employment to population ratio,72.953
Kazakhstan,2018,Female,Labour Force Participation Rate,64.775
Kazakhstan,2018,Male,Labour Force Participation Rate,76.261
Kazakhstan,2018,Female,Vulnerable Employment,23.77796477
Kazakhstan,2018,Male,Vulnerable Employment,25.76652237
Kenya,2018,Female,Employment to population ratio,68.519
Kenya,2018,Male,Employment to population ratio,73.318
Kenya,2018,Female,Labour Force Participation Rate,71.762
Kenya,2018,Male,Labour Force Participation Rate,76.437
Kenya,2018,Female,Vulnerable Employment,69.96639334
Kenya,2018,Male,Vulnerable Employment,52.63403349
"Korea, Dem. People's Rep.",2018,Female,Employment to population ratio,67.552
"Korea, Dem. People's Rep.",2018,Male,Employment to population ratio,77.543
"Korea, Dem. People's Rep.",2018,Female,Labour Force Participation Rate,69.615
"Korea, Dem. People's Rep.",2018,Male,Labour Force Participation Rate,79.689
"Korea, Dem. People's Rep.",2018,Female,Vulnerable Employment,88.29569898
"Korea, Dem. People's Rep.",2018,Male,Vulnerable Employment,75.41655273
"Korea, Rep.",2018,Female,Employment to population ratio,51.189
"Korea, Rep.",2018,Male,Employment to population ratio,70.767
"Korea, Rep.",2018,Female,Labour Force Participation Rate,53.148
"Korea, Rep.",2018,Male,Labour Force Participation Rate,73.652
"Korea, Rep.",2018,Female,Part Time Employment,28.64
"Korea, Rep.",2018,Male,Part Time Employment,14.54
"Korea, Rep.",2018,Female,Vulnerable Employment,18.98271145
"Korea, Rep.",2018,Male,Vulnerable Employment,18.95305254
Kosovo,2018,Female,Part Time Employment,14.71
Kosovo,2018,Male,Part Time Employment,8.58
Kuwait,2018,Female,Employment to population ratio,46.132
Kuwait,2018,Male,Employment to population ratio,86.463
Kuwait,2018,Female,Labour Force Participation Rate,49.046
Kuwait,2018,Male,Labour Force Participation Rate,87.305
Kuwait,2018,Female,Vulnerable Employment,0.035968348
Kuwait,2018,Male,Vulnerable Employment,1.557405882
Kyrgyz Republic,2018,Female,Employment to population ratio,50.15
Kyrgyz Republic,2018,Male,Employment to population ratio,74.291
Kyrgyz Republic,2018,Female,Labour Force Participation Rate,52.176
Kyrgyz Republic,2018,Male,Labour Force Participation Rate,76.996
Kyrgyz Republic,2018,Female,Part Time Employment,40.41
Kyrgyz Republic,2018,Male,Part Time Employment,19.69
Kyrgyz Republic,2018,Female,Vulnerable Employment,28.69692956
Kyrgyz Republic,2018,Male,Vulnerable Employment,36.74202122
Lao PDR,2018,Female,Employment to population ratio,54.357
Lao PDR,2018,Male,Employment to population ratio,60.927
Lao PDR,2018,Female,Labour Force Participation Rate,55.908
Lao PDR,2018,Male,Labour Force Participation Rate,63.317
Lao PDR,2018,Female,Vulnerable Employment,86.06362989
Lao PDR,2018,Male,Vulnerable Employment,73.64779052
Latvia,2018,Female,Employment to population ratio,52.199
Latvia,2018,Male,Employment to population ratio,62.597
Latvia,2018,Female,Labour Force Participation Rate,55.775
Latvia,2018,Male,Labour Force Participation Rate,68.338
Latvia,2018,Female,Part Time Employment,21.39
Latvia,2018,Male,Part Time Employment,11.56
Latvia,2018,Female,Vulnerable Employment,7.034202278
Latvia,2018,Male,Vulnerable Employment,7.419356237
Lebanon,2018,Female,Employment to population ratio,24.561
Lebanon,2018,Male,Employment to population ratio,63.506
Lebanon,2018,Female,Labour Force Participation Rate,28.489
Lebanon,2018,Male,Labour Force Participation Rate,70.001
Lebanon,2018,Female,Vulnerable Employment,12.12157279
Lebanon,2018,Male,Vulnerable Employment,24.61325477
Lesotho,2018,Female,Employment to population ratio,46.61
Lesotho,2018,Male,Employment to population ratio,61.678
Lesotho,2018,Female,Labour Force Participation Rate,57.43
Lesotho,2018,Male,Labour Force Participation Rate,72.466
Lesotho,2018,Female,Vulnerable Employment,30.51399819
Lesotho,2018,Male,Vulnerable Employment,35.41562084
Liberia,2018,Female,Employment to population ratio,70.415
Liberia,2018,Male,Employment to population ratio,78.565
Liberia,2018,Female,Labour Force Participation Rate,72.09
Liberia,2018,Male,Labour Force Participation Rate,81.605
Liberia,2018,Female,Vulnerable Employment,89.88616083
Liberia,2018,Male,Vulnerable Employment,65.62023938
Libya,2018,Female,Employment to population ratio,25.712
Libya,2018,Male,Employment to population ratio,51.384
Libya,2018,Female,Labour Force Participation Rate,34.133
Libya,2018,Male,Labour Force Participation Rate,60.885
Libya,2018,Female,Vulnerable Employment,8.615773257
Libya,2018,Male,Vulnerable Employment,14.75790568
Lithuania,2018,Female,Employment to population ratio,53.308
Lithuania,2018,Male,Employment to population ratio,62.952
Lithuania,2018,Female,Labour Force Participation Rate,56.354
Lithuania,2018,Male,Labour Force Participation Rate,67.606
Lithuania,2018,Female,Part Time Employment,28.37
Lithuania,2018,Male,Part Time Employment,17.05
Lithuania,2018,Female,Vulnerable Employment,7.724970287
Lithuania,2018,Male,Vulnerable Employment,10.81793037
Luxembourg,2018,Female,Employment to population ratio,52.52
Luxembourg,2018,Male,Employment to population ratio,60.534
Luxembourg,2018,Female,Labour Force Participation Rate,55.804
Luxembourg,2018,Male,Labour Force Participation Rate,63.944
Luxembourg,2018,Female,Part Time Employment,44.32
Luxembourg,2018,Male,Part Time Employment,21.59
Luxembourg,2018,Female,Vulnerable Employment,5.578028847
Luxembourg,2018,Male,Vulnerable Employment,5.738643346
"Macao SAR, China",2018,Female,Employment to population ratio,63.76
"Macao SAR, China",2018,Male,Employment to population ratio,73.465
"Macao SAR, China",2018,Female,Labour Force Participation Rate,64.612
"Macao SAR, China",2018,Male,Labour Force Participation Rate,75.222
"Macao SAR, China",2018,Female,Vulnerable Employment,1.925919757
"Macao SAR, China",2018,Male,Vulnerable Employment,4.149903066
Madagascar,2018,Female,Employment to population ratio,81.601
Madagascar,2018,Male,Employment to population ratio,86.702
Madagascar,2018,Female,Labour Force Participation Rate,83.081
Madagascar,2018,Male,Labour Force Participation Rate,88.246
Madagascar,2018,Female,Vulnerable Employment,89.42435264
Madagascar,2018,Male,Vulnerable Employment,81.11315074
Malawi,2018,Female,Employment to population ratio,59.808
Malawi,2018,Male,Employment to population ratio,69.936
Malawi,2018,Female,Labour Force Participation Rate,63.558
Malawi,2018,Male,Labour Force Participation Rate,72.952
Malawi,2018,Female,Vulnerable Employment,66.14021983
Malawi,2018,Male,Vulnerable Employment,56.19570999
Malaysia,2018,Female,Employment to population ratio,49.707
Malaysia,2018,Male,Employment to population ratio,75.656
Malaysia,2018,Female,Labour Force Participation Rate,51.58
Malaysia,2018,Male,Labour Force Participation Rate,78.069
Malaysia,2018,Female,Vulnerable Employment,24.90992084
Malaysia,2018,Male,Vulnerable Employment,19.80614105
Maldives,2018,Female,Employment to population ratio,40.142
Maldives,2018,Male,Employment to population ratio,71.72
Maldives,2018,Female,Labour Force Participation Rate,41.922
Maldives,2018,Male,Labour Force Participation Rate,75.68
Maldives,2018,Female,Vulnerable Employment,32.06377752
Maldives,2018,Male,Vulnerable Employment,14.38152608
Mali,2018,Female,Employment to population ratio,54.752
Mali,2018,Male,Employment to population ratio,79.371
Mali,2018,Female,Labour Force Participation Rate,55.616
Mali,2018,Male,Labour Force Participation Rate,80.714
Mali,2018,Female,Vulnerable Employment,87.87973702
Mali,2018,Male,Vulnerable Employment,75.4013005
Malta,2018,Female,Employment to population ratio,46.981
Malta,2018,Male,Employment to population ratio,67.516
Malta,2018,Female,Labour Force Participation Rate,48.684
Malta,2018,Male,Labour Force Participation Rate,70.159
Malta,2018,Female,Part Time Employment,44.98
Malta,2018,Male,Part Time Employment,26.97
Malta,2018,Female,Vulnerable Employment,6.601045832
Malta,2018,Male,Vulnerable Employment,13.48922818
Mauritania,2018,Female,Employment to population ratio,22.708
Mauritania,2018,Male,Employment to population ratio,52.123
Mauritania,2018,Female,Labour Force Participation Rate,26.225
Mauritania,2018,Male,Labour Force Participation Rate,57.269
Mauritania,2018,Female,Vulnerable Employment,75.59621084
Mauritania,2018,Male,Vulnerable Employment,58.69707142
Mauritius,2018,Female,Employment to population ratio,40.753
Mauritius,2018,Male,Employment to population ratio,69.274
Mauritius,2018,Female,Labour Force Participation Rate,45.055
Mauritius,2018,Male,Labour Force Participation Rate,72.484
Mauritius,2018,Female,Part Time Employment,48.26
Mauritius,2018,Male,Part Time Employment,37.01
Mauritius,2018,Female,Vulnerable Employment,12.42962774
Mauritius,2018,Male,Vulnerable Employment,18.75875096
Mexico,2018,Female,Employment to population ratio,42.415
Mexico,2018,Male,Employment to population ratio,75.735
Mexico,2018,Female,Labour Force Participation Rate,43.911
Mexico,2018,Male,Labour Force Participation Rate,78.228
Mexico,2018,Female,Part Time Employment,35.66
Mexico,2018,Male,Part Time Employment,18.56
Mexico,2018,Female,Vulnerable Employment,29.15511539
Mexico,2018,Male,Vulnerable Employment,25.21707825
Moldova,2018,Female,Employment to population ratio,65.685
Moldova,2018,Male,Employment to population ratio,66.826
Moldova,2018,Female,Labour Force Participation Rate,66.395
Moldova,2018,Male,Labour Force Participation Rate,67.795
Moldova,2018,Female,Part Time Employment,15.78
Moldova,2018,Male,Part Time Employment,13.01
Moldova,2018,Female,Vulnerable Employment,60.17961034
Moldova,2018,Male,Vulnerable Employment,59.00364064
Mongolia,2018,Female,Employment to population ratio,49.408
Mongolia,2018,Male,Employment to population ratio,63.418
Mongolia,2018,Female,Labour Force Participation Rate,51.908
Mongolia,2018,Male,Labour Force Participation Rate,67.346
Mongolia,2018,Female,Vulnerable Employment,44.91863667
Mongolia,2018,Male,Vulnerable Employment,49.44596149
Montenegro,2018,Female,Employment to population ratio,40.916
Montenegro,2018,Male,Employment to population ratio,54.614
Montenegro,2018,Female,Labour Force Participation Rate,48.207
Montenegro,2018,Male,Labour Force Participation Rate,64.436
Montenegro,2018,Female,Part Time Employment,7.37
Montenegro,2018,Male,Part Time Employment,7.45
Montenegro,2018,Female,Vulnerable Employment,13.30834542
Montenegro,2018,Male,Vulnerable Employment,21.14811427
Morocco,2018,Female,Employment to population ratio,19.726
Morocco,2018,Male,Employment to population ratio,62.888
Morocco,2018,Female,Labour Force Participation Rate,22.187
Morocco,2018,Male,Labour Force Participation Rate,69.332
Morocco,2018,Female,Vulnerable Employment,56.88000695
Morocco,2018,Male,Vulnerable Employment,44.06420944
Mozambique,2018,Female,Employment to population ratio,75.206
Mozambique,2018,Male,Employment to population ratio,76.84
Mozambique,2018,Female,Labour Force Participation Rate,78.277
Mozambique,2018,Male,Labour Force Participation Rate,79.542
Mozambique,2018,Female,Vulnerable Employment,92.49116612
Mozambique,2018,Male,Vulnerable Employment,73.16197329
Myanmar,2018,Female,Employment to population ratio,47.979
Myanmar,2018,Male,Employment to population ratio,76.162
Myanmar,2018,Female,Labour Force Participation Rate,48.452
Myanmar,2018,Male,Labour Force Participation Rate,76.65
Myanmar,2018,Female,Vulnerable Employment,65.45778025
Myanmar,2018,Male,Vulnerable Employment,59.53869396
Namibia,2018,Female,Employment to population ratio,45.117
Namibia,2018,Male,Employment to population ratio,49.45
Namibia,2018,Female,Labour Force Participation Rate,55.423
Namibia,2018,Male,Labour Force Participation Rate,62.703
Namibia,2018,Female,Vulnerable Employment,38.1458448
Namibia,2018,Male,Vulnerable Employment,24.25287261
Nepal,2018,Female,Employment to population ratio,24.702
Nepal,2018,Male,Employment to population ratio,48.796
Nepal,2018,Female,Labour Force Participation Rate,28.083
Nepal,2018,Male,Labour Force Participation Rate,54.102
Nepal,2018,Female,Vulnerable Employment,92.43042148
Nepal,2018,Male,Vulnerable Employment,69.59570437
Netherlands,2018,Female,Employment to population ratio,56.759
Netherlands,2018,Male,Employment to population ratio,66.991
Netherlands,2018,Female,Labour Force Participation Rate,59.098
Netherlands,2018,Male,Labour Force Participation Rate,69.578
Netherlands,2018,Female,Part Time Employment,76.51
Netherlands,2018,Male,Part Time Employment,42.03
Netherlands,2018,Female,Vulnerable Employment,10.95771596
Netherlands,2018,Male,Vulnerable Employment,14.20402126
New Caledonia,2018,Female,Employment to population ratio,47.899
New Caledonia,2018,Male,Employment to population ratio,56.214
New Caledonia,2018,Female,Labour Force Participation Rate,54.312
New Caledonia,2018,Male,Labour Force Participation Rate,63.596
New Caledonia,2018,Female,Vulnerable Employment,9.809826874
New Caledonia,2018,Male,Vulnerable Employment,16.11612924
New Zealand,2018,Female,Employment to population ratio,62.817
New Zealand,2018,Male,Employment to population ratio,73.066
New Zealand,2018,Female,Labour Force Participation Rate,65.779
New Zealand,2018,Male,Labour Force Participation Rate,76.263
New Zealand,2018,Female,Part Time Employment,53.48
New Zealand,2018,Male,Part Time Employment,29.57
New Zealand,2018,Female,Vulnerable Employment,14.39982087
New Zealand,2018,Male,Vulnerable Employment,20.37414239
Nicaragua,2018,Female,Employment to population ratio,46.038
Nicaragua,2018,Male,Employment to population ratio,78.435
Nicaragua,2018,Female,Labour Force Participation Rate,48.595
Nicaragua,2018,Male,Labour Force Participation Rate,82.704
Nicaragua,2018,Female,Vulnerable Employment,45.53450104
Nicaragua,2018,Male,Vulnerable Employment,33.55191813
Niger,2018,Female,Employment to population ratio,61.831
Niger,2018,Male,Employment to population ratio,84.097
Niger,2018,Female,Labour Force Participation Rate,62.107
Niger,2018,Male,Labour Force Participation Rate,84.627
Niger,2018,Female,Vulnerable Employment,97.30675065
Niger,2018,Male,Vulnerable Employment,90.98106925
Nigeria,2018,Female,Employment to population ratio,50.235
Nigeria,2018,Male,Employment to population ratio,61.705
Nigeria,2018,Female,Labour Force Participation Rate,52.757
Nigeria,2018,Male,Labour Force Participation Rate,65.22
Nigeria,2018,Female,Vulnerable Employment,85.93968901
Nigeria,2018,Male,Vulnerable Employment,82.41190896
North Macedonia,2018,Female,Employment to population ratio,33.706
North Macedonia,2018,Male,Employment to population ratio,52.857
North Macedonia,2018,Female,Labour Force Participation Rate,42.429
North Macedonia,2018,Male,Labour Force Participation Rate,67.428
North Macedonia,2018,Female,Part Time Employment,14.28
North Macedonia,2018,Male,Part Time Employment,10
North Macedonia,2018,Female,Vulnerable Employment,14.80478252
North Macedonia,2018,Male,Vulnerable Employment,20.62526087
Norway,2018,Female,Employment to population ratio,58.347
Norway,2018,Male,Employment to population ratio,64.595
Norway,2018,Female,Labour Force Participation Rate,60.489
Norway,2018,Male,Labour Force Participation Rate,67.308
Norway,2018,Female,Part Time Employment,57.63
Norway,2018,Male,Part Time Employment,39.39
Norway,2018,Female,Vulnerable Employment,3.504863081
Norway,2018,Male,Vulnerable Employment,6.251365843
Oman,2018,Female,Employment to population ratio,28.308
Oman,2018,Male,Employment to population ratio,87.698
Oman,2018,Female,Labour Force Participation Rate,30.667
Oman,2018,Male,Labour Force Participation Rate,88.465
Oman,2018,Female,Vulnerable Employment,5.197040261
Oman,2018,Male,Vulnerable Employment,2.871188944
Pakistan,2018,Female,Employment to population ratio,20.732
Pakistan,2018,Male,Employment to population ratio,76.674
Pakistan,2018,Female,Labour Force Participation Rate,21.719
Pakistan,2018,Male,Labour Force Participation Rate,79.832
Pakistan,2018,Female,Vulnerable Employment,71.08139012
Pakistan,2018,Male,Vulnerable Employment,51.51753761
Panama,2018,Female,Employment to population ratio,48.613
Panama,2018,Male,Employment to population ratio,74.62
Panama,2018,Female,Labour Force Participation Rate,52.11
Panama,2018,Male,Labour Force Participation Rate,77.896
Panama,2018,Female,Part Time Employment,33.4
Panama,2018,Male,Part Time Employment,26.65
Panama,2018,Female,Vulnerable Employment,33.51877345
Panama,2018,Male,Vulnerable Employment,34.7366648
Papua New Guinea,2018,Female,Employment to population ratio,46.076
Papua New Guinea,2018,Male,Employment to population ratio,46.487
Papua New Guinea,2018,Female,Labour Force Participation Rate,46.768
Papua New Guinea,2018,Male,Labour Force Participation Rate,48.325
Papua New Guinea,2018,Female,Vulnerable Employment,84.0557613
Papua New Guinea,2018,Male,Vulnerable Employment,69.11313946
Paraguay,2018,Female,Employment to population ratio,54.95
Paraguay,2018,Male,Employment to population ratio,79.91
Paraguay,2018,Female,Labour Force Participation Rate,59.423
Paraguay,2018,Male,Labour Force Participation Rate,84.377
Paraguay,2018,Female,Part Time Employment,44.79
Paraguay,2018,Male,Part Time Employment,29.96
Paraguay,2018,Female,Vulnerable Employment,40.94007796
Paraguay,2018,Male,Vulnerable Employment,35.35311769
Peru,2018,Female,Employment to population ratio,67.202
Peru,2018,Male,Employment to population ratio,82.04
Peru,2018,Female,Labour Force Participation Rate,69.909
Peru,2018,Male,Labour Force Participation Rate,84.72
Peru,2018,Female,Part Time Employment,49.38
Peru,2018,Male,Part Time Employment,32.29
Peru,2018,Female,Vulnerable Employment,55.84654251
Peru,2018,Male,Vulnerable Employment,43.96140934
Philippines,2018,Female,Employment to population ratio,44.158
Philippines,2018,Male,Employment to population ratio,70.911
Philippines,2018,Female,Labour Force Participation Rate,45.374
Philippines,2018,Male,Labour Force Participation Rate,72.454
Philippines,2018,Female,Part Time Employment,29.13
Philippines,2018,Male,Part Time Employment,25.87
Philippines,2018,Female,Vulnerable Employment,37.42486912
Philippines,2018,Male,Vulnerable Employment,30.10413418
Poland,2018,Female,Employment to population ratio,47.374
Poland,2018,Male,Employment to population ratio,63.116
Poland,2018,Female,Labour Force Participation Rate,49.274
Poland,2018,Male,Labour Force Participation Rate,65.64
Poland,2018,Female,Part Time Employment,32.37
Poland,2018,Male,Part Time Employment,20.22
Poland,2018,Female,Vulnerable Employment,13.3357336
Poland,2018,Male,Vulnerable Employment,18.58847707
Portugal,2018,Female,Employment to population ratio,50.434
Portugal,2018,Male,Employment to population ratio,60.177
Portugal,2018,Female,Labour Force Participation Rate,54.483
Portugal,2018,Male,Labour Force Participation Rate,64.403
Portugal,2018,Female,Part Time Employment,32.45
Portugal,2018,Male,Part Time Employment,25.34
Portugal,2018,Female,Vulnerable Employment,9.337361632
Portugal,2018,Male,Vulnerable Employment,14.16136131
Puerto Rico,2018,Female,Employment to population ratio,29.123
Puerto Rico,2018,Male,Employment to population ratio,45.454
Puerto Rico,2018,Female,Labour Force Participation Rate,31.436
Puerto Rico,2018,Male,Labour Force Participation Rate,50.783
Puerto Rico,2018,Female,Vulnerable Employment,8.716541777
Puerto Rico,2018,Male,Vulnerable Employment,15.98792263
Qatar,2018,Female,Employment to population ratio,58.117
Qatar,2018,Male,Employment to population ratio,95.618
Qatar,2018,Female,Labour Force Participation Rate,58.381
Qatar,2018,Male,Labour Force Participation Rate,95.667
Qatar,2018,Female,Vulnerable Employment,0.052101023
Qatar,2018,Male,Vulnerable Employment,0.153067802
Romania,2018,Female,Employment to population ratio,44.115
Romania,2018,Male,Employment to population ratio,61.988
Romania,2018,Female,Labour Force Participation Rate,45.713
Romania,2018,Male,Labour Force Participation Rate,65.059
Romania,2018,Female,Part Time Employment,16.52
Romania,2018,Male,Part Time Employment,11.28
Romania,2018,Female,Vulnerable Employment,23.23425247
Romania,2018,Male,Vulnerable Employment,24.89244372
Russian Federation,2018,Female,Employment to population ratio,52.863
Russian Federation,2018,Male,Employment to population ratio,67.594
Russian Federation,2018,Female,Labour Force Participation Rate,55.519
Russian Federation,2018,Male,Labour Force Participation Rate,71.087
Russian Federation,2018,Female,Part Time Employment,11.58
Russian Federation,2018,Male,Part Time Employment,6.04
Russian Federation,2018,Female,Vulnerable Employment,4.817853796
Russian Federation,2018,Male,Vulnerable Employment,5.896011287
Rwanda,2018,Female,Employment to population ratio,47.995
Rwanda,2018,Male,Employment to population ratio,60.338
Rwanda,2018,Female,Labour Force Participation Rate,54.143
Rwanda,2018,Male,Labour Force Participation Rate,67.218
Rwanda,2018,Female,Vulnerable Employment,80.98417845
Rwanda,2018,Male,Vulnerable Employment,52.67072327
Samoa,2018,Female,Employment to population ratio,35.093
Samoa,2018,Male,Employment to population ratio,62.489
Samoa,2018,Female,Labour Force Participation Rate,41.134
Samoa,2018,Male,Labour Force Participation Rate,66.753
Samoa,2018,Female,Vulnerable Employment,29.83572987
Samoa,2018,Male,Vulnerable Employment,30.89113739
Sao Tome and Principe,2018,Female,Employment to population ratio,29.393
Sao Tome and Principe,2018,Male,Employment to population ratio,63.781
Sao Tome and Principe,2018,Female,Labour Force Participation Rate,37.511
Sao Tome and Principe,2018,Male,Labour Force Participation Rate,70.702
Sao Tome and Principe,2018,Female,Vulnerable Employment,68.58348865
Sao Tome and Principe,2018,Male,Vulnerable Employment,48.97891543
Saudi Arabia,2018,Female,Employment to population ratio,17.379
Saudi Arabia,2018,Male,Employment to population ratio,76.059
Saudi Arabia,2018,Female,Labour Force Participation Rate,22.028
Saudi Arabia,2018,Male,Labour Force Participation Rate,78.635
Saudi Arabia,2018,Female,Vulnerable Employment,0.997202658
Saudi Arabia,2018,Male,Vulnerable Employment,1.723565575
Senegal,2018,Female,Employment to population ratio,35.536
Senegal,2018,Male,Employment to population ratio,60.524
Senegal,2018,Female,Labour Force Participation Rate,37.148
Senegal,2018,Male,Labour Force Participation Rate,62.443
Senegal,2018,Female,Vulnerable Employment,78.54388234
Senegal,2018,Male,Vulnerable Employment,58.26924069
Serbia,2018,Female,Employment to population ratio,40.16
Serbia,2018,Male,Employment to population ratio,55.984
Serbia,2018,Female,Labour Force Participation Rate,46.529
Serbia,2018,Male,Labour Force Participation Rate,63.583
Serbia,2018,Female,Part Time Employment,23.57
Serbia,2018,Male,Part Time Employment,18.6
Serbia,2018,Female,Vulnerable Employment,21.45343942
Serbia,2018,Male,Vulnerable Employment,27.23604343
Seychelles,2018,Female,Part Time Employment,10.82
Seychelles,2018,Male,Part Time Employment,12.92
Sierra Leone,2018,Female,Employment to population ratio,50.303
Sierra Leone,2018,Male,Employment to population ratio,54.096
Sierra Leone,2018,Female,Labour Force Participation Rate,51.396
Sierra Leone,2018,Male,Labour Force Participation Rate,56.448
Sierra Leone,2018,Female,Vulnerable Employment,91.16598017
Sierra Leone,2018,Male,Vulnerable Employment,82.69894158
Singapore,2018,Female,Employment to population ratio,59.223
Singapore,2018,Male,Employment to population ratio,75.2
Singapore,2018,Female,Labour Force Participation Rate,61.584
Singapore,2018,Male,Labour Force Participation Rate,77.88
Singapore,2018,Female,Vulnerable Employment,6.036970519
Singapore,2018,Male,Vulnerable Employment,10.91116138
Slovak Republic,2018,Female,Employment to population ratio,48.637
Slovak Republic,2018,Male,Employment to population ratio,63.655
Slovak Republic,2018,Female,Labour Force Participation Rate,52.316
Slovak Republic,2018,Male,Labour Force Participation Rate,67.815
Slovak Republic,2018,Female,Part Time Employment,28.27
Slovak Republic,2018,Male,Part Time Employment,20.02
Slovak Republic,2018,Female,Vulnerable Employment,8.241830632
Slovak Republic,2018,Male,Vulnerable Employment,14.91236386
Slovenia,2018,Female,Employment to population ratio,50.659
Slovenia,2018,Male,Employment to population ratio,61.005
Slovenia,2018,Female,Labour Force Participation Rate,53.742
Slovenia,2018,Male,Labour Force Participation Rate,63.956
Slovenia,2018,Female,Part Time Employment,36.11
Slovenia,2018,Male,Part Time Employment,24.77
Slovenia,2018,Female,Vulnerable Employment,10.59587666
Slovenia,2018,Male,Vulnerable Employment,14.6574132
Solomon Islands,2018,Female,Employment to population ratio,81.576
Solomon Islands,2018,Male,Employment to population ratio,84.98
Solomon Islands,2018,Female,Labour Force Participation Rate,82.184
Solomon Islands,2018,Male,Labour Force Participation Rate,85.57
Solomon Islands,2018,Female,Vulnerable Employment,76.64027681
Solomon Islands,2018,Male,Vulnerable Employment,55.31266724
Somalia,2018,Female,Employment to population ratio,15.914
Somalia,2018,Male,Employment to population ratio,39.665
Somalia,2018,Female,Labour Force Participation Rate,21.033
Somalia,2018,Male,Labour Force Participation Rate,47.375
Somalia,2018,Female,Vulnerable Employment,60.82884628
Somalia,2018,Male,Vulnerable Employment,39.93723211
South Africa,2018,Female,Employment to population ratio,38.301
South Africa,2018,Male,Employment to population ratio,50.388
South Africa,2018,Female,Labour Force Participation Rate,51.677
South Africa,2018,Male,Labour Force Participation Rate,65.242
South Africa,2018,Female,Part Time Employment,18.92
South Africa,2018,Male,Part Time Employment,11
South Africa,2018,Female,Vulnerable Employment,21.70135984
South Africa,2018,Male,Vulnerable Employment,19.08421127
South Sudan,2018,Female,Employment to population ratio,60.071
South Sudan,2018,Male,Employment to population ratio,62.581
South Sudan,2018,Female,Labour Force Participation Rate,70.028
South Sudan,2018,Male,Labour Force Participation Rate,71.17
South Sudan,2018,Female,Vulnerable Employment,95.36208304
South Sudan,2018,Male,Vulnerable Employment,81.76315346
Spain,2018,Female,Employment to population ratio,43.077
Spain,2018,Male,Employment to population ratio,54.804
Spain,2018,Female,Labour Force Participation Rate,51.912
Spain,2018,Male,Labour Force Participation Rate,63.519
Spain,2018,Female,Part Time Employment,39.81
Spain,2018,Male,Part Time Employment,19.9
Spain,2018,Female,Vulnerable Employment,8.398056442
Spain,2018,Male,Vulnerable Employment,13.17305042
Sri Lanka,2018,Female,Employment to population ratio,30.864
Sri Lanka,2018,Male,Employment to population ratio,70.101
Sri Lanka,2018,Female,Labour Force Participation Rate,33.171
Sri Lanka,2018,Male,Labour Force Participation Rate,72.256
Sri Lanka,2018,Female,Part Time Employment,33.74
Sri Lanka,2018,Male,Part Time Employment,20.44
Sri Lanka,2018,Female,Vulnerable Employment,41.37797988
Sri Lanka,2018,Male,Vulnerable Employment,38.49107939
St. Lucia,2018,Female,Employment to population ratio,51.193
St. Lucia,2018,Male,Employment to population ratio,63.084
St. Lucia,2018,Female,Labour Force Participation Rate,64.704
St. Lucia,2018,Male,Labour Force Participation Rate,76.551
St. Lucia,2018,Female,Vulnerable Employment,18.88509976
St. Lucia,2018,Male,Vulnerable Employment,26.49249558
St. Vincent and the Grenadines,2018,Female,Employment to population ratio,45.314
St. Vincent and the Grenadines,2018,Male,Employment to population ratio,59.762
St. Vincent and the Grenadines,2018,Female,Labour Force Participation Rate,54.467
St. Vincent and the Grenadines,2018,Male,Labour Force Participation Rate,75.077
St. Vincent and the Grenadines,2018,Female,Vulnerable Employment,16.83829669
St. Vincent and the Grenadines,2018,Male,Vulnerable Employment,22.96174381
Sudan,2018,Female,Employment to population ratio,20.201
Sudan,2018,Male,Employment to population ratio,60.447
Sudan,2018,Female,Labour Force Participation Rate,28.767
Sudan,2018,Male,Labour Force Participation Rate,68.672
Sudan,2018,Female,Vulnerable Employment,67.75551445
Sudan,2018,Male,Vulnerable Employment,54.88989903
Suriname,2018,Female,Employment to population ratio,40.914
Suriname,2018,Male,Employment to population ratio,63.261
Suriname,2018,Female,Labour Force Participation Rate,45.874
Suriname,2018,Male,Labour Force Participation Rate,66.949
Suriname,2018,Female,Vulnerable Employment,18.41273057
Suriname,2018,Male,Vulnerable Employment,20.40527734
Sweden,2018,Female,Employment to population ratio,58.272
Sweden,2018,Male,Employment to population ratio,64.371
Sweden,2018,Female,Labour Force Participation Rate,62.146
Sweden,2018,Male,Labour Force Participation Rate,68.827
Sweden,2018,Female,Part Time Employment,54.22
Sweden,2018,Male,Part Time Employment,39.36
Sweden,2018,Female,Vulnerable Employment,4.126741356
Sweden,2018,Male,Vulnerable Employment,7.941454792
Switzerland,2018,Female,Employment to population ratio,59.688
Switzerland,2018,Male,Employment to population ratio,70.986
Switzerland,2018,Female,Labour Force Participation Rate,62.898
Switzerland,2018,Male,Labour Force Participation Rate,74.226
Switzerland,2018,Female,Part Time Employment,50.83
Switzerland,2018,Male,Part Time Employment,22.43
Switzerland,2018,Female,Vulnerable Employment,10.12091285
Switzerland,2018,Male,Vulnerable Employment,9.882912751
Syrian Arab Republic,2018,Female,Employment to population ratio,10.364
Syrian Arab Republic,2018,Male,Employment to population ratio,56.276
Syrian Arab Republic,2018,Female,Labour Force Participation Rate,13.824
Syrian Arab Republic,2018,Male,Labour Force Participation Rate,63.234
Syrian Arab Republic,2018,Female,Vulnerable Employment,10.1384191
Syrian Arab Republic,2018,Male,Vulnerable Employment,40.76543498
Tajikistan,2018,Female,Employment to population ratio,29.945
Tajikistan,2018,Male,Employment to population ratio,47.557
Tajikistan,2018,Female,Labour Force Participation Rate,31.665
Tajikistan,2018,Male,Labour Force Participation Rate,51.582
Tajikistan,2018,Female,Vulnerable Employment,28.0581783
Tajikistan,2018,Male,Vulnerable Employment,22.91708519
Tanzania,2018,Female,Employment to population ratio,75.493
Tanzania,2018,Male,Employment to population ratio,85.133
Tanzania,2018,Female,Labour Force Participation Rate,77.922
Tanzania,2018,Male,Labour Force Participation Rate,86.513
Tanzania,2018,Female,Vulnerable Employment,89.45825056
Tanzania,2018,Male,Vulnerable Employment,78.8356857
Thailand,2018,Female,Employment to population ratio,59.215
Thailand,2018,Male,Employment to population ratio,75.941
Thailand,2018,Female,Labour Force Participation Rate,59.661
Thailand,2018,Male,Labour Force Participation Rate,76.544
Thailand,2018,Female,Part Time Employment,18.37
Thailand,2018,Male,Part Time Employment,17.76
Thailand,2018,Female,Vulnerable Employment,50.2152377
Thailand,2018,Male,Vulnerable Employment,47.58092175
Timor-Leste,2018,Female,Employment to population ratio,58.903
Timor-Leste,2018,Male,Employment to population ratio,70.947
Timor-Leste,2018,Female,Labour Force Participation Rate,61.927
Timor-Leste,2018,Male,Labour Force Participation Rate,72.916
Timor-Leste,2018,Female,Vulnerable Employment,80.54986635
Timor-Leste,2018,Male,Vulnerable Employment,57.58991438
Togo,2018,Female,Employment to population ratio,54.282
Togo,2018,Male,Employment to population ratio,57.273
Togo,2018,Female,Labour Force Participation Rate,55.834
Togo,2018,Male,Labour Force Participation Rate,60.076
Togo,2018,Female,Vulnerable Employment,81.06932725
Togo,2018,Male,Vulnerable Employment,62.79228536
Tonga,2018,Female,Employment to population ratio,41.167
Tonga,2018,Male,Employment to population ratio,64.668
Tonga,2018,Female,Labour Force Participation Rate,42.507
Tonga,2018,Male,Labour Force Participation Rate,65.74
Tonga,2018,Female,Vulnerable Employment,36.39096693
Tonga,2018,Male,Vulnerable Employment,38.97928294
Trinidad and Tobago,2018,Female,Employment to population ratio,46.717
Trinidad and Tobago,2018,Male,Employment to population ratio,65.009
Trinidad and Tobago,2018,Female,Labour Force Participation Rate,48.573
Trinidad and Tobago,2018,Male,Labour Force Participation Rate,67.186
Trinidad and Tobago,2018,Female,Vulnerable Employment,12.74272098
Trinidad and Tobago,2018,Male,Vulnerable Employment,24.4552266
Tunisia,2018,Female,Employment to population ratio,20.477
Tunisia,2018,Male,Employment to population ratio,59.699
Tunisia,2018,Female,Labour Force Participation Rate,26.508
Tunisia,2018,Male,Labour Force Participation Rate,68.224
Tunisia,2018,Female,Vulnerable Employment,12.69173339
Tunisia,2018,Male,Vulnerable Employment,22.99766198
Turkiye,2018,Female,Employment to population ratio,29.346
Turkiye,2018,Male,Employment to population ratio,65.539
Turkiye,2018,Female,Labour Force Participation Rate,34.037
Turkiye,2018,Male,Labour Force Participation Rate,72.434
Turkiye,2018,Female,Part Time Employment,33.4
Turkiye,2018,Male,Part Time Employment,18.01
Turkiye,2018,Female,Vulnerable Employment,33.49336074
Turkiye,2018,Male,Vulnerable Employment,24.87105938
Turkmenistan,2018,Female,Employment to population ratio,47.864
Turkmenistan,2018,Male,Employment to population ratio,43.882
Turkmenistan,2018,Female,Labour Force Participation Rate,49.09
Turkmenistan,2018,Male,Labour Force Participation Rate,46.56
Turkmenistan,2018,Female,Vulnerable Employment,30.0444744
Turkmenistan,2018,Male,Vulnerable Employment,27.75359904
Uganda,2018,Female,Employment to population ratio,64.774
Uganda,2018,Male,Employment to population ratio,70.885
Uganda,2018,Female,Labour Force Participation Rate,67.396
Uganda,2018,Male,Labour Force Participation Rate,72.994
Uganda,2018,Female,Vulnerable Employment,84.08316334
Uganda,2018,Male,Vulnerable Employment,66.99012886
Ukraine,2018,Female,Employment to population ratio,45.855
Ukraine,2018,Male,Employment to population ratio,57.978
Ukraine,2018,Female,Labour Force Participation Rate,49.542
Ukraine,2018,Male,Labour Force Participation Rate,64.46
Ukraine,2018,Female,Part Time Employment,8.86
Ukraine,2018,Male,Part Time Employment,4.72
Ukraine,2018,Female,Vulnerable Employment,13.82228016
Ukraine,2018,Male,Vulnerable Employment,17.72488546
United Arab Emirates,2018,Female,Employment to population ratio,49.638
United Arab Emirates,2018,Male,Employment to population ratio,91.172
United Arab Emirates,2018,Female,Labour Force Participation Rate,52.952
United Arab Emirates,2018,Male,Labour Force Participation Rate,92.475
United Arab Emirates,2018,Female,Vulnerable Employment,2.362870428
United Arab Emirates,2018,Male,Vulnerable Employment,0.675823015
United Kingdom,2018,Female,Employment to population ratio,55.747
United Kingdom,2018,Male,Employment to population ratio,65.576
United Kingdom,2018,Female,Labour Force Participation Rate,58.034
United Kingdom,2018,Male,Labour Force Participation Rate,68.345
United Kingdom,2018,Female,Part Time Employment,57.05
United Kingdom,2018,Male,Part Time Employment,28.26
United Kingdom,2018,Female,Vulnerable Employment,9.709581372
United Kingdom,2018,Male,Vulnerable Employment,16.0494534
United States,2018,Female,Employment to population ratio,54.327
United States,2018,Male,Employment to population ratio,65.745
United States,2018,Female,Labour Force Participation Rate,56.497
United States,2018,Male,Labour Force Participation Rate,68.449
United States,2018,Female,Part Time Employment,33.31
United States,2018,Male,Part Time Employment,20.13
United States,2018,Female,Vulnerable Employment,2.859878384
United States,2018,Male,Vulnerable Employment,5.468178225
Uruguay,2018,Female,Employment to population ratio,50.335
Uruguay,2018,Male,Employment to population ratio,67.197
Uruguay,2018,Female,Labour Force Participation Rate,55.974
Uruguay,2018,Male,Labour Force Participation Rate,72.148
Uruguay,2018,Female,Vulnerable Employment,21.87476064
Uruguay,2018,Male,Vulnerable Employment,26.5416072
Uzbekistan,2018,Female,Employment to population ratio,37.863
Uzbekistan,2018,Male,Employment to population ratio,69.842
Uzbekistan,2018,Female,Labour Force Participation Rate,40.24
Uzbekistan,2018,Male,Labour Force Participation Rate,73.583
Uzbekistan,2018,Female,Vulnerable Employment,23.1359631
Uzbekistan,2018,Male,Vulnerable Employment,41.23073886
Vanuatu,2018,Female,Employment to population ratio,56.325
Vanuatu,2018,Male,Employment to population ratio,74.988
Vanuatu,2018,Female,Labour Force Participation Rate,60.355
Vanuatu,2018,Male,Labour Force Participation Rate,78.322
Vanuatu,2018,Female,Vulnerable Employment,64.67364617
Vanuatu,2018,Male,Vulnerable Employment,56.24321553
"Venezuela, RB",2018,Female,Employment to population ratio,42.419
"Venezuela, RB",2018,Male,Employment to population ratio,70.211
"Venezuela, RB",2018,Female,Labour Force Participation Rate,45.237
"Venezuela, RB",2018,Male,Labour Force Participation Rate,73.949
"Venezuela, RB",2018,Female,Vulnerable Employment,30.68959662
"Venezuela, RB",2018,Male,Vulnerable Employment,36.84028534
Viet Nam,2018,Female,Employment to population ratio,69.752
Viet Nam,2018,Male,Employment to population ratio,80.034
Viet Nam,2018,Female,Labour Force Participation Rate,70.478
Viet Nam,2018,Male,Labour Force Participation Rate,81.072
Viet Nam,2018,Female,Part Time Employment,29.39
Viet Nam,2018,Male,Part Time Employment,22.08
Viet Nam,2018,Female,Vulnerable Employment,59.3935771
Viet Nam,2018,Male,Vulnerable Employment,48.83233379
Virgin Islands (U.S.),2018,Female,Employment to population ratio,39.51
Virgin Islands (U.S.),2018,Male,Employment to population ratio,58.577
Virgin Islands (U.S.),2018,Female,Labour Force Participation Rate,45.505
Virgin Islands (U.S.),2018,Male,Labour Force Participation Rate,66.141
Virgin Islands (U.S.),2018,Female,Vulnerable Employment,4.839640055
Virgin Islands (U.S.),2018,Male,Vulnerable Employment,8.283756986
West Bank and Gaza,2018,Female,Employment to population ratio,10.297
West Bank and Gaza,2018,Male,Employment to population ratio,54.477
West Bank and Gaza,2018,Female,Labour Force Participation Rate,17.638
West Bank and Gaza,2018,Male,Labour Force Participation Rate,70.085
West Bank and Gaza,2018,Female,Part Time Employment,48.46
West Bank and Gaza,2018,Male,Part Time Employment,22.66
West Bank and Gaza,2018,Female,Vulnerable Employment,22.07874851
West Bank and Gaza,2018,Male,Vulnerable Employment,23.39688848
"Yemen, Rep.",2018,Female,Employment to population ratio,3.61
"Yemen, Rep.",2018,Male,Employment to population ratio,49.53
"Yemen, Rep.",2018,Female,Labour Force Participation Rate,5.124
"Yemen, Rep.",2018,Male,Labour Force Participation Rate,59.411
"Yemen, Rep.",2018,Female,Vulnerable Employment,65.63341084
"Yemen, Rep.",2018,Male,Vulnerable Employment,46.67136939
Zambia,2018,Female,Employment to population ratio,49.526
Zambia,2018,Male,Employment to population ratio,61.849
Zambia,2018,Female,Labour Force Participation Rate,52.182
Zambia,2018,Male,Labour Force Participation Rate,65.09
Zambia,2018,Female,Vulnerable Employment,83.98141646
Zambia,2018,Male,Vulnerable Employment,62.93214544
Zimbabwe,2018,Female,Employment to population ratio,56.705
Zimbabwe,2018,Male,Employment to population ratio,67.132
Zimbabwe,2018,Female,Labour Force Participation Rate,60.683
Zimbabwe,2018,Male,Labour Force Participation Rate,72.173
Zimbabwe,2018,Female,Vulnerable Employment,78.00352939
Zimbabwe,2018,Male,Vulnerable Employment,60.85317399
Afghanistan,2019,Female,Employment to population ratio,15.564
Afghanistan,2019,Male,Employment to population ratio,62.354
Afghanistan,2019,Female,Labour Force Participation Rate,18.402
Afghanistan,2019,Male,Labour Force Participation Rate,69.228
Afghanistan,2019,Female,Vulnerable Employment,91.5305415
Afghanistan,2019,Male,Vulnerable Employment,80.48170285
Albania,2019,Female,Employment to population ratio,46.834
Albania,2019,Male,Employment to population ratio,59.998
Albania,2019,Female,Labour Force Participation Rate,52.815
Albania,2019,Male,Labour Force Participation Rate,67.859
Albania,2019,Female,Part Time Employment,24.87
Albania,2019,Male,Part Time Employment,16.27
Albania,2019,Female,Vulnerable Employment,51.00144957
Albania,2019,Male,Vulnerable Employment,51.35473749
Algeria,2019,Female,Employment to population ratio,12.963
Algeria,2019,Male,Employment to population ratio,59.5
Algeria,2019,Female,Labour Force Participation Rate,16.456
Algeria,2019,Male,Labour Force Participation Rate,66.204
Algeria,2019,Female,Vulnerable Employment,23.84139591
Algeria,2019,Male,Vulnerable Employment,27.15927318
Angola,2019,Female,Employment to population ratio,60.906
Angola,2019,Male,Employment to population ratio,64.469
Angola,2019,Female,Labour Force Participation Rate,72.985
Angola,2019,Male,Labour Force Participation Rate,77.163
Angola,2019,Female,Vulnerable Employment,70.73182893
Angola,2019,Male,Vulnerable Employment,50.29745407
Argentina,2019,Female,Employment to population ratio,44.662
Argentina,2019,Male,Employment to population ratio,64.48
Argentina,2019,Female,Labour Force Participation Rate,50.02
Argentina,2019,Male,Labour Force Participation Rate,71.012
Argentina,2019,Female,Vulnerable Employment,20.98430713
Argentina,2019,Male,Vulnerable Employment,23.96651731
Armenia,2019,Female,Employment to population ratio,51.614
Armenia,2019,Male,Employment to population ratio,59.936
Armenia,2019,Female,Labour Force Participation Rate,57.625
Armenia,2019,Male,Labour Force Participation Rate,69.785
Armenia,2019,Female,Part Time Employment,20.29
Armenia,2019,Male,Part Time Employment,12.79
Armenia,2019,Female,Vulnerable Employment,63.90442136
Armenia,2019,Male,Vulnerable Employment,55.44230862
Australia,2019,Female,Employment to population ratio,57.844
Australia,2019,Male,Employment to population ratio,67.402
Australia,2019,Female,Labour Force Participation Rate,60.957
Australia,2019,Male,Labour Force Participation Rate,71.105
Australia,2019,Female,Part Time Employment,56.97
Australia,2019,Male,Part Time Employment,32.58
Australia,2019,Female,Vulnerable Employment,6.720804311
Australia,2019,Male,Vulnerable Employment,8.919688239
Austria,2019,Female,Employment to population ratio,53.668
Austria,2019,Male,Employment to population ratio,63.597
Austria,2019,Female,Labour Force Participation Rate,56.15
Austria,2019,Male,Labour Force Participation Rate,66.721
Austria,2019,Female,Part Time Employment,60.59
Austria,2019,Male,Part Time Employment,29.14
Austria,2019,Female,Vulnerable Employment,7.815416895
Austria,2019,Male,Vulnerable Employment,8.241842791
Azerbaijan,2019,Female,Employment to population ratio,61.94
Azerbaijan,2019,Male,Employment to population ratio,68.503
Azerbaijan,2019,Female,Labour Force Participation Rate,65.714
Azerbaijan,2019,Male,Labour Force Participation Rate,71.553
Azerbaijan,2019,Female,Part Time Employment,24.26
Azerbaijan,2019,Male,Part Time Employment,15.03
Azerbaijan,2019,Female,Vulnerable Employment,60.85434959
Azerbaijan,2019,Male,Vulnerable Employment,48.1433656
"Bahamas, The",2019,Female,Employment to population ratio,60.198
"Bahamas, The",2019,Male,Employment to population ratio,72.74
"Bahamas, The",2019,Female,Labour Force Participation Rate,66.802
"Bahamas, The",2019,Male,Labour Force Participation Rate,80.801
"Bahamas, The",2019,Female,Vulnerable Employment,8.370845046
"Bahamas, The",2019,Male,Vulnerable Employment,21.70431565
Bahrain,2019,Female,Employment to population ratio,42.604
Bahrain,2019,Male,Employment to population ratio,86.808
Bahrain,2019,Female,Labour Force Participation Rate,44.354
Bahrain,2019,Male,Labour Force Participation Rate,87.231
Bahrain,2019,Female,Vulnerable Employment,1.021612116
Bahrain,2019,Male,Vulnerable Employment,1.03103434
Bangladesh,2019,Female,Employment to population ratio,34.453
Bangladesh,2019,Male,Employment to population ratio,78.334
Bangladesh,2019,Female,Labour Force Participation Rate,36.906
Bangladesh,2019,Male,Labour Force Participation Rate,81.012
Bangladesh,2019,Female,Vulnerable Employment,67.34413277
Bangladesh,2019,Male,Vulnerable Employment,50.33454713
Barbados,2019,Female,Employment to population ratio,54.765
Barbados,2019,Male,Employment to population ratio,59.619
Barbados,2019,Female,Labour Force Participation Rate,59.064
Barbados,2019,Male,Labour Force Participation Rate,65.908
Barbados,2019,Female,Vulnerable Employment,13.05332973
Barbados,2019,Male,Vulnerable Employment,25.21010986
Belarus,2019,Female,Employment to population ratio,57.428
Belarus,2019,Male,Employment to population ratio,67.83
Belarus,2019,Female,Labour Force Participation Rate,59.331
Belarus,2019,Male,Labour Force Participation Rate,71.49
Belarus,2019,Female,Vulnerable Employment,2.284175985
Belarus,2019,Male,Vulnerable Employment,4.91770117
Belgium,2019,Female,Employment to population ratio,47.379
Belgium,2019,Male,Employment to population ratio,55.745
Belgium,2019,Female,Labour Force Participation Rate,49.841
Belgium,2019,Male,Labour Force Participation Rate,59.133
Belgium,2019,Female,Part Time Employment,56.59
Belgium,2019,Male,Part Time Employment,26.52
Belgium,2019,Female,Vulnerable Employment,8.65045877
Belgium,2019,Male,Vulnerable Employment,12.32560268
Belize,2019,Female,Employment to population ratio,42.154
Belize,2019,Male,Employment to population ratio,73.3
Belize,2019,Female,Labour Force Participation Rate,48.962
Belize,2019,Male,Labour Force Participation Rate,77.987
Belize,2019,Female,Vulnerable Employment,34.20238239
Belize,2019,Male,Vulnerable Employment,27.55899266
Benin,2019,Female,Employment to population ratio,55.403
Benin,2019,Male,Employment to population ratio,68.327
Benin,2019,Female,Labour Force Participation Rate,56.323
Benin,2019,Male,Labour Force Participation Rate,69.126
Benin,2019,Female,Vulnerable Employment,83.82600471
Benin,2019,Male,Vulnerable Employment,72.7137677
Bhutan,2019,Female,Employment to population ratio,58.677
Bhutan,2019,Male,Employment to population ratio,69.656
Bhutan,2019,Female,Labour Force Participation Rate,60.69
Bhutan,2019,Male,Labour Force Participation Rate,71.28
Bhutan,2019,Female,Vulnerable Employment,83.44877664
Bhutan,2019,Male,Vulnerable Employment,62.21636542
Bolivia,2019,Female,Employment to population ratio,58.307
Bolivia,2019,Male,Employment to population ratio,77.887
Bolivia,2019,Female,Labour Force Participation Rate,60.736
Bolivia,2019,Male,Labour Force Participation Rate,80.661
Bolivia,2019,Female,Vulnerable Employment,68.93929652
Bolivia,2019,Male,Vulnerable Employment,56.85324037
Bosnia and Herzegovina,2019,Female,Employment to population ratio,30.018
Bosnia and Herzegovina,2019,Male,Employment to population ratio,49.754
Bosnia and Herzegovina,2019,Female,Labour Force Participation Rate,36.947
Bosnia and Herzegovina,2019,Male,Labour Force Participation Rate,57.607
Bosnia and Herzegovina,2019,Female,Part Time Employment,14.26
Bosnia and Herzegovina,2019,Male,Part Time Employment,10.22
Bosnia and Herzegovina,2019,Female,Vulnerable Employment,21.88086432
Bosnia and Herzegovina,2019,Male,Vulnerable Employment,17.29929372
Botswana,2019,Female,Employment to population ratio,45.728
Botswana,2019,Male,Employment to population ratio,56.686
Botswana,2019,Female,Labour Force Participation Rate,58.6
Botswana,2019,Male,Labour Force Participation Rate,69.487
Botswana,2019,Female,Vulnerable Employment,29.15552961
Botswana,2019,Male,Vulnerable Employment,28.23303262
Brazil,2019,Female,Employment to population ratio,47.226
Brazil,2019,Male,Employment to population ratio,67.2
Brazil,2019,Female,Labour Force Participation Rate,55.136
Brazil,2019,Male,Labour Force Participation Rate,74.723
Brazil,2019,Female,Part Time Employment,36.94
Brazil,2019,Male,Part Time Employment,21.84
Brazil,2019,Female,Vulnerable Employment,23.62428832
Brazil,2019,Male,Vulnerable Employment,30.5481155
Brunei Darussalam,2019,Female,Employment to population ratio,50.643
Brunei Darussalam,2019,Male,Employment to population ratio,68.601
Brunei Darussalam,2019,Female,Labour Force Participation Rate,54.966
Brunei Darussalam,2019,Male,Labour Force Participation Rate,72.755
Brunei Darussalam,2019,Female,Vulnerable Employment,8.70087482
Brunei Darussalam,2019,Male,Vulnerable Employment,4.596005069
Bulgaria,2019,Female,Employment to population ratio,48.33
Bulgaria,2019,Male,Employment to population ratio,60.524
Bulgaria,2019,Female,Labour Force Participation Rate,50.276
Bulgaria,2019,Male,Labour Force Participation Rate,63.402
Bulgaria,2019,Female,Part Time Employment,13.52
Bulgaria,2019,Male,Part Time Employment,9.46
Bulgaria,2019,Female,Vulnerable Employment,5.95544012
Bulgaria,2019,Male,Vulnerable Employment,8.414902789
Burkina Faso,2019,Female,Employment to population ratio,55.087
Burkina Faso,2019,Male,Employment to population ratio,69.769
Burkina Faso,2019,Female,Labour Force Participation Rate,57.768
Burkina Faso,2019,Male,Labour Force Participation Rate,73.258
Burkina Faso,2019,Female,Vulnerable Employment,87.99738047
Burkina Faso,2019,Male,Vulnerable Employment,80.64458571
Burundi,2019,Female,Employment to population ratio,78.974
Burundi,2019,Male,Employment to population ratio,78.379
Burundi,2019,Female,Labour Force Participation Rate,79.723
Burundi,2019,Male,Labour Force Participation Rate,79.266
Burundi,2019,Female,Vulnerable Employment,91.39255396
Burundi,2019,Male,Vulnerable Employment,77.23380365
Cabo Verde,2019,Female,Employment to population ratio,44.72
Cabo Verde,2019,Male,Employment to population ratio,56.334
Cabo Verde,2019,Female,Labour Force Participation Rate,50.55
Cabo Verde,2019,Male,Labour Force Participation Rate,64.485
Cabo Verde,2019,Female,Vulnerable Employment,44.46132742
Cabo Verde,2019,Male,Vulnerable Employment,26.17274406
Cambodia,2019,Female,Employment to population ratio,69.623
Cambodia,2019,Male,Employment to population ratio,82.612
Cambodia,2019,Female,Labour Force Participation Rate,69.725
Cambodia,2019,Male,Labour Force Participation Rate,82.685
Cambodia,2019,Female,Vulnerable Employment,59.20908032
Cambodia,2019,Male,Vulnerable Employment,47.21004912
Cameroon,2019,Female,Employment to population ratio,64.373
Cameroon,2019,Male,Employment to population ratio,74.135
Cameroon,2019,Female,Labour Force Participation Rate,67.188
Cameroon,2019,Male,Labour Force Participation Rate,76.582
Cameroon,2019,Female,Vulnerable Employment,81.44671886
Cameroon,2019,Male,Vulnerable Employment,64.3242012
Canada,2019,Female,Employment to population ratio,58.2
Canada,2019,Male,Employment to population ratio,65.832
Canada,2019,Female,Labour Force Participation Rate,61.437
Canada,2019,Male,Labour Force Participation Rate,70.085
Canada,2019,Female,Part Time Employment,52.64
Canada,2019,Male,Part Time Employment,35.14
Canada,2019,Female,Vulnerable Employment,9.349572123
Canada,2019,Male,Vulnerable Employment,12.18862665
Central African Republic,2019,Female,Employment to population ratio,58.905
Central African Republic,2019,Male,Employment to population ratio,73.601
Central African Republic,2019,Female,Labour Force Participation Rate,63.26
Central African Republic,2019,Male,Labour Force Participation Rate,77.815
Central African Republic,2019,Female,Vulnerable Employment,97.0246597
Central African Republic,2019,Male,Vulnerable Employment,88.5782079
Chad,2019,Female,Employment to population ratio,48.199
Chad,2019,Male,Employment to population ratio,70.416
Chad,2019,Female,Labour Force Participation Rate,48.549
Chad,2019,Male,Labour Force Participation Rate,71.335
Chad,2019,Female,Vulnerable Employment,96.07956542
Chad,2019,Male,Vulnerable Employment,85.79436581
Channel Islands,2019,Female,Employment to population ratio,48.353
Channel Islands,2019,Male,Employment to population ratio,62.085
Channel Islands,2019,Female,Labour Force Participation Rate,51.759
Channel Islands,2019,Male,Labour Force Participation Rate,66.056
Channel Islands,2019,Female,Vulnerable Employment,8.844976343
Channel Islands,2019,Male,Vulnerable Employment,12.97510123
Chile,2019,Female,Employment to population ratio,45.495
Chile,2019,Male,Employment to population ratio,65.344
Chile,2019,Female,Labour Force Participation Rate,49.451
Chile,2019,Male,Labour Force Participation Rate,70.067
Chile,2019,Female,Part Time Employment,38.82
Chile,2019,Male,Part Time Employment,25.04
Chile,2019,Female,Vulnerable Employment,22.85393767
Chile,2019,Male,Vulnerable Employment,22.13152089
China,2019,Female,Employment to population ratio,58.999
China,2019,Male,Employment to population ratio,69.503
China,2019,Female,Labour Force Participation Rate,61.433
China,2019,Male,Labour Force Participation Rate,73.2
China,2019,Female,Vulnerable Employment,44.01742743
China,2019,Male,Vulnerable Employment,41.00152785
Colombia,2019,Female,Employment to population ratio,45.523
Colombia,2019,Male,Employment to population ratio,70.44
Colombia,2019,Female,Labour Force Participation Rate,52.402
Colombia,2019,Male,Labour Force Participation Rate,76.773
Colombia,2019,Female,Part Time Employment,37.95
Colombia,2019,Male,Part Time Employment,19.14
Colombia,2019,Female,Vulnerable Employment,46.25419915
Colombia,2019,Male,Vulnerable Employment,46.37542458
Comoros,2019,Female,Employment to population ratio,31.139
Comoros,2019,Male,Employment to population ratio,52.662
Comoros,2019,Female,Labour Force Participation Rate,32.992
Comoros,2019,Male,Labour Force Participation Rate,55.168
Comoros,2019,Female,Vulnerable Employment,67.08541052
Comoros,2019,Male,Vulnerable Employment,50.3097942
"Congo, Dem. Rep.",2019,Female,Employment to population ratio,60.207
"Congo, Dem. Rep.",2019,Male,Employment to population ratio,65.572
"Congo, Dem. Rep.",2019,Female,Labour Force Participation Rate,62.55
"Congo, Dem. Rep.",2019,Male,Labour Force Participation Rate,69.41
"Congo, Dem. Rep.",2019,Female,Vulnerable Employment,88.91639194
"Congo, Dem. Rep.",2019,Male,Vulnerable Employment,76.55882876
"Congo, Rep.",2019,Female,Employment to population ratio,52.109
"Congo, Rep.",2019,Male,Employment to population ratio,55.329
"Congo, Rep.",2019,Female,Labour Force Participation Rate,66.912
"Congo, Rep.",2019,Male,Labour Force Participation Rate,68.737
"Congo, Rep.",2019,Female,Vulnerable Employment,88.18208013
"Congo, Rep.",2019,Male,Vulnerable Employment,61.75327958
Costa Rica,2019,Female,Employment to population ratio,45.156
Costa Rica,2019,Male,Employment to population ratio,69.562
Costa Rica,2019,Female,Labour Force Participation Rate,52.579
Costa Rica,2019,Male,Labour Force Participation Rate,76.029
Costa Rica,2019,Female,Part Time Employment,39.51
Costa Rica,2019,Male,Part Time Employment,20.63
Costa Rica,2019,Female,Vulnerable Employment,22.13859819
Costa Rica,2019,Male,Vulnerable Employment,26.15349024
Cote d'Ivoire,2019,Female,Employment to population ratio,54.57
Cote d'Ivoire,2019,Male,Employment to population ratio,71.457
Cote d'Ivoire,2019,Female,Labour Force Participation Rate,56.264
Cote d'Ivoire,2019,Male,Labour Force Participation Rate,72.871
Cote d'Ivoire,2019,Female,Vulnerable Employment,81.80573688
Cote d'Ivoire,2019,Male,Vulnerable Employment,63.94280123
Croatia,2019,Female,Employment to population ratio,41.904
Croatia,2019,Male,Employment to population ratio,53.977
Croatia,2019,Female,Labour Force Participation Rate,45.139
Croatia,2019,Male,Labour Force Participation Rate,57.518
Croatia,2019,Female,Part Time Employment,29.5
Croatia,2019,Male,Part Time Employment,22.94
Croatia,2019,Female,Vulnerable Employment,6.10389526
Croatia,2019,Male,Vulnerable Employment,8.535654033
Cuba,2019,Female,Employment to population ratio,41.578
Cuba,2019,Male,Employment to population ratio,69.84
Cuba,2019,Female,Labour Force Participation Rate,42.083
Cuba,2019,Male,Labour Force Participation Rate,70.688
Cuba,2019,Female,Vulnerable Employment,18.12191696
Cuba,2019,Male,Vulnerable Employment,22.65232606
Cyprus,2019,Female,Employment to population ratio,52.702
Cyprus,2019,Male,Employment to population ratio,64.36
Cyprus,2019,Female,Labour Force Participation Rate,57.354
Cyprus,2019,Male,Labour Force Participation Rate,68.719
Cyprus,2019,Female,Part Time Employment,35.71
Cyprus,2019,Male,Part Time Employment,26.91
Cyprus,2019,Female,Vulnerable Employment,9.343453789
Cyprus,2019,Male,Vulnerable Employment,13.66370901
Czechia,2019,Female,Employment to population ratio,51.334
Czechia,2019,Male,Employment to population ratio,67.347
Czechia,2019,Female,Labour Force Participation Rate,52.59
Czechia,2019,Male,Labour Force Participation Rate,68.53
Czechia,2019,Female,Part Time Employment,34.9
Czechia,2019,Male,Part Time Employment,23.16
Czechia,2019,Female,Vulnerable Employment,10.52557385
Czechia,2019,Male,Vulnerable Employment,16.36179886
Denmark,2019,Female,Employment to population ratio,54.932
Denmark,2019,Male,Employment to population ratio,63.648
Denmark,2019,Female,Labour Force Participation Rate,57.987
Denmark,2019,Male,Labour Force Participation Rate,66.857
Denmark,2019,Female,Part Time Employment,54.97
Denmark,2019,Male,Part Time Employment,34.9
Denmark,2019,Female,Vulnerable Employment,3.678725119
Denmark,2019,Male,Vulnerable Employment,6.051899293
Djibouti,2019,Female,Employment to population ratio,11.694
Djibouti,2019,Male,Employment to population ratio,35.84
Djibouti,2019,Female,Labour Force Participation Rate,18.329
Djibouti,2019,Male,Labour Force Participation Rate,46.102
Djibouti,2019,Female,Vulnerable Employment,63.33417564
Djibouti,2019,Male,Vulnerable Employment,46.01680465
Dominican Republic,2019,Female,Employment to population ratio,47.228
Dominican Republic,2019,Male,Employment to population ratio,74.524
Dominican Republic,2019,Female,Labour Force Participation Rate,52.135
Dominican Republic,2019,Male,Labour Force Participation Rate,77.637
Dominican Republic,2019,Female,Part Time Employment,37.77
Dominican Republic,2019,Male,Part Time Employment,24.77
Dominican Republic,2019,Female,Vulnerable Employment,27.42921187
Dominican Republic,2019,Male,Vulnerable Employment,45.4657457
Ecuador,2019,Female,Employment to population ratio,51.892
Ecuador,2019,Male,Employment to population ratio,75.602
Ecuador,2019,Female,Labour Force Participation Rate,54.39
Ecuador,2019,Male,Labour Force Participation Rate,78.148
Ecuador,2019,Female,Vulnerable Employment,58.36724604
Ecuador,2019,Male,Vulnerable Employment,41.5950737
"Egypt, Arab Rep.",2019,Female,Employment to population ratio,12.453
"Egypt, Arab Rep.",2019,Male,Employment to population ratio,65.017
"Egypt, Arab Rep.",2019,Female,Labour Force Participation Rate,15.831
"Egypt, Arab Rep.",2019,Male,Labour Force Participation Rate,68.264
"Egypt, Arab Rep.",2019,Female,Part Time Employment,12.55
"Egypt, Arab Rep.",2019,Male,Part Time Employment,8.87
"Egypt, Arab Rep.",2019,Female,Vulnerable Employment,29.94951651
"Egypt, Arab Rep.",2019,Male,Vulnerable Employment,17.53003204
El Salvador,2019,Female,Employment to population ratio,43.817
El Salvador,2019,Male,Employment to population ratio,72.915
El Salvador,2019,Female,Labour Force Participation Rate,45.825
El Salvador,2019,Male,Labour Force Participation Rate,75.97
El Salvador,2019,Female,Part Time Employment,26.79
El Salvador,2019,Male,Part Time Employment,19.55
El Salvador,2019,Female,Vulnerable Employment,43.62881065
El Salvador,2019,Male,Vulnerable Employment,28.31645123
Equatorial Guinea,2019,Female,Employment to population ratio,46.482
Equatorial Guinea,2019,Male,Employment to population ratio,54.67
Equatorial Guinea,2019,Female,Labour Force Participation Rate,51.267
Equatorial Guinea,2019,Male,Labour Force Participation Rate,59.165
Equatorial Guinea,2019,Female,Vulnerable Employment,86.54122944
Equatorial Guinea,2019,Male,Vulnerable Employment,71.61273442
Eritrea,2019,Female,Employment to population ratio,66.392
Eritrea,2019,Male,Employment to population ratio,80.901
Eritrea,2019,Female,Labour Force Participation Rate,71.161
Eritrea,2019,Male,Labour Force Participation Rate,85.389
Eritrea,2019,Female,Vulnerable Employment,80.68255255
Eritrea,2019,Male,Vulnerable Employment,62.15757381
Estonia,2019,Female,Employment to population ratio,54.67
Estonia,2019,Male,Employment to population ratio,67.443
Estonia,2019,Female,Labour Force Participation Rate,57.455
Estonia,2019,Male,Labour Force Participation Rate,70.308
Estonia,2019,Female,Part Time Employment,34.73
Estonia,2019,Male,Part Time Employment,24.83
Estonia,2019,Female,Vulnerable Employment,4.048711493
Estonia,2019,Male,Vulnerable Employment,7.648175855
Eswatini,2019,Female,Employment to population ratio,35.669
Eswatini,2019,Male,Employment to population ratio,43.203
Eswatini,2019,Female,Labour Force Participation Rate,47.135
Eswatini,2019,Male,Labour Force Participation Rate,54.648
Eswatini,2019,Female,Vulnerable Employment,40.36126391
Eswatini,2019,Male,Vulnerable Employment,27.60458467
Ethiopia,2019,Female,Employment to population ratio,71.716
Ethiopia,2019,Male,Employment to population ratio,84.761
Ethiopia,2019,Female,Labour Force Participation Rate,74.563
Ethiopia,2019,Male,Labour Force Participation Rate,86.498
Ethiopia,2019,Female,Vulnerable Employment,88.4655101
Ethiopia,2019,Male,Vulnerable Employment,83.37145713
Fiji,2019,Female,Employment to population ratio,36.295
Fiji,2019,Male,Employment to population ratio,73.572
Fiji,2019,Female,Labour Force Participation Rate,38.453
Fiji,2019,Male,Labour Force Participation Rate,76.438
Fiji,2019,Female,Vulnerable Employment,28.72094604
Fiji,2019,Male,Vulnerable Employment,32.14002326
Finland,2019,Female,Employment to population ratio,52.327
Finland,2019,Male,Employment to population ratio,58.638
Finland,2019,Female,Labour Force Participation Rate,55.765
Finland,2019,Male,Labour Force Participation Rate,63.169
Finland,2019,Female,Part Time Employment,50.57
Finland,2019,Male,Part Time Employment,37.56
Finland,2019,Female,Vulnerable Employment,7.67068594
Finland,2019,Male,Vulnerable Employment,11.53746794
France,2019,Female,Employment to population ratio,46.977
France,2019,Male,Employment to population ratio,54.613
France,2019,Female,Labour Force Participation Rate,51.256
France,2019,Male,Labour Force Participation Rate,59.666
France,2019,Female,Part Time Employment,48.63
France,2019,Male,Part Time Employment,30.9
France,2019,Female,Vulnerable Employment,6.508734106
France,2019,Male,Vulnerable Employment,9.121712417
French Polynesia,2019,Female,Employment to population ratio,43.391
French Polynesia,2019,Male,Employment to population ratio,56.188
French Polynesia,2019,Female,Labour Force Participation Rate,49.551
French Polynesia,2019,Male,Labour Force Participation Rate,62.906
French Polynesia,2019,Female,Vulnerable Employment,13.18304779
French Polynesia,2019,Male,Vulnerable Employment,19.16317611
Gabon,2019,Female,Employment to population ratio,28.042
Gabon,2019,Male,Employment to population ratio,48.824
Gabon,2019,Female,Labour Force Participation Rate,39.536
Gabon,2019,Male,Labour Force Participation Rate,57.237
Gabon,2019,Female,Vulnerable Employment,37.37633098
Gabon,2019,Male,Vulnerable Employment,27.5894789
"Gambia, The",2019,Female,Employment to population ratio,54.358
"Gambia, The",2019,Male,Employment to population ratio,62.573
"Gambia, The",2019,Female,Labour Force Participation Rate,56.09
"Gambia, The",2019,Male,Labour Force Participation Rate,65.782
"Gambia, The",2019,Female,Vulnerable Employment,81.72219809
"Gambia, The",2019,Male,Vulnerable Employment,66.95826078
Georgia,2019,Female,Employment to population ratio,49.071
Georgia,2019,Male,Employment to population ratio,63.42
Georgia,2019,Female,Labour Force Participation Rate,54.626
Georgia,2019,Male,Labour Force Participation Rate,72.741
Georgia,2019,Female,Vulnerable Employment,45.15819678
Georgia,2019,Male,Vulnerable Employment,50.05844428
Germany,2019,Female,Employment to population ratio,55.048
Germany,2019,Male,Employment to population ratio,65.101
Germany,2019,Female,Labour Force Participation Rate,56.596
Germany,2019,Male,Labour Force Participation Rate,67.459
Germany,2019,Female,Part Time Employment,57.83
Germany,2019,Male,Part Time Employment,26.6
Germany,2019,Female,Vulnerable Employment,4.684911713
Germany,2019,Male,Vulnerable Employment,5.948397287
Ghana,2019,Female,Employment to population ratio,63.138
Ghana,2019,Male,Employment to population ratio,70.598
Ghana,2019,Female,Labour Force Participation Rate,65.288
Ghana,2019,Male,Labour Force Participation Rate,72.824
Ghana,2019,Female,Vulnerable Employment,78.02858048
Ghana,2019,Male,Vulnerable Employment,62.3902918
Greece,2019,Female,Employment to population ratio,34.732
Greece,2019,Male,Employment to population ratio,50.257
Greece,2019,Female,Labour Force Participation Rate,44.08
Greece,2019,Male,Labour Force Participation Rate,58.239
Greece,2019,Female,Part Time Employment,32.83
Greece,2019,Male,Part Time Employment,19.41
Greece,2019,Female,Vulnerable Employment,21.79751709
Greece,2019,Male,Vulnerable Employment,26.47365042
Guam,2019,Female,Employment to population ratio,53.548
Guam,2019,Male,Employment to population ratio,64.854
Guam,2019,Female,Labour Force Participation Rate,56.433
Guam,2019,Male,Labour Force Participation Rate,68.725
Guam,2019,Female,Vulnerable Employment,6.669698348
Guam,2019,Male,Vulnerable Employment,11.62125171
Guatemala,2019,Female,Employment to population ratio,36.063
Guatemala,2019,Male,Employment to population ratio,80.635
Guatemala,2019,Female,Labour Force Participation Rate,37.154
Guatemala,2019,Male,Labour Force Participation Rate,82.144
Guatemala,2019,Female,Vulnerable Employment,42.00311239
Guatemala,2019,Male,Vulnerable Employment,29.91846979
Guinea,2019,Female,Employment to population ratio,40.126
Guinea,2019,Male,Employment to population ratio,61.069
Guinea,2019,Female,Labour Force Participation Rate,42.268
Guinea,2019,Male,Labour Force Participation Rate,64.275
Guinea,2019,Female,Vulnerable Employment,87.50697373
Guinea,2019,Male,Vulnerable Employment,74.43993783
Guinea-Bissau,2019,Female,Employment to population ratio,47.53
Guinea-Bissau,2019,Male,Employment to population ratio,61.193
Guinea-Bissau,2019,Female,Labour Force Participation Rate,48.866
Guinea-Bissau,2019,Male,Labour Force Participation Rate,63.501
Guinea-Bissau,2019,Female,Vulnerable Employment,79.20657456
Guinea-Bissau,2019,Male,Vulnerable Employment,60.88868101
Guyana,2019,Female,Employment to population ratio,33.252
Guyana,2019,Male,Employment to population ratio,53.977
Guyana,2019,Female,Labour Force Participation Rate,39.163
Guyana,2019,Male,Labour Force Participation Rate,61.66
Guyana,2019,Female,Vulnerable Employment,29.98295198
Guyana,2019,Male,Vulnerable Employment,27.47595686
Haiti,2019,Female,Employment to population ratio,51.471
Haiti,2019,Male,Employment to population ratio,61.865
Haiti,2019,Female,Labour Force Participation Rate,62.068
Haiti,2019,Male,Labour Force Participation Rate,69.784
Haiti,2019,Female,Vulnerable Employment,82.31186328
Haiti,2019,Male,Vulnerable Employment,67.56061708
Honduras,2019,Female,Employment to population ratio,43.399
Honduras,2019,Male,Employment to population ratio,78.463
Honduras,2019,Female,Labour Force Participation Rate,47.061
Honduras,2019,Male,Labour Force Participation Rate,81.97
Honduras,2019,Female,Part Time Employment,41.41
Honduras,2019,Male,Part Time Employment,30.12
Honduras,2019,Female,Vulnerable Employment,52.61135763
Honduras,2019,Male,Vulnerable Employment,35.72416173
"Hong Kong SAR, China",2019,Female,Employment to population ratio,53.744
"Hong Kong SAR, China",2019,Male,Employment to population ratio,65.098
"Hong Kong SAR, China",2019,Female,Labour Force Participation Rate,55.006
"Hong Kong SAR, China",2019,Male,Labour Force Participation Rate,67.482
"Hong Kong SAR, China",2019,Female,Vulnerable Employment,4.07894478
"Hong Kong SAR, China",2019,Male,Vulnerable Employment,7.921005327
Hungary,2019,Female,Employment to population ratio,46.677
Hungary,2019,Male,Employment to population ratio,64.123
Hungary,2019,Female,Labour Force Participation Rate,48.368
Hungary,2019,Male,Labour Force Participation Rate,66.35
Hungary,2019,Female,Part Time Employment,29.89
Hungary,2019,Male,Part Time Employment,22.94
Hungary,2019,Female,Vulnerable Employment,6.158188625
Hungary,2019,Male,Vulnerable Employment,7.968184608
Iceland,2019,Female,Employment to population ratio,68.806
Iceland,2019,Male,Employment to population ratio,76.749
Iceland,2019,Female,Labour Force Participation Rate,71.018
Iceland,2019,Male,Labour Force Participation Rate,79.818
Iceland,2019,Female,Part Time Employment,47.79
Iceland,2019,Male,Part Time Employment,27.93
Iceland,2019,Female,Vulnerable Employment,7.327357914
Iceland,2019,Male,Vulnerable Employment,11.28930026
India,2019,Female,Employment to population ratio,24.854
India,2019,Male,Employment to population ratio,69.699
India,2019,Female,Labour Force Participation Rate,26.461
India,2019,Male,Labour Force Participation Rate,74.669
India,2019,Female,Vulnerable Employment,72.65161752
India,2019,Male,Vulnerable Employment,71.59953928
Indonesia,2019,Female,Employment to population ratio,52.105
Indonesia,2019,Male,Employment to population ratio,79.451
Indonesia,2019,Female,Labour Force Participation Rate,53.91
Indonesia,2019,Male,Labour Force Participation Rate,82.545
Indonesia,2019,Female,Part Time Employment,45.83
Indonesia,2019,Male,Part Time Employment,31.51
Indonesia,2019,Female,Vulnerable Employment,57.14228768
Indonesia,2019,Male,Vulnerable Employment,42.70167997
"Iran, Islamic Rep.",2019,Female,Employment to population ratio,13.93
"Iran, Islamic Rep.",2019,Male,Employment to population ratio,63.676
"Iran, Islamic Rep.",2019,Female,Labour Force Participation Rate,16.901
"Iran, Islamic Rep.",2019,Male,Labour Force Participation Rate,70.062
"Iran, Islamic Rep.",2019,Female,Part Time Employment,50.14
"Iran, Islamic Rep.",2019,Male,Part Time Employment,20.05
"Iran, Islamic Rep.",2019,Female,Vulnerable Employment,42.16070563
"Iran, Islamic Rep.",2019,Male,Vulnerable Employment,41.15399392
Iraq,2019,Female,Employment to population ratio,8.093
Iraq,2019,Male,Employment to population ratio,64.131
Iraq,2019,Female,Labour Force Participation Rate,11.353
Iraq,2019,Male,Labour Force Participation Rate,72.568
Iraq,2019,Female,Vulnerable Employment,25.35068941
Iraq,2019,Male,Vulnerable Employment,27.14834054
Ireland,2019,Female,Employment to population ratio,53.612
Ireland,2019,Male,Employment to population ratio,65.101
Ireland,2019,Female,Labour Force Participation Rate,56.251
Ireland,2019,Male,Labour Force Participation Rate,68.651
Ireland,2019,Female,Part Time Employment,50.66
Ireland,2019,Male,Part Time Employment,21.62
Ireland,2019,Female,Vulnerable Employment,5.627732109
Ireland,2019,Male,Vulnerable Employment,14.10782416
Israel,2019,Female,Employment to population ratio,58.271
Israel,2019,Male,Employment to population ratio,67.013
Israel,2019,Female,Labour Force Participation Rate,60.602
Israel,2019,Male,Labour Force Participation Rate,69.535
Israel,2019,Female,Part Time Employment,44.63
Israel,2019,Male,Part Time Employment,23.65
Israel,2019,Female,Vulnerable Employment,7.107805438
Israel,2019,Male,Vulnerable Employment,9.17718382
Italy,2019,Female,Employment to population ratio,36.669
Italy,2019,Male,Employment to population ratio,53.767
Italy,2019,Female,Labour Force Participation Rate,41.248
Italy,2019,Male,Labour Force Participation Rate,59.143
Italy,2019,Female,Part Time Employment,49.84
Italy,2019,Male,Part Time Employment,21.24
Italy,2019,Female,Vulnerable Employment,13.40246539
Italy,2019,Male,Vulnerable Employment,19.23296029
Jamaica,2019,Female,Employment to population ratio,56.261
Jamaica,2019,Male,Employment to population ratio,71.697
Jamaica,2019,Female,Labour Force Participation Rate,60.093
Jamaica,2019,Male,Labour Force Participation Rate,74.56
Jamaica,2019,Female,Vulnerable Employment,29.57729072
Jamaica,2019,Male,Vulnerable Employment,37.82653459
Japan,2019,Female,Employment to population ratio,52.122
Japan,2019,Male,Employment to population ratio,69.587
Japan,2019,Female,Labour Force Participation Rate,53.276
Japan,2019,Male,Labour Force Participation Rate,71.368
Japan,2019,Female,Vulnerable Employment,7.455145285
Japan,2019,Male,Vulnerable Employment,8.633224166
Jordan,2019,Female,Employment to population ratio,10.369
Jordan,2019,Male,Employment to population ratio,52.809
Jordan,2019,Female,Labour Force Participation Rate,13.645
Jordan,2019,Male,Labour Force Participation Rate,62.402
Jordan,2019,Female,Vulnerable Employment,3.72530445
Jordan,2019,Male,Vulnerable Employment,10.26543387
Kazakhstan,2019,Female,Employment to population ratio,61.183
Kazakhstan,2019,Male,Employment to population ratio,73.044
Kazakhstan,2019,Female,Labour Force Participation Rate,64.629
Kazakhstan,2019,Male,Labour Force Participation Rate,76.313
Kazakhstan,2019,Female,Vulnerable Employment,23.58122592
Kazakhstan,2019,Male,Vulnerable Employment,25.61026329
Kenya,2019,Female,Employment to population ratio,68.162
Kenya,2019,Male,Employment to population ratio,72.261
Kenya,2019,Female,Labour Force Participation Rate,71.941
Kenya,2019,Male,Labour Force Participation Rate,75.884
Kenya,2019,Female,Vulnerable Employment,69.16733619
Kenya,2019,Male,Vulnerable Employment,51.95089014
"Korea, Dem. People's Rep.",2019,Female,Employment to population ratio,67.561
"Korea, Dem. People's Rep.",2019,Male,Employment to population ratio,77.553
"Korea, Dem. People's Rep.",2019,Female,Labour Force Participation Rate,69.616
"Korea, Dem. People's Rep.",2019,Male,Labour Force Participation Rate,79.684
"Korea, Dem. People's Rep.",2019,Female,Vulnerable Employment,88.09825963
"Korea, Dem. People's Rep.",2019,Male,Vulnerable Employment,75.65260726
"Korea, Rep.",2019,Female,Employment to population ratio,51.826
"Korea, Rep.",2019,Male,Employment to population ratio,70.629
"Korea, Rep.",2019,Female,Labour Force Participation Rate,53.752
"Korea, Rep.",2019,Male,Labour Force Participation Rate,73.475
"Korea, Rep.",2019,Female,Part Time Employment,30.05
"Korea, Rep.",2019,Male,Part Time Employment,14.44
"Korea, Rep.",2019,Female,Vulnerable Employment,18.64349717
"Korea, Rep.",2019,Male,Vulnerable Employment,19.20979303
Kosovo,2019,Female,Part Time Employment,21.79
Kosovo,2019,Male,Part Time Employment,12.69
Kuwait,2019,Female,Employment to population ratio,45.718
Kuwait,2019,Male,Employment to population ratio,86.199
Kuwait,2019,Female,Labour Force Participation Rate,48.652
Kuwait,2019,Male,Labour Force Participation Rate,87.058
Kuwait,2019,Female,Vulnerable Employment,0.043295061
Kuwait,2019,Male,Vulnerable Employment,1.658868743
Kyrgyz Republic,2019,Female,Employment to population ratio,49.553
Kyrgyz Republic,2019,Male,Employment to population ratio,74.403
Kyrgyz Republic,2019,Female,Labour Force Participation Rate,51.882
Kyrgyz Republic,2019,Male,Labour Force Participation Rate,77.567
Kyrgyz Republic,2019,Female,Part Time Employment,40.32
Kyrgyz Republic,2019,Male,Part Time Employment,16.85
Kyrgyz Republic,2019,Female,Vulnerable Employment,29.64827688
Kyrgyz Republic,2019,Male,Vulnerable Employment,35.0726884
Lao PDR,2019,Female,Employment to population ratio,54.258
Lao PDR,2019,Male,Employment to population ratio,60.715
Lao PDR,2019,Female,Labour Force Participation Rate,55.833
Lao PDR,2019,Male,Labour Force Participation Rate,63.141
Lao PDR,2019,Female,Vulnerable Employment,85.5622372
Lao PDR,2019,Male,Vulnerable Employment,72.89792752
Latvia,2019,Female,Employment to population ratio,52.64
Latvia,2019,Male,Employment to population ratio,63.104
Latvia,2019,Female,Labour Force Participation Rate,55.659
Latvia,2019,Male,Labour Force Participation Rate,67.994
Latvia,2019,Female,Part Time Employment,25.12
Latvia,2019,Male,Part Time Employment,12.15
Latvia,2019,Female,Vulnerable Employment,7.068130117
Latvia,2019,Male,Vulnerable Employment,7.924903244
Lebanon,2019,Female,Employment to population ratio,25.102
Lebanon,2019,Male,Employment to population ratio,63.45
Lebanon,2019,Female,Labour Force Participation Rate,29.298
Lebanon,2019,Male,Labour Force Participation Rate,70.435
Lebanon,2019,Female,Vulnerable Employment,11.81063286
Lebanon,2019,Male,Vulnerable Employment,24.01776633
Lesotho,2019,Female,Employment to population ratio,46.531
Lesotho,2019,Male,Employment to population ratio,61.349
Lesotho,2019,Female,Labour Force Participation Rate,57.49
Lesotho,2019,Male,Labour Force Participation Rate,72.237
Lesotho,2019,Female,Vulnerable Employment,30.12676203
Lesotho,2019,Male,Vulnerable Employment,35.65556125
Liberia,2019,Female,Employment to population ratio,70.47
Liberia,2019,Male,Employment to population ratio,78.285
Liberia,2019,Female,Labour Force Participation Rate,72.152
Liberia,2019,Male,Labour Force Participation Rate,81.328
Liberia,2019,Female,Vulnerable Employment,89.4726165
Liberia,2019,Male,Vulnerable Employment,66.08986389
Libya,2019,Female,Employment to population ratio,25.735
Libya,2019,Male,Employment to population ratio,51.252
Libya,2019,Female,Labour Force Participation Rate,34.234
Libya,2019,Male,Labour Force Participation Rate,60.818
Libya,2019,Female,Vulnerable Employment,8.790909756
Libya,2019,Male,Vulnerable Employment,15.02902674
Lithuania,2019,Female,Employment to population ratio,53.901
Lithuania,2019,Male,Employment to population ratio,62.869
Lithuania,2019,Female,Labour Force Participation Rate,57.033
Lithuania,2019,Male,Labour Force Participation Rate,67.617
Lithuania,2019,Female,Part Time Employment,27.74
Lithuania,2019,Male,Part Time Employment,17.01
Lithuania,2019,Female,Vulnerable Employment,7.222162383
Lithuania,2019,Male,Vulnerable Employment,10.97185177
Luxembourg,2019,Female,Employment to population ratio,52.752
Luxembourg,2019,Male,Employment to population ratio,61.746
Luxembourg,2019,Female,Labour Force Participation Rate,55.837
Luxembourg,2019,Male,Labour Force Participation Rate,65.44
Luxembourg,2019,Female,Part Time Employment,42.64
Luxembourg,2019,Male,Part Time Employment,21.55
Luxembourg,2019,Female,Vulnerable Employment,5.779043031
Luxembourg,2019,Male,Vulnerable Employment,5.231796712
"Macao SAR, China",2019,Female,Employment to population ratio,63.416
"Macao SAR, China",2019,Male,Employment to population ratio,73.318
"Macao SAR, China",2019,Female,Labour Force Participation Rate,64.276
"Macao SAR, China",2019,Male,Labour Force Participation Rate,74.937
"Macao SAR, China",2019,Female,Vulnerable Employment,2.033208036
"Macao SAR, China",2019,Male,Vulnerable Employment,4.520730335
Madagascar,2019,Female,Employment to population ratio,81.545
Madagascar,2019,Male,Employment to population ratio,86.5
Madagascar,2019,Female,Labour Force Participation Rate,83.022
Madagascar,2019,Male,Labour Force Participation Rate,88.037
Madagascar,2019,Female,Vulnerable Employment,89.27303911
Madagascar,2019,Male,Vulnerable Employment,80.95752366
Malawi,2019,Female,Employment to population ratio,59.999
Malawi,2019,Male,Employment to population ratio,70.614
Malawi,2019,Female,Labour Force Participation Rate,63.706
Malawi,2019,Male,Labour Force Participation Rate,73.61
Malawi,2019,Female,Vulnerable Employment,65.86978145
Malawi,2019,Male,Vulnerable Employment,56.07066125
Malaysia,2019,Female,Employment to population ratio,50.204
Malaysia,2019,Male,Employment to population ratio,76.143
Malaysia,2019,Female,Labour Force Participation Rate,51.972
Malaysia,2019,Male,Labour Force Participation Rate,78.637
Malaysia,2019,Female,Vulnerable Employment,24.78885379
Malaysia,2019,Male,Vulnerable Employment,19.71481245
Maldives,2019,Female,Employment to population ratio,40.301
Maldives,2019,Male,Employment to population ratio,74.687
Maldives,2019,Female,Labour Force Participation Rate,41.886
Maldives,2019,Male,Labour Force Participation Rate,78.488
Maldives,2019,Female,Vulnerable Employment,31.92053596
Maldives,2019,Male,Vulnerable Employment,14.53926866
Mali,2019,Female,Employment to population ratio,52.103
Mali,2019,Male,Employment to population ratio,79.251
Mali,2019,Female,Labour Force Participation Rate,53.381
Mali,2019,Male,Labour Force Participation Rate,81.128
Mali,2019,Female,Vulnerable Employment,90.55756077
Mali,2019,Male,Vulnerable Employment,77.47642512
Malta,2019,Female,Employment to population ratio,48.235
Malta,2019,Male,Employment to population ratio,68.287
Malta,2019,Female,Labour Force Participation Rate,50.253
Malta,2019,Male,Labour Force Participation Rate,70.657
Malta,2019,Female,Part Time Employment,38.18
Malta,2019,Male,Part Time Employment,22.34
Malta,2019,Female,Vulnerable Employment,6.825370401
Malta,2019,Male,Vulnerable Employment,13.75137514
Mauritania,2019,Female,Employment to population ratio,22.308
Mauritania,2019,Male,Employment to population ratio,52.458
Mauritania,2019,Female,Labour Force Participation Rate,26.263
Mauritania,2019,Male,Labour Force Participation Rate,57.071
Mauritania,2019,Female,Vulnerable Employment,76.04114358
Mauritania,2019,Male,Vulnerable Employment,60.34738302
Mauritius,2019,Female,Employment to population ratio,41.406
Mauritius,2019,Male,Employment to population ratio,69.618
Mauritius,2019,Female,Labour Force Participation Rate,45.864
Mauritius,2019,Male,Labour Force Participation Rate,72.607
Mauritius,2019,Female,Part Time Employment,42.52
Mauritius,2019,Male,Part Time Employment,30.82
Mauritius,2019,Female,Vulnerable Employment,12.61469419
Mauritius,2019,Male,Vulnerable Employment,19.13269347
Mexico,2019,Female,Employment to population ratio,43.746
Mexico,2019,Male,Employment to population ratio,75.415
Mexico,2019,Female,Labour Force Participation Rate,45.34
Mexico,2019,Male,Labour Force Participation Rate,78.115
Mexico,2019,Female,Part Time Employment,36.62
Mexico,2019,Male,Part Time Employment,19.15
Mexico,2019,Female,Vulnerable Employment,30.12476789
Mexico,2019,Male,Vulnerable Employment,25.11461714
Moldova,2019,Female,Employment to population ratio,67.504
Moldova,2019,Male,Employment to population ratio,69.186
Moldova,2019,Female,Labour Force Participation Rate,68.302
Moldova,2019,Male,Labour Force Participation Rate,70.502
Moldova,2019,Female,Part Time Employment,13.64
Moldova,2019,Male,Part Time Employment,10.91
Moldova,2019,Female,Vulnerable Employment,59.6440481
Moldova,2019,Male,Vulnerable Employment,58.79544262
Mongolia,2019,Female,Employment to population ratio,52.745
Mongolia,2019,Male,Employment to population ratio,66.222
Mongolia,2019,Female,Labour Force Participation Rate,55.744
Mongolia,2019,Male,Labour Force Participation Rate,70.472
Mongolia,2019,Female,Vulnerable Employment,39.30184273
Mongolia,2019,Male,Vulnerable Employment,41.25450125
Montenegro,2019,Female,Employment to population ratio,42.187
Montenegro,2019,Male,Employment to population ratio,55.805
Montenegro,2019,Female,Labour Force Participation Rate,50.033
Montenegro,2019,Male,Labour Force Participation Rate,65.401
Montenegro,2019,Female,Part Time Employment,6.82
Montenegro,2019,Male,Part Time Employment,7.48
Montenegro,2019,Female,Vulnerable Employment,12.42419682
Montenegro,2019,Male,Vulnerable Employment,20.06609634
Morocco,2019,Female,Employment to population ratio,19.516
Morocco,2019,Male,Employment to population ratio,63.687
Morocco,2019,Female,Labour Force Participation Rate,21.94
Morocco,2019,Male,Labour Force Participation Rate,70.17
Morocco,2019,Female,Vulnerable Employment,54.71157946
Morocco,2019,Male,Vulnerable Employment,43.46437304
Mozambique,2019,Female,Employment to population ratio,75.24
Mozambique,2019,Male,Employment to population ratio,76.603
Mozambique,2019,Female,Labour Force Participation Rate,78.345
Mozambique,2019,Male,Labour Force Participation Rate,79.329
Mozambique,2019,Female,Vulnerable Employment,92.25182639
Mozambique,2019,Male,Vulnerable Employment,73.18281159
Myanmar,2019,Female,Employment to population ratio,46.082
Myanmar,2019,Male,Employment to population ratio,74.819
Myanmar,2019,Female,Labour Force Participation Rate,46.304
Myanmar,2019,Male,Labour Force Participation Rate,75.094
Myanmar,2019,Female,Vulnerable Employment,64.7453213
Myanmar,2019,Male,Vulnerable Employment,62.03596446
Namibia,2019,Female,Employment to population ratio,45.08
Namibia,2019,Male,Employment to population ratio,49.395
Namibia,2019,Female,Labour Force Participation Rate,55.426
Namibia,2019,Male,Labour Force Participation Rate,62.7
Namibia,2019,Female,Vulnerable Employment,38.21409919
Namibia,2019,Male,Vulnerable Employment,24.55440618
Nepal,2019,Female,Employment to population ratio,25.005
Nepal,2019,Male,Employment to population ratio,48.731
Nepal,2019,Female,Labour Force Participation Rate,28.421
Nepal,2019,Male,Labour Force Participation Rate,54.019
Nepal,2019,Female,Vulnerable Employment,92.2596339
Nepal,2019,Male,Vulnerable Employment,68.66100782
Netherlands,2019,Female,Employment to population ratio,57.803
Netherlands,2019,Male,Employment to population ratio,67.498
Netherlands,2019,Female,Labour Force Participation Rate,59.812
Netherlands,2019,Male,Labour Force Participation Rate,69.873
Netherlands,2019,Female,Part Time Employment,75.97
Netherlands,2019,Male,Part Time Employment,41.17
Netherlands,2019,Female,Vulnerable Employment,10.99563024
Netherlands,2019,Male,Vulnerable Employment,14.33419155
New Caledonia,2019,Female,Employment to population ratio,47.005
New Caledonia,2019,Male,Employment to population ratio,55.726
New Caledonia,2019,Female,Labour Force Participation Rate,53.158
New Caledonia,2019,Male,Labour Force Participation Rate,62.107
New Caledonia,2019,Female,Vulnerable Employment,9.855105796
New Caledonia,2019,Male,Vulnerable Employment,16.18786899
New Zealand,2019,Female,Employment to population ratio,62.912
New Zealand,2019,Male,Employment to population ratio,72.555
New Zealand,2019,Female,Labour Force Participation Rate,65.821
New Zealand,2019,Male,Labour Force Participation Rate,75.444
New Zealand,2019,Female,Part Time Employment,51.43
New Zealand,2019,Male,Part Time Employment,27.82
New Zealand,2019,Female,Vulnerable Employment,14.33136433
New Zealand,2019,Male,Vulnerable Employment,20.7912996
Nicaragua,2019,Female,Employment to population ratio,45.398
Nicaragua,2019,Male,Employment to population ratio,78.307
Nicaragua,2019,Female,Labour Force Participation Rate,48.051
Nicaragua,2019,Male,Labour Force Participation Rate,82.841
Nicaragua,2019,Female,Vulnerable Employment,45.25636559
Nicaragua,2019,Male,Vulnerable Employment,33.02332457
Niger,2019,Female,Employment to population ratio,61.841
Niger,2019,Male,Employment to population ratio,84.012
Niger,2019,Female,Labour Force Participation Rate,62.116
Niger,2019,Male,Labour Force Participation Rate,84.54
Niger,2019,Female,Vulnerable Employment,97.23753895
Niger,2019,Male,Vulnerable Employment,90.86621477
Nigeria,2019,Female,Employment to population ratio,49.498
Nigeria,2019,Male,Employment to population ratio,62.027
Nigeria,2019,Female,Labour Force Participation Rate,52.046
Nigeria,2019,Male,Labour Force Participation Rate,65.602
Nigeria,2019,Female,Vulnerable Employment,85.49777236
Nigeria,2019,Male,Vulnerable Employment,83.28741817
North Macedonia,2019,Female,Employment to population ratio,36.373
North Macedonia,2019,Male,Employment to population ratio,55.142
North Macedonia,2019,Female,Labour Force Participation Rate,44.663
North Macedonia,2019,Male,Labour Force Participation Rate,66.103
North Macedonia,2019,Female,Part Time Employment,17.15
North Macedonia,2019,Male,Part Time Employment,11.96
North Macedonia,2019,Female,Vulnerable Employment,13.89699484
North Macedonia,2019,Male,Vulnerable Employment,18.69419758
Norway,2019,Female,Employment to population ratio,58.547
Norway,2019,Male,Employment to population ratio,64.678
Norway,2019,Female,Labour Force Participation Rate,60.604
Norway,2019,Male,Labour Force Participation Rate,67.341
Norway,2019,Female,Part Time Employment,57.64
Norway,2019,Male,Part Time Employment,40.84
Norway,2019,Female,Vulnerable Employment,3.359650322
Norway,2019,Male,Vulnerable Employment,6.146216353
Oman,2019,Female,Employment to population ratio,28.182
Oman,2019,Male,Employment to population ratio,87.767
Oman,2019,Female,Labour Force Participation Rate,30.761
Oman,2019,Male,Labour Force Participation Rate,88.648
Oman,2019,Female,Vulnerable Employment,5.112738672
Oman,2019,Male,Vulnerable Employment,2.8667098
Pakistan,2019,Female,Employment to population ratio,21.956
Pakistan,2019,Male,Employment to population ratio,76.014
Pakistan,2019,Female,Labour Force Participation Rate,23.423
Pakistan,2019,Male,Labour Force Participation Rate,79.522
Pakistan,2019,Female,Vulnerable Employment,77.74160002
Pakistan,2019,Male,Vulnerable Employment,52.61390141
Panama,2019,Female,Employment to population ratio,49.978
Panama,2019,Male,Employment to population ratio,73.938
Panama,2019,Female,Labour Force Participation Rate,54.333
Panama,2019,Male,Labour Force Participation Rate,77.943
Panama,2019,Female,Part Time Employment,34.62
Panama,2019,Male,Part Time Employment,27.26
Panama,2019,Female,Vulnerable Employment,34.72539053
Panama,2019,Male,Vulnerable Employment,37.34737173
Papua New Guinea,2019,Female,Employment to population ratio,45.931
Papua New Guinea,2019,Male,Employment to population ratio,46.366
Papua New Guinea,2019,Female,Labour Force Participation Rate,46.623
Papua New Guinea,2019,Male,Labour Force Participation Rate,48.206
Papua New Guinea,2019,Female,Vulnerable Employment,83.60713007
Papua New Guinea,2019,Male,Vulnerable Employment,68.88533683
Paraguay,2019,Female,Employment to population ratio,55.256
Paraguay,2019,Male,Employment to population ratio,80.05
Paraguay,2019,Female,Labour Force Participation Rate,60.257
Paraguay,2019,Male,Labour Force Participation Rate,84.589
Paraguay,2019,Female,Part Time Employment,45.18
Paraguay,2019,Male,Part Time Employment,30.99
Paraguay,2019,Female,Vulnerable Employment,39.53869628
Paraguay,2019,Male,Vulnerable Employment,35.06624462
Peru,2019,Female,Employment to population ratio,67.476
Peru,2019,Male,Employment to population ratio,82.284
Peru,2019,Female,Labour Force Participation Rate,70.094
Peru,2019,Male,Labour Force Participation Rate,84.896
Peru,2019,Female,Part Time Employment,48.28
Peru,2019,Male,Part Time Employment,32.83
Peru,2019,Female,Vulnerable Employment,55.64621045
Peru,2019,Male,Vulnerable Employment,43.56657021
Philippines,2019,Female,Employment to population ratio,45.228
Philippines,2019,Male,Employment to population ratio,70.849
Philippines,2019,Female,Labour Force Participation Rate,46.404
Philippines,2019,Male,Labour Force Participation Rate,72.334
Philippines,2019,Female,Part Time Employment,28.71
Philippines,2019,Male,Part Time Employment,25.61
Philippines,2019,Female,Vulnerable Employment,37.41085984
Philippines,2019,Male,Vulnerable Employment,30.54877413
Poland,2019,Female,Employment to population ratio,47.216
Poland,2019,Male,Employment to population ratio,63.732
Poland,2019,Female,Labour Force Participation Rate,48.979
Poland,2019,Male,Labour Force Participation Rate,65.717
Poland,2019,Female,Part Time Employment,32.37
Poland,2019,Male,Part Time Employment,20.25
Poland,2019,Female,Vulnerable Employment,13.00284937
Poland,2019,Male,Vulnerable Employment,18.38769521
Portugal,2019,Female,Employment to population ratio,50.868
Portugal,2019,Male,Employment to population ratio,60.642
Portugal,2019,Female,Labour Force Participation Rate,54.781
Portugal,2019,Male,Labour Force Participation Rate,64.371
Portugal,2019,Female,Part Time Employment,32.8
Portugal,2019,Male,Part Time Employment,24.72
Portugal,2019,Female,Vulnerable Employment,9.68869368
Portugal,2019,Male,Vulnerable Employment,14.24338854
Puerto Rico,2019,Female,Employment to population ratio,29.389
Puerto Rico,2019,Male,Employment to population ratio,46.742
Puerto Rico,2019,Female,Labour Force Participation Rate,31.479
Puerto Rico,2019,Male,Labour Force Participation Rate,51.622
Puerto Rico,2019,Female,Vulnerable Employment,8.765108058
Puerto Rico,2019,Male,Vulnerable Employment,16.00892545
Qatar,2019,Female,Employment to population ratio,58.838
Qatar,2019,Male,Employment to population ratio,95.81
Qatar,2019,Female,Labour Force Participation Rate,59.074
Qatar,2019,Male,Labour Force Participation Rate,95.853
Qatar,2019,Female,Vulnerable Employment,0.05373173
Qatar,2019,Male,Vulnerable Employment,0.157636648
Romania,2019,Female,Employment to population ratio,44.099
Romania,2019,Male,Employment to population ratio,62.655
Romania,2019,Female,Labour Force Participation Rate,45.643
Romania,2019,Male,Labour Force Participation Rate,65.479
Romania,2019,Female,Part Time Employment,15.89
Romania,2019,Male,Part Time Employment,10.69
Romania,2019,Female,Vulnerable Employment,21.92412573
Romania,2019,Male,Vulnerable Employment,23.97353021
Russian Federation,2019,Female,Employment to population ratio,52.572
Russian Federation,2019,Male,Employment to population ratio,66.976
Russian Federation,2019,Female,Labour Force Participation Rate,54.955
Russian Federation,2019,Male,Labour Force Participation Rate,70.246
Russian Federation,2019,Female,Part Time Employment,11.99
Russian Federation,2019,Male,Part Time Employment,6.39
Russian Federation,2019,Female,Vulnerable Employment,4.687110928
Russian Federation,2019,Male,Vulnerable Employment,5.784382191
Rwanda,2019,Female,Employment to population ratio,45.584
Rwanda,2019,Male,Employment to population ratio,58.765
Rwanda,2019,Female,Labour Force Participation Rate,51.846
Rwanda,2019,Male,Labour Force Participation Rate,65.671
Rwanda,2019,Female,Vulnerable Employment,80.88277868
Rwanda,2019,Male,Vulnerable Employment,51.80058312
Samoa,2019,Female,Employment to population ratio,34.985
Samoa,2019,Male,Employment to population ratio,62.347
Samoa,2019,Female,Labour Force Participation Rate,41.062
Samoa,2019,Male,Labour Force Participation Rate,66.638
Samoa,2019,Female,Vulnerable Employment,29.07545258
Samoa,2019,Male,Vulnerable Employment,31.01738773
Sao Tome and Principe,2019,Female,Employment to population ratio,29.378
Sao Tome and Principe,2019,Male,Employment to population ratio,63.385
Sao Tome and Principe,2019,Female,Labour Force Participation Rate,37.593
Sao Tome and Principe,2019,Male,Labour Force Participation Rate,70.343
Sao Tome and Principe,2019,Female,Vulnerable Employment,67.74833727
Sao Tome and Principe,2019,Male,Vulnerable Employment,48.64498645
Saudi Arabia,2019,Female,Employment to population ratio,19.312
Saudi Arabia,2019,Male,Employment to population ratio,78.382
Saudi Arabia,2019,Female,Labour Force Participation Rate,24.565
Saudi Arabia,2019,Male,Labour Force Participation Rate,80.402
Saudi Arabia,2019,Female,Vulnerable Employment,4.349301866
Saudi Arabia,2019,Male,Vulnerable Employment,3.06316849
Senegal,2019,Female,Employment to population ratio,36.51
Senegal,2019,Male,Employment to population ratio,63.054
Senegal,2019,Female,Labour Force Participation Rate,37.656
Senegal,2019,Male,Labour Force Participation Rate,64.833
Senegal,2019,Female,Vulnerable Employment,77.00956787
Senegal,2019,Male,Vulnerable Employment,55.61751294
Serbia,2019,Female,Employment to population ratio,41.751
Serbia,2019,Male,Employment to population ratio,57.328
Serbia,2019,Female,Labour Force Participation Rate,46.945
Serbia,2019,Male,Labour Force Participation Rate,63.582
Serbia,2019,Female,Part Time Employment,23.61
Serbia,2019,Male,Part Time Employment,18.52
Serbia,2019,Female,Vulnerable Employment,21.22957093
Serbia,2019,Male,Vulnerable Employment,26.85306609
Seychelles,2019,Female,Part Time Employment,10.25
Seychelles,2019,Male,Part Time Employment,10.72
Sierra Leone,2019,Female,Employment to population ratio,50.408
Sierra Leone,2019,Male,Employment to population ratio,53.764
Sierra Leone,2019,Female,Labour Force Participation Rate,51.508
Sierra Leone,2019,Male,Labour Force Participation Rate,56.112
Sierra Leone,2019,Female,Vulnerable Employment,91.14018879
Sierra Leone,2019,Male,Vulnerable Employment,82.73456502
Singapore,2019,Female,Employment to population ratio,60.338
Singapore,2019,Male,Employment to population ratio,75.461
Singapore,2019,Female,Labour Force Participation Rate,62.414
Singapore,2019,Male,Labour Force Participation Rate,77.743
Singapore,2019,Female,Vulnerable Employment,6.249125428
Singapore,2019,Male,Vulnerable Employment,11.24569029
Slovak Republic,2019,Female,Employment to population ratio,49.188
Slovak Republic,2019,Male,Employment to population ratio,63.812
Slovak Republic,2019,Female,Labour Force Participation Rate,52.304
Slovak Republic,2019,Male,Labour Force Participation Rate,67.595
Slovak Republic,2019,Female,Part Time Employment,27.05
Slovak Republic,2019,Male,Part Time Employment,19.18
Slovak Republic,2019,Female,Vulnerable Employment,8.176147538
Slovak Republic,2019,Male,Vulnerable Employment,15.27608669
Slovenia,2019,Female,Employment to population ratio,50.59
Slovenia,2019,Male,Employment to population ratio,60.43
Slovenia,2019,Female,Labour Force Participation Rate,53.235
Slovenia,2019,Male,Labour Force Participation Rate,62.954
Slovenia,2019,Female,Part Time Employment,35.19
Slovenia,2019,Male,Part Time Employment,23.52
Slovenia,2019,Female,Vulnerable Employment,8.096284419
Slovenia,2019,Male,Vulnerable Employment,13.03598817
Solomon Islands,2019,Female,Employment to population ratio,81.642
Solomon Islands,2019,Male,Employment to population ratio,85.05
Solomon Islands,2019,Female,Labour Force Participation Rate,82.266
Solomon Islands,2019,Male,Labour Force Participation Rate,85.657
Solomon Islands,2019,Female,Vulnerable Employment,76.16225543
Solomon Islands,2019,Male,Vulnerable Employment,53.78900106
Somalia,2019,Female,Employment to population ratio,15.942
Somalia,2019,Male,Employment to population ratio,39.491
Somalia,2019,Female,Labour Force Participation Rate,21.083
Somalia,2019,Male,Labour Force Participation Rate,47.186
Somalia,2019,Female,Vulnerable Employment,60.58506863
Somalia,2019,Male,Vulnerable Employment,39.37489629
South Africa,2019,Female,Employment to population ratio,37.956
South Africa,2019,Male,Employment to population ratio,49.456
South Africa,2019,Female,Labour Force Participation Rate,52.042
South Africa,2019,Male,Labour Force Participation Rate,65.245
South Africa,2019,Female,Part Time Employment,18.01
South Africa,2019,Male,Part Time Employment,10.71
South Africa,2019,Female,Vulnerable Employment,23.03027872
South Africa,2019,Male,Vulnerable Employment,19.56947405
South Sudan,2019,Female,Employment to population ratio,60.418
South Sudan,2019,Male,Employment to population ratio,62.633
South Sudan,2019,Female,Labour Force Participation Rate,70.098
South Sudan,2019,Male,Labour Force Participation Rate,70.931
South Sudan,2019,Female,Vulnerable Employment,94.4507044
South Sudan,2019,Male,Vulnerable Employment,80.36746602
Spain,2019,Female,Employment to population ratio,43.805
Spain,2019,Male,Employment to population ratio,55.333
Spain,2019,Female,Labour Force Participation Rate,52.143
Spain,2019,Male,Labour Force Participation Rate,63.202
Spain,2019,Female,Part Time Employment,41.11
Spain,2019,Male,Part Time Employment,20.65
Spain,2019,Female,Vulnerable Employment,8.533727962
Spain,2019,Male,Vulnerable Employment,12.80089427
Sri Lanka,2019,Female,Employment to population ratio,31.629
Sri Lanka,2019,Male,Employment to population ratio,69.967
Sri Lanka,2019,Female,Labour Force Participation Rate,34.124
Sri Lanka,2019,Male,Labour Force Participation Rate,72.346
Sri Lanka,2019,Female,Part Time Employment,35.32
Sri Lanka,2019,Male,Part Time Employment,22.33
Sri Lanka,2019,Female,Vulnerable Employment,41.03889702
Sri Lanka,2019,Male,Vulnerable Employment,38.76389464
St. Lucia,2019,Female,Employment to population ratio,53.919
St. Lucia,2019,Male,Employment to population ratio,63.827
St. Lucia,2019,Female,Labour Force Participation Rate,64.968
St. Lucia,2019,Male,Labour Force Participation Rate,74.078
St. Lucia,2019,Female,Vulnerable Employment,18.80352677
St. Lucia,2019,Male,Vulnerable Employment,28.2777534
St. Vincent and the Grenadines,2019,Female,Employment to population ratio,45.237
St. Vincent and the Grenadines,2019,Male,Employment to population ratio,59.523
St. Vincent and the Grenadines,2019,Female,Labour Force Participation Rate,54.52
St. Vincent and the Grenadines,2019,Male,Labour Force Participation Rate,75.057
St. Vincent and the Grenadines,2019,Female,Vulnerable Employment,17.01487548
St. Vincent and the Grenadines,2019,Male,Vulnerable Employment,23.1824417
Sudan,2019,Female,Employment to population ratio,20.126
Sudan,2019,Male,Employment to population ratio,60.23
Sudan,2019,Female,Labour Force Participation Rate,28.794
Sudan,2019,Male,Labour Force Participation Rate,68.534
Sudan,2019,Female,Vulnerable Employment,66.84526269
Sudan,2019,Male,Vulnerable Employment,55.2812645
Suriname,2019,Female,Employment to population ratio,41.055
Suriname,2019,Male,Employment to population ratio,63.312
Suriname,2019,Female,Labour Force Participation Rate,45.932
Suriname,2019,Male,Labour Force Participation Rate,66.924
Suriname,2019,Female,Vulnerable Employment,18.26945348
Suriname,2019,Male,Vulnerable Employment,20.26077577
Sweden,2019,Female,Employment to population ratio,57.972
Sweden,2019,Male,Employment to population ratio,64.428
Sweden,2019,Female,Labour Force Participation Rate,62.306
Sweden,2019,Male,Labour Force Participation Rate,69.066
Sweden,2019,Female,Part Time Employment,55.69
Sweden,2019,Male,Part Time Employment,40.31
Sweden,2019,Female,Vulnerable Employment,4.164455843
Sweden,2019,Male,Vulnerable Employment,8.071287757
Switzerland,2019,Female,Employment to population ratio,60.007
Switzerland,2019,Male,Employment to population ratio,70.615
Switzerland,2019,Female,Labour Force Participation Rate,62.972
Switzerland,2019,Male,Labour Force Participation Rate,73.641
Switzerland,2019,Female,Part Time Employment,51.42
Switzerland,2019,Male,Part Time Employment,22.56
Switzerland,2019,Female,Vulnerable Employment,9.550515178
Switzerland,2019,Male,Vulnerable Employment,9.528658462
Syrian Arab Republic,2019,Female,Employment to population ratio,10.454
Syrian Arab Republic,2019,Male,Employment to population ratio,56.383
Syrian Arab Republic,2019,Female,Labour Force Participation Rate,13.899
Syrian Arab Republic,2019,Male,Labour Force Participation Rate,63.252
Syrian Arab Republic,2019,Female,Vulnerable Employment,9.351897395
Syrian Arab Republic,2019,Male,Vulnerable Employment,40.74520933
Tajikistan,2019,Female,Employment to population ratio,29.601
Tajikistan,2019,Male,Employment to population ratio,47.142
Tajikistan,2019,Female,Labour Force Participation Rate,31.3
Tajikistan,2019,Male,Labour Force Participation Rate,51.129
Tajikistan,2019,Female,Vulnerable Employment,27.21939724
Tajikistan,2019,Male,Vulnerable Employment,22.3643851
Tanzania,2019,Female,Employment to population ratio,74.841
Tanzania,2019,Male,Employment to population ratio,84.668
Tanzania,2019,Female,Labour Force Participation Rate,77.386
Tanzania,2019,Male,Labour Force Participation Rate,86.079
Tanzania,2019,Female,Vulnerable Employment,89.57493011
Tanzania,2019,Male,Vulnerable Employment,78.73594022
Thailand,2019,Female,Employment to population ratio,58.584
Thailand,2019,Male,Employment to population ratio,74.977
Thailand,2019,Female,Labour Force Participation Rate,59.018
Thailand,2019,Male,Labour Force Participation Rate,75.51
Thailand,2019,Female,Part Time Employment,18.59
Thailand,2019,Male,Part Time Employment,18.3
Thailand,2019,Female,Vulnerable Employment,48.83640482
Thailand,2019,Male,Vulnerable Employment,46.82119778
Timor-Leste,2019,Female,Employment to population ratio,58.577
Timor-Leste,2019,Male,Employment to population ratio,70.768
Timor-Leste,2019,Female,Labour Force Participation Rate,61.043
Timor-Leste,2019,Male,Labour Force Participation Rate,72.426
Timor-Leste,2019,Female,Vulnerable Employment,79.74981053
Timor-Leste,2019,Male,Vulnerable Employment,55.52933081
Togo,2019,Female,Employment to population ratio,54.387
Togo,2019,Male,Employment to population ratio,56.923
Togo,2019,Female,Labour Force Participation Rate,55.946
Togo,2019,Male,Labour Force Participation Rate,59.717
Togo,2019,Female,Vulnerable Employment,80.80633279
Togo,2019,Male,Vulnerable Employment,62.21208308
Tonga,2019,Female,Employment to population ratio,41.31
Tonga,2019,Male,Employment to population ratio,64.729
Tonga,2019,Female,Labour Force Participation Rate,42.54
Tonga,2019,Male,Labour Force Participation Rate,65.79
Tonga,2019,Female,Vulnerable Employment,35.90525003
Tonga,2019,Male,Vulnerable Employment,38.8199783
Trinidad and Tobago,2019,Female,Employment to population ratio,46.047
Trinidad and Tobago,2019,Male,Employment to population ratio,64.086
Trinidad and Tobago,2019,Female,Labour Force Participation Rate,47.985
Trinidad and Tobago,2019,Male,Labour Force Participation Rate,66.157
Trinidad and Tobago,2019,Female,Vulnerable Employment,12.67815775
Trinidad and Tobago,2019,Male,Vulnerable Employment,25.71876715
Tunisia,2019,Female,Employment to population ratio,19.797
Tunisia,2019,Male,Employment to population ratio,58.814
Tunisia,2019,Female,Labour Force Participation Rate,26.5
Tunisia,2019,Male,Labour Force Participation Rate,68.258
Tunisia,2019,Female,Vulnerable Employment,12.02078691
Tunisia,2019,Male,Vulnerable Employment,23.05161626
Turkiye,2019,Female,Employment to population ratio,28.594
Turkiye,2019,Male,Employment to population ratio,62.903
Turkiye,2019,Female,Labour Force Participation Rate,34.215
Turkiye,2019,Male,Labour Force Participation Rate,71.761
Turkiye,2019,Female,Part Time Employment,32.56
Turkiye,2019,Male,Part Time Employment,18.67
Turkiye,2019,Female,Vulnerable Employment,31.97287079
Turkiye,2019,Male,Vulnerable Employment,24.82191184
Turkmenistan,2019,Female,Employment to population ratio,47.8
Turkmenistan,2019,Male,Employment to population ratio,43.742
Turkmenistan,2019,Female,Labour Force Participation Rate,49.025
Turkmenistan,2019,Male,Labour Force Participation Rate,46.415
Turkmenistan,2019,Female,Vulnerable Employment,29.98974981
Turkmenistan,2019,Male,Vulnerable Employment,27.68686843
Uganda,2019,Female,Employment to population ratio,65.056
Uganda,2019,Male,Employment to population ratio,70.698
Uganda,2019,Female,Labour Force Participation Rate,67.498
Uganda,2019,Male,Labour Force Participation Rate,72.594
Uganda,2019,Female,Vulnerable Employment,84.39223227
Uganda,2019,Male,Vulnerable Employment,66.3567408
Ukraine,2019,Female,Employment to population ratio,45.391
Ukraine,2019,Male,Employment to population ratio,59.31
Ukraine,2019,Female,Labour Force Participation Rate,49.26
Ukraine,2019,Male,Labour Force Participation Rate,64.817
Ukraine,2019,Female,Part Time Employment,9.15
Ukraine,2019,Male,Part Time Employment,4.48
Ukraine,2019,Female,Vulnerable Employment,14.25678451
Ukraine,2019,Male,Vulnerable Employment,18.51720324
United Arab Emirates,2019,Female,Employment to population ratio,53.395
United Arab Emirates,2019,Male,Employment to population ratio,90.516
United Arab Emirates,2019,Female,Labour Force Participation Rate,56.797
United Arab Emirates,2019,Male,Labour Force Participation Rate,91.895
United Arab Emirates,2019,Female,Vulnerable Employment,3.855363262
United Arab Emirates,2019,Male,Vulnerable Employment,0.874427666
United Kingdom,2019,Female,Employment to population ratio,56.39
United Kingdom,2019,Male,Employment to population ratio,65.49
United Kingdom,2019,Female,Labour Force Participation Rate,58.456
United Kingdom,2019,Male,Labour Force Participation Rate,68.165
United Kingdom,2019,Female,Part Time Employment,54.46
United Kingdom,2019,Male,Part Time Employment,26.43
United Kingdom,2019,Female,Vulnerable Employment,9.894405866
United Kingdom,2019,Male,Vulnerable Employment,16.47753969
United States,2019,Female,Employment to population ratio,54.831
United States,2019,Male,Employment to population ratio,66.008
United States,2019,Female,Labour Force Participation Rate,56.885
United States,2019,Male,Labour Force Participation Rate,68.559
United States,2019,Female,Part Time Employment,32.57
United States,2019,Male,Part Time Employment,19.67
United States,2019,Female,Vulnerable Employment,2.766599752
United States,2019,Male,Vulnerable Employment,5.302439818
Uruguay,2019,Female,Employment to population ratio,50.33
Uruguay,2019,Male,Employment to population ratio,66.708
Uruguay,2019,Female,Labour Force Participation Rate,56.24
Uruguay,2019,Male,Labour Force Participation Rate,71.886
Uruguay,2019,Female,Vulnerable Employment,22.98773542
Uruguay,2019,Male,Vulnerable Employment,26.67282391
Uzbekistan,2019,Female,Employment to population ratio,37.5
Uzbekistan,2019,Male,Employment to population ratio,70.48
Uzbekistan,2019,Female,Labour Force Participation Rate,39.998
Uzbekistan,2019,Male,Labour Force Participation Rate,73.554
Uzbekistan,2019,Female,Vulnerable Employment,22.53278191
Uzbekistan,2019,Male,Vulnerable Employment,40.48610983
Vanuatu,2019,Female,Employment to population ratio,56.155
Vanuatu,2019,Male,Employment to population ratio,74.935
Vanuatu,2019,Female,Labour Force Participation Rate,60.309
Vanuatu,2019,Male,Labour Force Participation Rate,78.302
Vanuatu,2019,Female,Vulnerable Employment,63.13066226
Vanuatu,2019,Male,Vulnerable Employment,55.05723926
"Venezuela, RB",2019,Female,Employment to population ratio,39.35
"Venezuela, RB",2019,Male,Employment to population ratio,65.986
"Venezuela, RB",2019,Female,Labour Force Participation Rate,42.101
"Venezuela, RB",2019,Male,Labour Force Participation Rate,69.854
"Venezuela, RB",2019,Female,Vulnerable Employment,32.97354547
"Venezuela, RB",2019,Male,Vulnerable Employment,40.01124235
Viet Nam,2019,Female,Employment to population ratio,69.389
Viet Nam,2019,Male,Employment to population ratio,79.648
Viet Nam,2019,Female,Labour Force Participation Rate,70.516
Viet Nam,2019,Male,Labour Force Participation Rate,81.072
Viet Nam,2019,Female,Part Time Employment,32.41
Viet Nam,2019,Male,Part Time Employment,24.74
Viet Nam,2019,Female,Vulnerable Employment,57.99027224
Viet Nam,2019,Male,Vulnerable Employment,47.50702926
Virgin Islands (U.S.),2019,Female,Employment to population ratio,37.256
Virgin Islands (U.S.),2019,Male,Employment to population ratio,55.869
Virgin Islands (U.S.),2019,Female,Labour Force Participation Rate,42.98
Virgin Islands (U.S.),2019,Male,Labour Force Participation Rate,63.165
Virgin Islands (U.S.),2019,Female,Vulnerable Employment,4.804804805
Virgin Islands (U.S.),2019,Male,Vulnerable Employment,8.251988001
West Bank and Gaza,2019,Female,Employment to population ratio,10.845
West Bank and Gaza,2019,Male,Employment to population ratio,55.965
West Bank and Gaza,2019,Female,Labour Force Participation Rate,18.347
West Bank and Gaza,2019,Male,Labour Force Participation Rate,71.017
West Bank and Gaza,2019,Female,Part Time Employment,45.89
West Bank and Gaza,2019,Male,Part Time Employment,21.8
West Bank and Gaza,2019,Female,Vulnerable Employment,19.95665467
West Bank and Gaza,2019,Male,Vulnerable Employment,22.4514797
"Yemen, Rep.",2019,Female,Employment to population ratio,3.631
"Yemen, Rep.",2019,Male,Employment to population ratio,49.992
"Yemen, Rep.",2019,Female,Labour Force Participation Rate,5.127
"Yemen, Rep.",2019,Male,Labour Force Participation Rate,59.757
"Yemen, Rep.",2019,Female,Vulnerable Employment,65.31888029
"Yemen, Rep.",2019,Male,Vulnerable Employment,47.27330416
Zambia,2019,Female,Employment to population ratio,49.481
Zambia,2019,Male,Employment to population ratio,63.328
Zambia,2019,Female,Labour Force Participation Rate,52.204
Zambia,2019,Male,Labour Force Participation Rate,67.23
Zambia,2019,Female,Vulnerable Employment,82.70392198
Zambia,2019,Male,Vulnerable Employment,65.30375126
Zimbabwe,2019,Female,Employment to population ratio,56.485
Zimbabwe,2019,Male,Employment to population ratio,66.346
Zimbabwe,2019,Female,Labour Force Participation Rate,60.73
Zimbabwe,2019,Male,Labour Force Participation Rate,71.927
Zimbabwe,2019,Female,Vulnerable Employment,76.30865193
Zimbabwe,2019,Male,Vulnerable Employment,59.50980872
Afghanistan,2020,Female,Employment to population ratio,13.7
Afghanistan,2020,Male,Employment to population ratio,59.715
Afghanistan,2020,Female,Labour Force Participation Rate,16.463
Afghanistan,2020,Male,Labour Force Participation Rate,66.689
Afghanistan,2020,Female,Vulnerable Employment,91.67031708
Afghanistan,2020,Male,Vulnerable Employment,80.63125351
Albania,2020,Female,Employment to population ratio,43.81
Albania,2020,Male,Employment to population ratio,56.242
Albania,2020,Female,Labour Force Participation Rate,50.089
Albania,2020,Male,Labour Force Participation Rate,64.694
Albania,2020,Female,Part Time Employment,47.8965145
Albania,2020,Male,Part Time Employment,47.8965145
Albania,2020,Female,Vulnerable Employment,50.80180905
Albania,2020,Male,Vulnerable Employment,51.15328929
Algeria,2020,Female,Employment to population ratio,11.805
Algeria,2020,Male,Employment to population ratio,55.223
Algeria,2020,Female,Labour Force Participation Rate,15.439
Algeria,2020,Male,Labour Force Participation Rate,62.592
Algeria,2020,Female,Vulnerable Employment,24.28322128
Algeria,2020,Male,Vulnerable Employment,27.92954492
Angola,2020,Female,Employment to population ratio,60.921
Angola,2020,Male,Employment to population ratio,64.264
Angola,2020,Female,Labour Force Participation Rate,73.047
Angola,2020,Male,Labour Force Participation Rate,77.236
Angola,2020,Female,Vulnerable Employment,70.77174174
Angola,2020,Male,Vulnerable Employment,50.63529795
Argentina,2020,Female,Employment to population ratio,40.744
Argentina,2020,Male,Employment to population ratio,58.842
Argentina,2020,Female,Labour Force Participation Rate,46.506
Argentina,2020,Male,Labour Force Participation Rate,65.949
Argentina,2020,Female,Vulnerable Employment,22.68801736
Argentina,2020,Male,Vulnerable Employment,25.06338238
Armenia,2020,Female,Employment to population ratio,52.132
Armenia,2020,Male,Employment to population ratio,57.741
Armenia,2020,Female,Labour Force Participation Rate,57.689
Armenia,2020,Male,Labour Force Participation Rate,67.949
Armenia,2020,Female,Part Time Employment,23.46
Armenia,2020,Male,Part Time Employment,16.15
Armenia,2020,Female,Vulnerable Employment,63.55034254
Armenia,2020,Male,Vulnerable Employment,56.30210202
Australia,2020,Female,Employment to population ratio,56.368
Australia,2020,Male,Employment to population ratio,65.43
Australia,2020,Female,Labour Force Participation Rate,60.192
Australia,2020,Male,Labour Force Participation Rate,70.019
Australia,2020,Female,Part Time Employment,58.59
Australia,2020,Male,Part Time Employment,35.8
Australia,2020,Female,Vulnerable Employment,6.674770464
Australia,2020,Male,Vulnerable Employment,9.539380747
Austria,2020,Female,Employment to population ratio,53.096
Austria,2020,Male,Employment to population ratio,62.418
Austria,2020,Female,Labour Force Participation Rate,55.902
Austria,2020,Male,Labour Force Participation Rate,65.953
Austria,2020,Female,Part Time Employment,63.34
Austria,2020,Male,Part Time Employment,34.08
Austria,2020,Female,Vulnerable Employment,7.766163578
Austria,2020,Male,Vulnerable Employment,8.482571244
Azerbaijan,2020,Female,Employment to population ratio,59.294
Azerbaijan,2020,Male,Employment to population ratio,66.272
Azerbaijan,2020,Female,Labour Force Participation Rate,64.728
Azerbaijan,2020,Male,Labour Force Participation Rate,70.574
Azerbaijan,2020,Female,Part Time Employment,24.58
Azerbaijan,2020,Male,Part Time Employment,15.14
Azerbaijan,2020,Female,Vulnerable Employment,60.31287481
Azerbaijan,2020,Male,Vulnerable Employment,48.23874302
"Bahamas, The",2020,Female,Employment to population ratio,54.482
"Bahamas, The",2020,Male,Employment to population ratio,65.443
"Bahamas, The",2020,Female,Labour Force Participation Rate,62.057
"Bahamas, The",2020,Male,Labour Force Participation Rate,75.129
"Bahamas, The",2020,Female,Vulnerable Employment,8.519467708
"Bahamas, The",2020,Male,Vulnerable Employment,22.52052938
Bahrain,2020,Female,Employment to population ratio,41.236
Bahrain,2020,Male,Employment to population ratio,85.487
Bahrain,2020,Female,Labour Force Participation Rate,43.484
Bahrain,2020,Male,Labour Force Participation Rate,86.24
Bahrain,2020,Female,Vulnerable Employment,1.041605054
Bahrain,2020,Male,Vulnerable Employment,1.084945486
Bangladesh,2020,Female,Employment to population ratio,33.738
Bangladesh,2020,Male,Employment to population ratio,76.91
Bangladesh,2020,Female,Labour Force Participation Rate,36.565
Bangladesh,2020,Male,Labour Force Participation Rate,80.262
Bangladesh,2020,Female,Vulnerable Employment,67.19871467
Bangladesh,2020,Male,Vulnerable Employment,50.33227553
Barbados,2020,Female,Employment to population ratio,52.823
Barbados,2020,Male,Employment to population ratio,57.28
Barbados,2020,Female,Labour Force Participation Rate,57.585
Barbados,2020,Male,Labour Force Participation Rate,64.511
Barbados,2020,Female,Vulnerable Employment,13.45179631
Barbados,2020,Male,Vulnerable Employment,26.15267127
Belarus,2020,Female,Employment to population ratio,57.109
Belarus,2020,Male,Employment to population ratio,68.061
Belarus,2020,Female,Labour Force Participation Rate,59.067
Belarus,2020,Male,Labour Force Participation Rate,71.485
Belarus,2020,Female,Vulnerable Employment,2.434629704
Belarus,2020,Male,Vulnerable Employment,5.071841608
Belgium,2020,Female,Employment to population ratio,46.695
Belgium,2020,Male,Employment to population ratio,55.14
Belgium,2020,Female,Labour Force Participation Rate,49.336
Belgium,2020,Male,Labour Force Participation Rate,58.487
Belgium,2020,Female,Part Time Employment,59.25
Belgium,2020,Male,Part Time Employment,33.78
Belgium,2020,Female,Vulnerable Employment,8.815538592
Belgium,2020,Male,Vulnerable Employment,12.71801367
Belize,2020,Female,Employment to population ratio,39.743
Belize,2020,Male,Employment to population ratio,69.942
Belize,2020,Female,Labour Force Participation Rate,47.333
Belize,2020,Male,Labour Force Participation Rate,75.387
Belize,2020,Female,Vulnerable Employment,30.39640478
Belize,2020,Male,Vulnerable Employment,25.55415592
Benin,2020,Female,Employment to population ratio,54.758
Benin,2020,Male,Employment to population ratio,67.484
Benin,2020,Female,Labour Force Participation Rate,55.784
Benin,2020,Male,Labour Force Participation Rate,68.464
Benin,2020,Female,Vulnerable Employment,83.94878217
Benin,2020,Male,Vulnerable Employment,72.97136943
Bhutan,2020,Female,Employment to population ratio,59.216
Bhutan,2020,Male,Employment to population ratio,68.949
Bhutan,2020,Female,Labour Force Participation Rate,63.06
Bhutan,2020,Male,Labour Force Participation Rate,71.984
Bhutan,2020,Female,Vulnerable Employment,83.10969731
Bhutan,2020,Male,Vulnerable Employment,62.25995655
Bolivia,2020,Female,Employment to population ratio,53.5
Bolivia,2020,Male,Employment to population ratio,74.904
Bolivia,2020,Female,Labour Force Participation Rate,59.337
Bolivia,2020,Male,Labour Force Participation Rate,80.074
Bolivia,2020,Female,Vulnerable Employment,69.81652567
Bolivia,2020,Male,Vulnerable Employment,60.62151538
Bosnia and Herzegovina,2020,Female,Employment to population ratio,29.328
Bosnia and Herzegovina,2020,Male,Employment to population ratio,49.882
Bosnia and Herzegovina,2020,Female,Labour Force Participation Rate,36.009
Bosnia and Herzegovina,2020,Male,Labour Force Participation Rate,58.09
Bosnia and Herzegovina,2020,Female,Part Time Employment,15.26
Bosnia and Herzegovina,2020,Male,Part Time Employment,9.32
Bosnia and Herzegovina,2020,Female,Vulnerable Employment,21.78481162
Bosnia and Herzegovina,2020,Male,Vulnerable Employment,17.5204659
Botswana,2020,Female,Employment to population ratio,44.075
Botswana,2020,Male,Employment to population ratio,54.51
Botswana,2020,Female,Labour Force Participation Rate,56.981
Botswana,2020,Male,Labour Force Participation Rate,67.78
Botswana,2020,Female,Vulnerable Employment,29.33907717
Botswana,2020,Male,Vulnerable Employment,28.60085947
Brazil,2020,Female,Employment to population ratio,42.032
Brazil,2020,Male,Employment to population ratio,62.578
Brazil,2020,Female,Labour Force Participation Rate,50.186
Brazil,2020,Male,Labour Force Participation Rate,70.95
Brazil,2020,Female,Part Time Employment,43.4
Brazil,2020,Male,Part Time Employment,27.18
Brazil,2020,Female,Vulnerable Employment,23.89860298
Brazil,2020,Male,Vulnerable Employment,30.80311508
Brunei Darussalam,2020,Female,Employment to population ratio,49.73
Brunei Darussalam,2020,Male,Employment to population ratio,67.465
Brunei Darussalam,2020,Female,Labour Force Participation Rate,54.557
Brunei Darussalam,2020,Male,Labour Force Participation Rate,72.075
Brunei Darussalam,2020,Female,Vulnerable Employment,8.260864262
Brunei Darussalam,2020,Male,Vulnerable Employment,6.072898246
Bulgaria,2020,Female,Employment to population ratio,46.845
Bulgaria,2020,Male,Employment to population ratio,59.049
Bulgaria,2020,Female,Labour Force Participation Rate,49.188
Bulgaria,2020,Male,Labour Force Participation Rate,62.435
Bulgaria,2020,Female,Part Time Employment,16.02
Bulgaria,2020,Male,Part Time Employment,11.32
Bulgaria,2020,Female,Vulnerable Employment,6.145190215
Bulgaria,2020,Male,Vulnerable Employment,8.631532309
Burkina Faso,2020,Female,Employment to population ratio,54.384
Burkina Faso,2020,Male,Employment to population ratio,68.701
Burkina Faso,2020,Female,Labour Force Participation Rate,57.215
Burkina Faso,2020,Male,Labour Force Participation Rate,72.556
Burkina Faso,2020,Female,Vulnerable Employment,87.80321711
Burkina Faso,2020,Male,Vulnerable Employment,80.53556112
Burundi,2020,Female,Employment to population ratio,77.829
Burundi,2020,Male,Employment to population ratio,77.725
Burundi,2020,Female,Labour Force Participation Rate,78.596
Burundi,2020,Male,Labour Force Participation Rate,78.578
Burundi,2020,Female,Vulnerable Employment,90.83430086
Burundi,2020,Male,Vulnerable Employment,77.57847804
Cabo Verde,2020,Female,Employment to population ratio,41.482
Cabo Verde,2020,Male,Employment to population ratio,52.166
Cabo Verde,2020,Female,Labour Force Participation Rate,48.027
Cabo Verde,2020,Male,Labour Force Participation Rate,61.629
Cabo Verde,2020,Female,Vulnerable Employment,45.1957973
Cabo Verde,2020,Male,Vulnerable Employment,27.15389674
Cambodia,2020,Female,Employment to population ratio,68.919
Cambodia,2020,Male,Employment to population ratio,81.786
Cambodia,2020,Female,Labour Force Participation Rate,69.062
Cambodia,2020,Male,Labour Force Participation Rate,81.898
Cambodia,2020,Female,Vulnerable Employment,60.64207924
Cambodia,2020,Male,Vulnerable Employment,48.11196122
Cameroon,2020,Female,Employment to population ratio,63.571
Cameroon,2020,Male,Employment to population ratio,73.151
Cameroon,2020,Female,Labour Force Participation Rate,66.549
Cameroon,2020,Male,Labour Force Participation Rate,75.854
Cameroon,2020,Female,Vulnerable Employment,81.41251205
Cameroon,2020,Male,Vulnerable Employment,64.49821371
Canada,2020,Female,Employment to population ratio,53.842
Canada,2020,Male,Employment to population ratio,61.923
Canada,2020,Female,Labour Force Participation Rate,59.509
Canada,2020,Male,Labour Force Participation Rate,68.637
Canada,2020,Female,Part Time Employment,51.83
Canada,2020,Male,Part Time Employment,35.41
Canada,2020,Female,Vulnerable Employment,10.01520484
Canada,2020,Male,Vulnerable Employment,12.43415388
Central African Republic,2020,Female,Employment to population ratio,57.974
Central African Republic,2020,Male,Employment to population ratio,72.468
Central African Republic,2020,Female,Labour Force Participation Rate,62.662
Central African Republic,2020,Male,Labour Force Participation Rate,77.079
Central African Republic,2020,Female,Vulnerable Employment,97.02411125
Central African Republic,2020,Male,Vulnerable Employment,88.6979933
Chad,2020,Female,Employment to population ratio,47.6
Chad,2020,Male,Employment to population ratio,69.139
Chad,2020,Female,Labour Force Participation Rate,48.086
Chad,2020,Male,Labour Force Participation Rate,70.656
Chad,2020,Female,Vulnerable Employment,96.05314993
Chad,2020,Male,Vulnerable Employment,85.86057015
Channel Islands,2020,Female,Employment to population ratio,47.422
Channel Islands,2020,Male,Employment to population ratio,60.896
Channel Islands,2020,Female,Labour Force Participation Rate,50.973
Channel Islands,2020,Male,Labour Force Participation Rate,65.142
Channel Islands,2020,Female,Vulnerable Employment,8.904686973
Channel Islands,2020,Male,Vulnerable Employment,13.125
Chile,2020,Female,Employment to population ratio,40.381
Chile,2020,Male,Employment to population ratio,60.272
Chile,2020,Female,Labour Force Participation Rate,45.459
Chile,2020,Male,Labour Force Participation Rate,67.555
Chile,2020,Female,Part Time Employment,43.75
Chile,2020,Male,Part Time Employment,28.38
Chile,2020,Female,Vulnerable Employment,22.46129287
Chile,2020,Male,Vulnerable Employment,22.57685599
China,2020,Female,Employment to population ratio,57.511
China,2020,Male,Employment to population ratio,67.817
China,2020,Female,Labour Force Participation Rate,60.122
China,2020,Male,Labour Force Participation Rate,71.793
China,2020,Female,Vulnerable Employment,44.06032732
China,2020,Male,Vulnerable Employment,41.25491149
Colombia,2020,Female,Employment to population ratio,40.634
Colombia,2020,Male,Employment to population ratio,66.508
Colombia,2020,Female,Labour Force Participation Rate,51.122
Colombia,2020,Male,Labour Force Participation Rate,76.273
Colombia,2020,Female,Part Time Employment,43.25
Colombia,2020,Male,Part Time Employment,28.12
Colombia,2020,Female,Vulnerable Employment,47.26649591
Colombia,2020,Male,Vulnerable Employment,48.34058776
Comoros,2020,Female,Employment to population ratio,30.577
Comoros,2020,Male,Employment to population ratio,51.688
Comoros,2020,Female,Labour Force Participation Rate,32.672
Comoros,2020,Male,Labour Force Participation Rate,54.634
Comoros,2020,Female,Vulnerable Employment,67.23981185
Comoros,2020,Male,Vulnerable Employment,50.46296296
"Congo, Dem. Rep.",2020,Female,Employment to population ratio,59.315
"Congo, Dem. Rep.",2020,Male,Employment to population ratio,64.193
"Congo, Dem. Rep.",2020,Female,Labour Force Participation Rate,61.956
"Congo, Dem. Rep.",2020,Male,Labour Force Participation Rate,68.751
"Congo, Dem. Rep.",2020,Female,Vulnerable Employment,88.62003311
"Congo, Dem. Rep.",2020,Male,Vulnerable Employment,77.79212876
"Congo, Rep.",2020,Female,Employment to population ratio,50.219
"Congo, Rep.",2020,Male,Employment to population ratio,53.397
"Congo, Rep.",2020,Female,Labour Force Participation Rate,65.984
"Congo, Rep.",2020,Male,Labour Force Participation Rate,67.985
"Congo, Rep.",2020,Female,Vulnerable Employment,88.2817418
"Congo, Rep.",2020,Male,Vulnerable Employment,62.24400933
Costa Rica,2020,Female,Employment to population ratio,38.188
Costa Rica,2020,Male,Employment to population ratio,63.236
Costa Rica,2020,Female,Labour Force Participation Rate,48.492
Costa Rica,2020,Male,Labour Force Participation Rate,72.849
Costa Rica,2020,Female,Part Time Employment,42.06
Costa Rica,2020,Male,Part Time Employment,29.87
Costa Rica,2020,Female,Vulnerable Employment,22.50946303
Costa Rica,2020,Male,Vulnerable Employment,26.84612412
Cote d'Ivoire,2020,Female,Employment to population ratio,53.93
Cote d'Ivoire,2020,Male,Employment to population ratio,70.604
Cote d'Ivoire,2020,Female,Labour Force Participation Rate,55.733
Cote d'Ivoire,2020,Male,Labour Force Participation Rate,72.183
Cote d'Ivoire,2020,Female,Vulnerable Employment,81.73501467
Cote d'Ivoire,2020,Male,Vulnerable Employment,63.92680829
Croatia,2020,Female,Employment to population ratio,41.254
Croatia,2020,Male,Employment to population ratio,53.582
Croatia,2020,Female,Labour Force Participation Rate,44.638
Croatia,2020,Male,Labour Force Participation Rate,57.896
Croatia,2020,Female,Part Time Employment,32.97
Croatia,2020,Male,Part Time Employment,26.72
Croatia,2020,Female,Vulnerable Employment,5.600904282
Croatia,2020,Male,Vulnerable Employment,8.421768992
Cuba,2020,Female,Employment to population ratio,38.824
Cuba,2020,Male,Employment to population ratio,65.567
Cuba,2020,Female,Labour Force Participation Rate,39.449
Cuba,2020,Male,Labour Force Participation Rate,66.422
Cuba,2020,Female,Vulnerable Employment,18.45746865
Cuba,2020,Male,Vulnerable Employment,23.25070413
Cyprus,2020,Female,Employment to population ratio,52.097
Cyprus,2020,Male,Employment to population ratio,63.811
Cyprus,2020,Female,Labour Force Participation Rate,56.521
Cyprus,2020,Male,Labour Force Participation Rate,69.138
Cyprus,2020,Female,Part Time Employment,40.02
Cyprus,2020,Male,Part Time Employment,33.12
Cyprus,2020,Female,Vulnerable Employment,9.410127356
Cyprus,2020,Male,Vulnerable Employment,14.09360652
Czechia,2020,Female,Employment to population ratio,50.287
Czechia,2020,Male,Employment to population ratio,66.608
Czechia,2020,Female,Labour Force Participation Rate,51.816
Czechia,2020,Male,Labour Force Participation Rate,68.128
Czechia,2020,Female,Part Time Employment,40.5
Czechia,2020,Male,Part Time Employment,28.71
Czechia,2020,Female,Vulnerable Employment,11.1428697
Czechia,2020,Male,Vulnerable Employment,16.30285339
Denmark,2020,Female,Employment to population ratio,54.294
Denmark,2020,Male,Employment to population ratio,62.849
Denmark,2020,Female,Labour Force Participation Rate,57.75
Denmark,2020,Male,Labour Force Participation Rate,66.39
Denmark,2020,Female,Part Time Employment,54
Denmark,2020,Male,Part Time Employment,35.1
Denmark,2020,Female,Vulnerable Employment,3.994600499
Denmark,2020,Male,Vulnerable Employment,6.145516485
Djibouti,2020,Female,Employment to population ratio,11.099
Djibouti,2020,Male,Employment to population ratio,34.561
Djibouti,2020,Female,Labour Force Participation Rate,17.906
Djibouti,2020,Male,Labour Force Participation Rate,45.302
Djibouti,2020,Female,Vulnerable Employment,63.46786602
Djibouti,2020,Male,Vulnerable Employment,46.35622617
Dominican Republic,2020,Female,Employment to population ratio,42.983
Dominican Republic,2020,Male,Employment to population ratio,70.354
Dominican Republic,2020,Female,Labour Force Participation Rate,47.278
Dominican Republic,2020,Male,Labour Force Participation Rate,73.459
Dominican Republic,2020,Female,Part Time Employment,49.03
Dominican Republic,2020,Male,Part Time Employment,33.99
Dominican Republic,2020,Female,Vulnerable Employment,28.92018686
Dominican Republic,2020,Male,Vulnerable Employment,46.98777445
Ecuador,2020,Female,Employment to population ratio,44.741
Ecuador,2020,Male,Employment to population ratio,68.263
Ecuador,2020,Female,Labour Force Participation Rate,48.295
Ecuador,2020,Male,Labour Force Participation Rate,72.078
Ecuador,2020,Female,Vulnerable Employment,61.72089402
Ecuador,2020,Male,Vulnerable Employment,45.62297816
"Egypt, Arab Rep.",2020,Female,Employment to population ratio,12.011
"Egypt, Arab Rep.",2020,Male,Employment to population ratio,64.304
"Egypt, Arab Rep.",2020,Female,Labour Force Participation Rate,14.585
"Egypt, Arab Rep.",2020,Male,Labour Force Participation Rate,68.356
"Egypt, Arab Rep.",2020,Female,Part Time Employment,29.84
"Egypt, Arab Rep.",2020,Male,Part Time Employment,21.59
"Egypt, Arab Rep.",2020,Female,Vulnerable Employment,27.85358887
"Egypt, Arab Rep.",2020,Male,Vulnerable Employment,16.72290942
El Salvador,2020,Female,Employment to population ratio,40.86
El Salvador,2020,Male,Employment to population ratio,68.758
El Salvador,2020,Female,Labour Force Participation Rate,43.202
El Salvador,2020,Male,Labour Force Participation Rate,72.166
El Salvador,2020,Female,Part Time Employment,26.59
El Salvador,2020,Male,Part Time Employment,18.81
El Salvador,2020,Female,Vulnerable Employment,45.13491174
El Salvador,2020,Male,Vulnerable Employment,27.86928117
Equatorial Guinea,2020,Female,Employment to population ratio,43.823
Equatorial Guinea,2020,Male,Employment to population ratio,51.765
Equatorial Guinea,2020,Female,Labour Force Participation Rate,48.722
Equatorial Guinea,2020,Male,Labour Force Participation Rate,56.447
Equatorial Guinea,2020,Female,Vulnerable Employment,86.61983764
Equatorial Guinea,2020,Male,Vulnerable Employment,72.20869287
Eritrea,2020,Female,Employment to population ratio,65.139
Eritrea,2020,Male,Employment to population ratio,79.568
Eritrea,2020,Female,Labour Force Participation Rate,70.218
Eritrea,2020,Male,Labour Force Participation Rate,84.435
Eritrea,2020,Female,Vulnerable Employment,80.50488198
Eritrea,2020,Male,Vulnerable Employment,62.29477133
Estonia,2020,Female,Employment to population ratio,53.572
Estonia,2020,Male,Employment to population ratio,65.389
Estonia,2020,Female,Labour Force Participation Rate,57.369
Estonia,2020,Male,Labour Force Participation Rate,70.287
Estonia,2020,Female,Part Time Employment,37.57
Estonia,2020,Male,Part Time Employment,27.82
Estonia,2020,Female,Vulnerable Employment,4.163126593
Estonia,2020,Male,Vulnerable Employment,7.868606277
Eswatini,2020,Female,Employment to population ratio,34.31
Eswatini,2020,Male,Employment to population ratio,41.547
Eswatini,2020,Female,Labour Force Participation Rate,46.682
Eswatini,2020,Male,Labour Force Participation Rate,54.122
Eswatini,2020,Female,Vulnerable Employment,40.7925109
Eswatini,2020,Male,Vulnerable Employment,27.85540471
Ethiopia,2020,Female,Employment to population ratio,70.092
Ethiopia,2020,Male,Employment to population ratio,83.218
Ethiopia,2020,Female,Labour Force Participation Rate,73.856
Ethiopia,2020,Male,Labour Force Participation Rate,85.678
Ethiopia,2020,Female,Vulnerable Employment,88.242352
Ethiopia,2020,Male,Vulnerable Employment,83.64676091
Fiji,2020,Female,Employment to population ratio,34.946
Fiji,2020,Male,Employment to population ratio,70.968
Fiji,2020,Female,Labour Force Participation Rate,37.159
Fiji,2020,Male,Labour Force Participation Rate,74.015
Fiji,2020,Female,Vulnerable Employment,28.70873344
Fiji,2020,Male,Vulnerable Employment,32.58323258
Finland,2020,Female,Employment to population ratio,51.089
Finland,2020,Male,Employment to population ratio,57.865
Finland,2020,Female,Labour Force Participation Rate,55.224
Finland,2020,Male,Labour Force Participation Rate,62.902
Finland,2020,Female,Part Time Employment,50.81
Finland,2020,Male,Part Time Employment,38.5
Finland,2020,Female,Vulnerable Employment,7.377911097
Finland,2020,Male,Vulnerable Employment,11.88161433
France,2020,Female,Employment to population ratio,46.6
France,2020,Male,Employment to population ratio,54.064
France,2020,Female,Labour Force Participation Rate,50.626
France,2020,Male,Labour Force Participation Rate,58.806
France,2020,Female,Part Time Employment,51.92
France,2020,Male,Part Time Employment,36.13
France,2020,Female,Vulnerable Employment,6.987046688
France,2020,Male,Vulnerable Employment,9.344298331
French Polynesia,2020,Female,Employment to population ratio,42.321
French Polynesia,2020,Male,Employment to population ratio,54.784
French Polynesia,2020,Female,Labour Force Participation Rate,49.088
French Polynesia,2020,Male,Labour Force Participation Rate,62.318
French Polynesia,2020,Female,Vulnerable Employment,13.18307119
French Polynesia,2020,Male,Vulnerable Employment,19.46548433
Gabon,2020,Female,Employment to population ratio,25.854
Gabon,2020,Male,Employment to population ratio,45.498
Gabon,2020,Female,Labour Force Participation Rate,37.122
Gabon,2020,Male,Labour Force Participation Rate,53.921
Gabon,2020,Female,Vulnerable Employment,37.66765634
Gabon,2020,Male,Vulnerable Employment,28.20338724
"Gambia, The",2020,Female,Employment to population ratio,53.583
"Gambia, The",2020,Male,Employment to population ratio,61.351
"Gambia, The",2020,Female,Labour Force Participation Rate,55.554
"Gambia, The",2020,Male,Labour Force Participation Rate,65.154
"Gambia, The",2020,Female,Vulnerable Employment,81.70183363
"Gambia, The",2020,Male,Vulnerable Employment,66.98980225
Georgia,2020,Female,Employment to population ratio,49.479
Georgia,2020,Male,Employment to population ratio,63.636
Georgia,2020,Female,Labour Force Participation Rate,55.115
Georgia,2020,Male,Labour Force Participation Rate,73.203
Georgia,2020,Female,Vulnerable Employment,45.49477817
Georgia,2020,Male,Vulnerable Employment,49.56136208
Germany,2020,Female,Employment to population ratio,53.647
Germany,2020,Male,Employment to population ratio,63.158
Germany,2020,Female,Labour Force Participation Rate,55.56
Germany,2020,Male,Labour Force Participation Rate,65.944
Germany,2020,Female,Part Time Employment,59.32
Germany,2020,Male,Part Time Employment,29.2
Germany,2020,Female,Vulnerable Employment,4.507306684
Germany,2020,Male,Vulnerable Employment,5.492435675
Ghana,2020,Female,Employment to population ratio,62.414
Ghana,2020,Male,Employment to population ratio,69.709
Ghana,2020,Female,Labour Force Participation Rate,64.668
Ghana,2020,Male,Labour Force Participation Rate,72.132
Ghana,2020,Female,Vulnerable Employment,78.06342422
Ghana,2020,Male,Vulnerable Employment,62.57150043
Greece,2020,Female,Employment to population ratio,34.928
Greece,2020,Male,Employment to population ratio,49.74
Greece,2020,Female,Labour Force Participation Rate,43.268
Greece,2020,Male,Labour Force Participation Rate,57.308
Greece,2020,Female,Part Time Employment,39.97
Greece,2020,Male,Part Time Employment,25.86
Greece,2020,Female,Vulnerable Employment,21.38654334
Greece,2020,Male,Vulnerable Employment,26.13981665
Guam,2020,Female,Employment to population ratio,52.266
Guam,2020,Male,Employment to population ratio,63.41
Guam,2020,Female,Labour Force Participation Rate,55.501
Guam,2020,Male,Labour Force Participation Rate,67.885
Guam,2020,Female,Vulnerable Employment,6.597436213
Guam,2020,Male,Vulnerable Employment,11.90083902
Guatemala,2020,Female,Employment to population ratio,35.535
Guatemala,2020,Male,Employment to population ratio,77.262
Guatemala,2020,Female,Labour Force Participation Rate,36.87
Guatemala,2020,Male,Labour Force Participation Rate,79.259
Guatemala,2020,Female,Vulnerable Employment,47.07879712
Guatemala,2020,Male,Vulnerable Employment,33.31289715
Guinea,2020,Female,Employment to population ratio,39.365
Guinea,2020,Male,Employment to population ratio,59.723
Guinea,2020,Female,Labour Force Participation Rate,41.85
Guinea,2020,Male,Labour Force Participation Rate,63.639
Guinea,2020,Female,Vulnerable Employment,87.38773957
Guinea,2020,Male,Vulnerable Employment,74.65432837
Guinea-Bissau,2020,Female,Employment to population ratio,46.925
Guinea-Bissau,2020,Male,Employment to population ratio,60.2
Guinea-Bissau,2020,Female,Labour Force Participation Rate,48.396
Guinea-Bissau,2020,Male,Labour Force Participation Rate,62.89
Guinea-Bissau,2020,Female,Vulnerable Employment,79.2657158
Guinea-Bissau,2020,Male,Vulnerable Employment,61.00850022
Guyana,2020,Female,Employment to population ratio,32.185
Guyana,2020,Male,Employment to population ratio,52.197
Guyana,2020,Female,Labour Force Participation Rate,38.856
Guyana,2020,Male,Labour Force Participation Rate,61.177
Guyana,2020,Female,Vulnerable Employment,30.56932393
Guyana,2020,Male,Vulnerable Employment,28.01641875
Haiti,2020,Female,Employment to population ratio,49.986
Haiti,2020,Male,Employment to population ratio,60.245
Haiti,2020,Female,Labour Force Participation Rate,61.48
Haiti,2020,Male,Labour Force Participation Rate,69.123
Haiti,2020,Female,Vulnerable Employment,82.40623926
Haiti,2020,Male,Vulnerable Employment,67.79745527
Honduras,2020,Female,Employment to population ratio,40.893
Honduras,2020,Male,Employment to population ratio,66.703
Honduras,2020,Female,Labour Force Participation Rate,47.515
Honduras,2020,Male,Labour Force Participation Rate,72.961
Honduras,2020,Female,Part Time Employment,48.05
Honduras,2020,Male,Part Time Employment,26.89
Honduras,2020,Female,Vulnerable Employment,48.23490493
Honduras,2020,Male,Vulnerable Employment,29.28315711
"Hong Kong SAR, China",2020,Female,Employment to population ratio,51.707
"Hong Kong SAR, China",2020,Male,Employment to population ratio,61.702
"Hong Kong SAR, China",2020,Female,Labour Force Participation Rate,54.277
"Hong Kong SAR, China",2020,Male,Labour Force Participation Rate,66.255
"Hong Kong SAR, China",2020,Female,Vulnerable Employment,3.761096922
"Hong Kong SAR, China",2020,Male,Vulnerable Employment,8.33345546
Hungary,2020,Female,Employment to population ratio,46.005
Hungary,2020,Male,Employment to population ratio,63.527
Hungary,2020,Female,Labour Force Participation Rate,48.164
Hungary,2020,Male,Labour Force Participation Rate,66.217
Hungary,2020,Female,Part Time Employment,28.58
Hungary,2020,Male,Part Time Employment,22.3
Hungary,2020,Female,Vulnerable Employment,6.957021477
Hungary,2020,Male,Vulnerable Employment,9.09093812
Iceland,2020,Female,Employment to population ratio,65.483
Iceland,2020,Male,Employment to population ratio,73.299
Iceland,2020,Female,Labour Force Participation Rate,69.141
Iceland,2020,Male,Labour Force Participation Rate,77.681
Iceland,2020,Female,Part Time Employment,51.33
Iceland,2020,Male,Part Time Employment,29.71
Iceland,2020,Female,Vulnerable Employment,6.791226816
Iceland,2020,Male,Vulnerable Employment,11.45757083
India,2020,Female,Employment to population ratio,24.194
India,2020,Male,Employment to population ratio,67.555
India,2020,Female,Labour Force Participation Rate,25.945
India,2020,Male,Labour Force Participation Rate,73.613
India,2020,Female,Vulnerable Employment,78.12458009
India,2020,Male,Vulnerable Employment,74.04420674
Indonesia,2020,Female,Employment to population ratio,51.165
Indonesia,2020,Male,Employment to population ratio,77.885
Indonesia,2020,Female,Labour Force Participation Rate,53.167
Indonesia,2020,Male,Labour Force Participation Rate,81.61
Indonesia,2020,Female,Part Time Employment,48.25
Indonesia,2020,Male,Part Time Employment,34.42
Indonesia,2020,Female,Vulnerable Employment,58.194899
Indonesia,2020,Male,Vulnerable Employment,43.94382942
"Iran, Islamic Rep.",2020,Female,Employment to population ratio,11.644
"Iran, Islamic Rep.",2020,Male,Employment to population ratio,61.968
"Iran, Islamic Rep.",2020,Female,Labour Force Participation Rate,13.811
"Iran, Islamic Rep.",2020,Male,Labour Force Participation Rate,67.712
"Iran, Islamic Rep.",2020,Female,Part Time Employment,51.98
"Iran, Islamic Rep.",2020,Male,Part Time Employment,24.23
"Iran, Islamic Rep.",2020,Female,Vulnerable Employment,39.84313079
"Iran, Islamic Rep.",2020,Male,Vulnerable Employment,40.73020783
Iraq,2020,Female,Employment to population ratio,7.62
Iraq,2020,Male,Employment to population ratio,59.461
Iraq,2020,Female,Labour Force Participation Rate,10.761
Iraq,2020,Male,Labour Force Participation Rate,68.807
Iraq,2020,Female,Vulnerable Employment,24.55990154
Iraq,2020,Male,Vulnerable Employment,27.83386375
Ireland,2020,Female,Employment to population ratio,51.982
Ireland,2020,Male,Employment to population ratio,63.592
Ireland,2020,Female,Labour Force Participation Rate,55.094
Ireland,2020,Male,Labour Force Participation Rate,67.362
Ireland,2020,Female,Part Time Employment,53.57
Ireland,2020,Male,Part Time Employment,28.28
Ireland,2020,Female,Vulnerable Employment,6.067855402
Ireland,2020,Male,Vulnerable Employment,14.15177337
Israel,2020,Female,Employment to population ratio,57.035
Israel,2020,Male,Employment to population ratio,64.608
Israel,2020,Female,Labour Force Participation Rate,59.393
Israel,2020,Male,Labour Force Participation Rate,67.546
Israel,2020,Female,Part Time Employment,46.5
Israel,2020,Male,Part Time Employment,27.64
Israel,2020,Female,Vulnerable Employment,7.114459955
Israel,2020,Male,Vulnerable Employment,9.485722455
Italy,2020,Female,Employment to population ratio,35.774
Italy,2020,Male,Employment to population ratio,52.936
Italy,2020,Female,Labour Force Participation Rate,39.834
Italy,2020,Male,Labour Force Participation Rate,57.791
Italy,2020,Female,Part Time Employment,54.81
Italy,2020,Male,Part Time Employment,30.15
Italy,2020,Female,Vulnerable Employment,13.14989935
Italy,2020,Male,Vulnerable Employment,19.04499387
Jamaica,2020,Female,Employment to population ratio,53.549
Jamaica,2020,Male,Employment to population ratio,68.396
Jamaica,2020,Female,Labour Force Participation Rate,57.85
Jamaica,2020,Male,Labour Force Participation Rate,72.556
Jamaica,2020,Female,Vulnerable Employment,29.49381264
Jamaica,2020,Male,Vulnerable Employment,38.87968563
Japan,2020,Female,Employment to population ratio,51.781
Japan,2020,Male,Employment to population ratio,69.242
Japan,2020,Female,Labour Force Participation Rate,53.126
Japan,2020,Male,Labour Force Participation Rate,71.408
Japan,2020,Female,Vulnerable Employment,7.409654069
Japan,2020,Male,Vulnerable Employment,8.669792948
Jordan,2020,Female,Employment to population ratio,11.154
Jordan,2020,Male,Employment to population ratio,51.456
Jordan,2020,Female,Labour Force Participation Rate,14.942
Jordan,2020,Male,Labour Force Participation Rate,62.659
Jordan,2020,Female,Vulnerable Employment,3.283137804
Jordan,2020,Male,Vulnerable Employment,9.433079543
Kazakhstan,2020,Female,Employment to population ratio,60.275
Kazakhstan,2020,Male,Employment to population ratio,72.15
Kazakhstan,2020,Female,Labour Force Participation Rate,63.694
Kazakhstan,2020,Male,Labour Force Participation Rate,75.493
Kazakhstan,2020,Female,Vulnerable Employment,23.57380654
Kazakhstan,2020,Male,Vulnerable Employment,25.6674564
Kenya,2020,Female,Employment to population ratio,66.568
Kenya,2020,Male,Employment to population ratio,71.633
Kenya,2020,Female,Labour Force Participation Rate,71.258
Kenya,2020,Male,Labour Force Participation Rate,75.163
Kenya,2020,Female,Vulnerable Employment,69.48426192
Kenya,2020,Male,Vulnerable Employment,52.47300564
"Korea, Dem. People's Rep.",2020,Female,Employment to population ratio,65.941
"Korea, Dem. People's Rep.",2020,Male,Employment to population ratio,75.9
"Korea, Dem. People's Rep.",2020,Female,Labour Force Participation Rate,68.132
"Korea, Dem. People's Rep.",2020,Male,Labour Force Participation Rate,78.267
"Korea, Dem. People's Rep.",2020,Female,Vulnerable Employment,88.18381653
"Korea, Dem. People's Rep.",2020,Male,Vulnerable Employment,75.88600814
"Korea, Rep.",2020,Female,Employment to population ratio,50.972
"Korea, Rep.",2020,Male,Employment to population ratio,69.802
"Korea, Rep.",2020,Female,Labour Force Participation Rate,53.089
"Korea, Rep.",2020,Male,Labour Force Participation Rate,72.625
"Korea, Rep.",2020,Female,Part Time Employment,34.06
"Korea, Rep.",2020,Male,Part Time Employment,17.96
"Korea, Rep.",2020,Female,Vulnerable Employment,18.52084629
"Korea, Rep.",2020,Male,Vulnerable Employment,19.92316834
Kosovo,2020,Female,Part Time Employment,25.76
Kosovo,2020,Male,Part Time Employment,21.76
Kuwait,2020,Female,Employment to population ratio,42.141
Kuwait,2020,Male,Employment to population ratio,81.694
Kuwait,2020,Female,Labour Force Participation Rate,46.065
Kuwait,2020,Male,Labour Force Participation Rate,83.203
Kuwait,2020,Female,Vulnerable Employment,0.040301289
Kuwait,2020,Male,Vulnerable Employment,1.807597608
Kyrgyz Republic,2020,Female,Employment to population ratio,50.522
Kyrgyz Republic,2020,Male,Employment to population ratio,73.832
Kyrgyz Republic,2020,Female,Labour Force Participation Rate,53.173
Kyrgyz Republic,2020,Male,Labour Force Participation Rate,77.203
Kyrgyz Republic,2020,Female,Part Time Employment,46.52
Kyrgyz Republic,2020,Male,Part Time Employment,25.41
Kyrgyz Republic,2020,Female,Vulnerable Employment,28.96251999
Kyrgyz Republic,2020,Male,Vulnerable Employment,35.19997919
Lao PDR,2020,Female,Employment to population ratio,53.579
Lao PDR,2020,Male,Employment to population ratio,59.718
Lao PDR,2020,Female,Labour Force Participation Rate,55.303
Lao PDR,2020,Male,Labour Force Participation Rate,62.542
Lao PDR,2020,Female,Vulnerable Employment,85.59960151
Lao PDR,2020,Male,Vulnerable Employment,73.05160544
Latvia,2020,Female,Employment to population ratio,52.043
Latvia,2020,Male,Employment to population ratio,62.28
Latvia,2020,Female,Labour Force Participation Rate,56
Latvia,2020,Male,Labour Force Participation Rate,68.533
Latvia,2020,Female,Part Time Employment,26.02
Latvia,2020,Male,Part Time Employment,16
Latvia,2020,Female,Vulnerable Employment,7.35773998
Latvia,2020,Male,Vulnerable Employment,8.758011932
Lebanon,2020,Female,Employment to population ratio,22.155
Lebanon,2020,Male,Employment to population ratio,56.32
Lebanon,2020,Female,Labour Force Participation Rate,26.418
Lebanon,2020,Male,Labour Force Participation Rate,63.973
Lebanon,2020,Female,Vulnerable Employment,12.34054709
Lebanon,2020,Male,Vulnerable Employment,25.28113824
Lesotho,2020,Female,Employment to population ratio,45.196
Lesotho,2020,Male,Employment to population ratio,59.631
Lesotho,2020,Female,Labour Force Participation Rate,56.943
Lesotho,2020,Male,Labour Force Participation Rate,71.549
Lesotho,2020,Female,Vulnerable Employment,30.25583689
Lesotho,2020,Male,Vulnerable Employment,35.66979236
Liberia,2020,Female,Employment to population ratio,69.344
Liberia,2020,Male,Employment to population ratio,76.373
Liberia,2020,Female,Labour Force Participation Rate,71.463
Liberia,2020,Male,Labour Force Participation Rate,80.551
Liberia,2020,Female,Vulnerable Employment,89.57292365
Liberia,2020,Male,Vulnerable Employment,66.44408824
Libya,2020,Female,Employment to population ratio,24.587
Libya,2020,Male,Employment to population ratio,49.12
Libya,2020,Female,Labour Force Participation Rate,33.001
Libya,2020,Male,Labour Force Participation Rate,58.829
Libya,2020,Female,Vulnerable Employment,8.82532898
Libya,2020,Male,Vulnerable Employment,15.22351564
Lithuania,2020,Female,Employment to population ratio,52.69
Lithuania,2020,Male,Employment to population ratio,62.062
Lithuania,2020,Female,Labour Force Participation Rate,57.08
Lithuania,2020,Male,Labour Force Participation Rate,68.403
Lithuania,2020,Female,Part Time Employment,33.4
Lithuania,2020,Male,Part Time Employment,21.61
Lithuania,2020,Female,Vulnerable Employment,7.416471777
Lithuania,2020,Male,Vulnerable Employment,11.46590023
Luxembourg,2020,Female,Employment to population ratio,53.045
Luxembourg,2020,Male,Employment to population ratio,60.3
Luxembourg,2020,Female,Labour Force Participation Rate,57.018
Luxembourg,2020,Male,Labour Force Participation Rate,64.559
Luxembourg,2020,Female,Part Time Employment,47.17
Luxembourg,2020,Male,Part Time Employment,25.77
Luxembourg,2020,Female,Vulnerable Employment,5.768269519
Luxembourg,2020,Male,Vulnerable Employment,6.206457413
"Macao SAR, China",2020,Female,Employment to population ratio,61.155
"Macao SAR, China",2020,Male,Employment to population ratio,71.032
"Macao SAR, China",2020,Female,Labour Force Participation Rate,62.542
"Macao SAR, China",2020,Male,Labour Force Participation Rate,73.171
"Macao SAR, China",2020,Female,Vulnerable Employment,2.036302264
"Macao SAR, China",2020,Male,Vulnerable Employment,4.716747666
Madagascar,2020,Female,Employment to population ratio,80.322
Madagascar,2020,Male,Employment to population ratio,85.267
Madagascar,2020,Female,Labour Force Participation Rate,82.087
Madagascar,2020,Male,Labour Force Participation Rate,87.246
Madagascar,2020,Female,Vulnerable Employment,89.24498419
Madagascar,2020,Male,Vulnerable Employment,81.30890494
Malawi,2020,Female,Employment to population ratio,58.957
Malawi,2020,Male,Employment to population ratio,70.302
Malawi,2020,Female,Labour Force Participation Rate,63.157
Malawi,2020,Male,Labour Force Participation Rate,73.905
Malawi,2020,Female,Vulnerable Employment,65.98826023
Malawi,2020,Male,Vulnerable Employment,56.09443605
Malaysia,2020,Female,Employment to population ratio,49.246
Malaysia,2020,Male,Employment to population ratio,74.844
Malaysia,2020,Female,Labour Force Participation Rate,51.664
Malaysia,2020,Male,Labour Force Participation Rate,78.33
Malaysia,2020,Female,Vulnerable Employment,24.78769512
Malaysia,2020,Male,Vulnerable Employment,19.87231789
Maldives,2020,Female,Employment to population ratio,37.581
Maldives,2020,Male,Employment to population ratio,69.341
Maldives,2020,Female,Labour Force Participation Rate,39.255
Maldives,2020,Male,Labour Force Participation Rate,73.703
Maldives,2020,Female,Vulnerable Employment,32.17232792
Maldives,2020,Male,Vulnerable Employment,14.76528302
Mali,2020,Female,Employment to population ratio,48.832
Mali,2020,Male,Employment to population ratio,78.096
Mali,2020,Female,Labour Force Participation Rate,50.625
Mali,2020,Male,Labour Force Participation Rate,80.948
Mali,2020,Female,Vulnerable Employment,92.89837397
Mali,2020,Male,Vulnerable Employment,80.13050844
Malta,2020,Female,Employment to population ratio,49.64
Malta,2020,Male,Employment to population ratio,67.636
Malta,2020,Female,Labour Force Participation Rate,51.982
Malta,2020,Male,Labour Force Participation Rate,70.634
Malta,2020,Female,Part Time Employment,47.3
Malta,2020,Male,Part Time Employment,31.93
Malta,2020,Female,Vulnerable Employment,6.649979452
Malta,2020,Male,Vulnerable Employment,13.93622589
Mauritania,2020,Female,Employment to population ratio,21.864
Mauritania,2020,Male,Employment to population ratio,51.56
Mauritania,2020,Female,Labour Force Participation Rate,26.007
Mauritania,2020,Male,Labour Force Participation Rate,56.516
Mauritania,2020,Female,Vulnerable Employment,76.49858629
Mauritania,2020,Male,Vulnerable Employment,60.96742312
Mauritius,2020,Female,Employment to population ratio,38.242
Mauritius,2020,Male,Employment to population ratio,62.888
Mauritius,2020,Female,Labour Force Participation Rate,42.594
Mauritius,2020,Male,Labour Force Participation Rate,68.063
Mauritius,2020,Female,Part Time Employment,47.8965145
Mauritius,2020,Male,Part Time Employment,47.8965145
Mauritius,2020,Female,Vulnerable Employment,15.92818946
Mauritius,2020,Male,Vulnerable Employment,19.2466268
Mexico,2020,Female,Employment to population ratio,39.795
Mexico,2020,Male,Employment to population ratio,69.189
Mexico,2020,Female,Labour Force Participation Rate,41.49
Mexico,2020,Male,Labour Force Participation Rate,72.568
Mexico,2020,Female,Part Time Employment,41.51
Mexico,2020,Male,Part Time Employment,26.17
Mexico,2020,Female,Vulnerable Employment,26.974071
Mexico,2020,Male,Vulnerable Employment,24.76310602
Moldova,2020,Female,Employment to population ratio,67.378
Moldova,2020,Male,Employment to population ratio,70.503
Moldova,2020,Female,Labour Force Participation Rate,68.027
Moldova,2020,Male,Labour Force Participation Rate,71.568
Moldova,2020,Female,Part Time Employment,14.89
Moldova,2020,Male,Part Time Employment,12.29
Moldova,2020,Female,Vulnerable Employment,59.9788655
Moldova,2020,Male,Vulnerable Employment,59.04757585
Mongolia,2020,Female,Employment to population ratio,50.124
Mongolia,2020,Male,Employment to population ratio,63.924
Mongolia,2020,Female,Labour Force Participation Rate,53.497
Mongolia,2020,Male,Labour Force Participation Rate,68.605
Mongolia,2020,Female,Vulnerable Employment,36.7048605
Mongolia,2020,Male,Vulnerable Employment,42.73726122
Montenegro,2020,Female,Employment to population ratio,37.97
Montenegro,2020,Male,Employment to population ratio,50.129
Montenegro,2020,Female,Labour Force Participation Rate,46.516
Montenegro,2020,Male,Labour Force Participation Rate,60.742
Montenegro,2020,Female,Part Time Employment,8.51
Montenegro,2020,Male,Part Time Employment,8.8
Montenegro,2020,Female,Vulnerable Employment,13.1082785
Montenegro,2020,Male,Vulnerable Employment,21.0012752
Morocco,2020,Female,Employment to population ratio,18.149
Morocco,2020,Male,Employment to population ratio,60.695
Morocco,2020,Female,Labour Force Participation Rate,20.783
Morocco,2020,Male,Labour Force Participation Rate,68.536
Morocco,2020,Female,Vulnerable Employment,55.3398995
Morocco,2020,Male,Vulnerable Employment,44.24004644
Mozambique,2020,Female,Employment to population ratio,74.295
Mozambique,2020,Male,Employment to population ratio,75.53
Mozambique,2020,Female,Labour Force Participation Rate,77.601
Mozambique,2020,Male,Labour Force Participation Rate,78.575
Mozambique,2020,Female,Vulnerable Employment,92.15357433
Mozambique,2020,Male,Vulnerable Employment,73.35059911
Myanmar,2020,Female,Employment to population ratio,43.77
Myanmar,2020,Male,Employment to population ratio,75.192
Myanmar,2020,Female,Labour Force Participation Rate,44.745
Myanmar,2020,Male,Labour Force Participation Rate,75.996
Myanmar,2020,Female,Vulnerable Employment,64.51734227
Myanmar,2020,Male,Vulnerable Employment,62.01990642
Namibia,2020,Female,Employment to population ratio,43.551
Namibia,2020,Male,Employment to population ratio,47.58
Namibia,2020,Female,Labour Force Participation Rate,54.163
Namibia,2020,Male,Labour Force Participation Rate,61.521
Namibia,2020,Female,Vulnerable Employment,38.86490992
Namibia,2020,Male,Vulnerable Employment,25.23332413
Nepal,2020,Female,Employment to population ratio,24.067
Nepal,2020,Male,Employment to population ratio,46.852
Nepal,2020,Female,Labour Force Participation Rate,28.118
Nepal,2020,Male,Labour Force Participation Rate,53.442
Nepal,2020,Female,Vulnerable Employment,92.38909179
Nepal,2020,Male,Vulnerable Employment,69.11547681
Netherlands,2020,Female,Employment to population ratio,57.519
Netherlands,2020,Male,Employment to population ratio,66.761
Netherlands,2020,Female,Labour Force Participation Rate,59.887
Netherlands,2020,Male,Labour Force Participation Rate,69.328
Netherlands,2020,Female,Part Time Employment,77.66
Netherlands,2020,Male,Part Time Employment,43.65
Netherlands,2020,Female,Vulnerable Employment,11.69001454
Netherlands,2020,Male,Vulnerable Employment,14.81106562
New Caledonia,2020,Female,Employment to population ratio,46.309
New Caledonia,2020,Male,Employment to population ratio,53.234
New Caledonia,2020,Female,Labour Force Participation Rate,53.18
New Caledonia,2020,Male,Labour Force Participation Rate,61.987
New Caledonia,2020,Female,Vulnerable Employment,10.50733025
New Caledonia,2020,Male,Vulnerable Employment,20.43287812
New Zealand,2020,Female,Employment to population ratio,61.95
New Zealand,2020,Male,Employment to population ratio,72.242
New Zealand,2020,Female,Labour Force Participation Rate,65.201
New Zealand,2020,Male,Labour Force Participation Rate,75.453
New Zealand,2020,Female,Part Time Employment,47.8965145
New Zealand,2020,Male,Part Time Employment,47.8965145
New Zealand,2020,Female,Vulnerable Employment,15.6361844
New Zealand,2020,Male,Vulnerable Employment,21.79897156
Nicaragua,2020,Female,Employment to population ratio,44.583
Nicaragua,2020,Male,Employment to population ratio,76.878
Nicaragua,2020,Female,Labour Force Participation Rate,47.488
Nicaragua,2020,Male,Labour Force Participation Rate,82.112
Nicaragua,2020,Female,Vulnerable Employment,45.49761536
Nicaragua,2020,Male,Vulnerable Employment,33.35731142
Niger,2020,Female,Employment to population ratio,61.222
Niger,2020,Male,Employment to population ratio,83.087
Niger,2020,Female,Labour Force Participation Rate,61.524
Niger,2020,Male,Labour Force Participation Rate,83.735
Niger,2020,Female,Vulnerable Employment,97.22970279
Niger,2020,Male,Vulnerable Employment,90.941458
Nigeria,2020,Female,Employment to population ratio,48.494
Nigeria,2020,Male,Employment to population ratio,61.464
Nigeria,2020,Female,Labour Force Participation Rate,51.549
Nigeria,2020,Male,Labour Force Participation Rate,64.975
Nigeria,2020,Female,Vulnerable Employment,85.63457323
Nigeria,2020,Male,Vulnerable Employment,83.69276443
North Macedonia,2020,Female,Employment to population ratio,36.66
North Macedonia,2020,Male,Employment to population ratio,54.392
North Macedonia,2020,Female,Labour Force Participation Rate,43.737
North Macedonia,2020,Male,Labour Force Participation Rate,65.376
North Macedonia,2020,Female,Part Time Employment,28.31
North Macedonia,2020,Male,Part Time Employment,22.24
North Macedonia,2020,Female,Vulnerable Employment,11.86599426
North Macedonia,2020,Male,Vulnerable Employment,15.22085625
Norway,2020,Female,Employment to population ratio,57.748
Norway,2020,Male,Employment to population ratio,63.781
Norway,2020,Female,Labour Force Participation Rate,60.235
Norway,2020,Male,Labour Force Participation Rate,66.912
Norway,2020,Female,Part Time Employment,57.27
Norway,2020,Male,Part Time Employment,43.08
Norway,2020,Female,Vulnerable Employment,3.08847154
Norway,2020,Male,Vulnerable Employment,5.905582154
Oman,2020,Female,Employment to population ratio,26.356
Oman,2020,Male,Employment to population ratio,83.995
Oman,2020,Female,Labour Force Participation Rate,29.562
Oman,2020,Male,Labour Force Participation Rate,85.295
Oman,2020,Female,Vulnerable Employment,5.246677566
Oman,2020,Male,Vulnerable Employment,3.046051327
Pakistan,2020,Female,Employment to population ratio,21.904
Pakistan,2020,Male,Employment to population ratio,74.982
Pakistan,2020,Female,Labour Force Participation Rate,23.661
Pakistan,2020,Male,Labour Force Participation Rate,79.646
Pakistan,2020,Female,Vulnerable Employment,76.77045285
Pakistan,2020,Male,Vulnerable Employment,52.25304376
Panama,2020,Female,Employment to population ratio,39.93
Panama,2020,Male,Employment to population ratio,65.428
Panama,2020,Female,Labour Force Participation Rate,49.491
Panama,2020,Male,Labour Force Participation Rate,73.233
Panama,2020,Female,Part Time Employment,48.85
Panama,2020,Male,Part Time Employment,46.66
Panama,2020,Female,Vulnerable Employment,38.34836058
Panama,2020,Male,Vulnerable Employment,44.39001338
Papua New Guinea,2020,Female,Employment to population ratio,45.435
Papua New Guinea,2020,Male,Employment to population ratio,45.653
Papua New Guinea,2020,Female,Labour Force Participation Rate,46.181
Papua New Guinea,2020,Male,Labour Force Participation Rate,47.748
Papua New Guinea,2020,Female,Vulnerable Employment,83.47820362
Papua New Guinea,2020,Male,Vulnerable Employment,68.86708971
Paraguay,2020,Female,Employment to population ratio,51.413
Paraguay,2020,Male,Employment to population ratio,78.321
Paraguay,2020,Female,Labour Force Participation Rate,57.109
Paraguay,2020,Male,Labour Force Participation Rate,83.21
Paraguay,2020,Female,Part Time Employment,51.83
Paraguay,2020,Male,Part Time Employment,38.26
Paraguay,2020,Female,Vulnerable Employment,42.7040758
Paraguay,2020,Male,Vulnerable Employment,39.41452178
Peru,2020,Female,Employment to population ratio,55.732
Peru,2020,Male,Employment to population ratio,72.525
Peru,2020,Female,Labour Force Participation Rate,59.924
Peru,2020,Male,Labour Force Participation Rate,78.259
Peru,2020,Female,Part Time Employment,54.68
Peru,2020,Male,Part Time Employment,40.44
Peru,2020,Female,Vulnerable Employment,60.79598344
Peru,2020,Male,Vulnerable Employment,47.97333266
Philippines,2020,Female,Employment to population ratio,41.364
Philippines,2020,Male,Employment to population ratio,65.231
Philippines,2020,Female,Labour Force Participation Rate,42.519
Philippines,2020,Male,Labour Force Participation Rate,66.833
Philippines,2020,Female,Part Time Employment,39.58
Philippines,2020,Male,Part Time Employment,39.12
Philippines,2020,Female,Vulnerable Employment,39.18650619
Philippines,2020,Male,Vulnerable Employment,32.18110307
Poland,2020,Female,Employment to population ratio,47.089
Poland,2020,Male,Employment to population ratio,63.781
Poland,2020,Female,Labour Force Participation Rate,48.69
Poland,2020,Male,Labour Force Participation Rate,65.792
Poland,2020,Female,Part Time Employment,35.86
Poland,2020,Male,Part Time Employment,22.98
Poland,2020,Female,Vulnerable Employment,13.31198217
Poland,2020,Male,Vulnerable Employment,19.48804762
Portugal,2020,Female,Employment to population ratio,49.813
Portugal,2020,Male,Employment to population ratio,58.921
Portugal,2020,Female,Labour Force Participation Rate,53.598
Portugal,2020,Male,Labour Force Participation Rate,63.046
Portugal,2020,Female,Part Time Employment,38.9
Portugal,2020,Male,Part Time Employment,30.07
Portugal,2020,Female,Vulnerable Employment,9.785468494
Portugal,2020,Male,Vulnerable Employment,14.29902246
Puerto Rico,2020,Female,Employment to population ratio,29.051
Puerto Rico,2020,Male,Employment to population ratio,46.056
Puerto Rico,2020,Female,Labour Force Participation Rate,31.238
Puerto Rico,2020,Male,Labour Force Participation Rate,51.289
Puerto Rico,2020,Female,Vulnerable Employment,8.57530106
Puerto Rico,2020,Male,Vulnerable Employment,16.24908536
Qatar,2020,Female,Employment to population ratio,59.48
Qatar,2020,Male,Employment to population ratio,96.059
Qatar,2020,Female,Labour Force Participation Rate,59.791
Qatar,2020,Male,Labour Force Participation Rate,96.124
Qatar,2020,Female,Vulnerable Employment,0.051615599
Qatar,2020,Male,Vulnerable Employment,0.157892777
Romania,2020,Female,Employment to population ratio,43.298
Romania,2020,Male,Employment to population ratio,62.094
Romania,2020,Female,Labour Force Participation Rate,45.428
Romania,2020,Male,Labour Force Participation Rate,65.561
Romania,2020,Female,Part Time Employment,19.83
Romania,2020,Male,Part Time Employment,14.33
Romania,2020,Female,Vulnerable Employment,21.16197292
Romania,2020,Male,Vulnerable Employment,23.7384845
Russian Federation,2020,Female,Employment to population ratio,51.774
Russian Federation,2020,Male,Employment to population ratio,65.843
Russian Federation,2020,Female,Labour Force Participation Rate,54.807
Russian Federation,2020,Male,Labour Force Participation Rate,69.781
Russian Federation,2020,Female,Part Time Employment,16.99
Russian Federation,2020,Male,Part Time Employment,10.08
Russian Federation,2020,Female,Vulnerable Employment,4.826602286
Russian Federation,2020,Male,Vulnerable Employment,5.934475066
Rwanda,2020,Female,Employment to population ratio,49.325
Rwanda,2020,Male,Employment to population ratio,61.707
Rwanda,2020,Female,Labour Force Participation Rate,56.633
Rwanda,2020,Male,Labour Force Participation Rate,69.234
Rwanda,2020,Female,Vulnerable Employment,80.39327553
Rwanda,2020,Male,Vulnerable Employment,51.19159729
Samoa,2020,Female,Employment to population ratio,34.243
Samoa,2020,Male,Employment to population ratio,61.349
Samoa,2020,Female,Labour Force Participation Rate,40.683
Samoa,2020,Male,Labour Force Participation Rate,66.022
Samoa,2020,Female,Vulnerable Employment,29.23961096
Samoa,2020,Male,Vulnerable Employment,31.07002855
Sao Tome and Principe,2020,Female,Employment to population ratio,28.434
Sao Tome and Principe,2020,Male,Employment to population ratio,62.096
Sao Tome and Principe,2020,Female,Labour Force Participation Rate,37.225
Sao Tome and Principe,2020,Male,Labour Force Participation Rate,69.711
Sao Tome and Principe,2020,Female,Vulnerable Employment,67.95431281
Sao Tome and Principe,2020,Male,Vulnerable Employment,49.06841593
Saudi Arabia,2020,Female,Employment to population ratio,23.334
Saudi Arabia,2020,Male,Employment to population ratio,76.745
Saudi Arabia,2020,Female,Labour Force Participation Rate,29.548
Saudi Arabia,2020,Male,Labour Force Participation Rate,80.082
Saudi Arabia,2020,Female,Vulnerable Employment,3.960888509
Saudi Arabia,2020,Male,Vulnerable Employment,2.166492004
Senegal,2020,Female,Employment to population ratio,35.998
Senegal,2020,Male,Employment to population ratio,62.11
Senegal,2020,Female,Labour Force Participation Rate,37.29
Senegal,2020,Male,Labour Force Participation Rate,64.203
Senegal,2020,Female,Vulnerable Employment,76.95262398
Senegal,2020,Male,Vulnerable Employment,55.25083031
Serbia,2020,Female,Employment to population ratio,42.087
Serbia,2020,Male,Employment to population ratio,57.614
Serbia,2020,Female,Labour Force Participation Rate,46.456
Serbia,2020,Male,Labour Force Participation Rate,63.095
Serbia,2020,Female,Part Time Employment,25.59
Serbia,2020,Male,Part Time Employment,18.99
Serbia,2020,Female,Vulnerable Employment,20.99817081
Serbia,2020,Male,Vulnerable Employment,26.26551017
Seychelles,2020,Female,Part Time Employment,9.98
Seychelles,2020,Male,Part Time Employment,12.06
Sierra Leone,2020,Female,Employment to population ratio,49.841
Sierra Leone,2020,Male,Employment to population ratio,52.949
Sierra Leone,2020,Female,Labour Force Participation Rate,51.018
Sierra Leone,2020,Male,Labour Force Participation Rate,55.578
Sierra Leone,2020,Female,Vulnerable Employment,91.11214113
Sierra Leone,2020,Male,Vulnerable Employment,82.85344729
Singapore,2020,Female,Employment to population ratio,59.704
Singapore,2020,Male,Employment to population ratio,74.441
Singapore,2020,Female,Labour Force Participation Rate,62.444
Singapore,2020,Male,Labour Force Participation Rate,77.453
Singapore,2020,Female,Vulnerable Employment,6.339458047
Singapore,2020,Male,Vulnerable Employment,11.73070142
Slovak Republic,2020,Female,Employment to population ratio,48.236
Slovak Republic,2020,Male,Employment to population ratio,62.369
Slovak Republic,2020,Female,Labour Force Participation Rate,51.924
Slovak Republic,2020,Male,Labour Force Participation Rate,66.635
Slovak Republic,2020,Female,Part Time Employment,34.17
Slovak Republic,2020,Male,Part Time Employment,24.61
Slovak Republic,2020,Female,Vulnerable Employment,8.134500577
Slovak Republic,2020,Male,Vulnerable Employment,15.32133969
Slovenia,2020,Female,Employment to population ratio,50.186
Slovenia,2020,Male,Employment to population ratio,59.629
Slovenia,2020,Female,Labour Force Participation Rate,53.197
Slovenia,2020,Male,Labour Force Participation Rate,62.386
Slovenia,2020,Female,Part Time Employment,37.18
Slovenia,2020,Male,Part Time Employment,25.23
Slovenia,2020,Female,Vulnerable Employment,8.750482563
Slovenia,2020,Male,Vulnerable Employment,11.63893446
Solomon Islands,2020,Female,Employment to population ratio,80.789
Solomon Islands,2020,Male,Employment to population ratio,84.117
Solomon Islands,2020,Female,Labour Force Participation Rate,81.506
Solomon Islands,2020,Male,Labour Force Participation Rate,84.881
Solomon Islands,2020,Female,Vulnerable Employment,75.95226673
Solomon Islands,2020,Male,Vulnerable Employment,54.13353592
Somalia,2020,Female,Employment to population ratio,15.64
Somalia,2020,Male,Employment to population ratio,38.752
Somalia,2020,Female,Labour Force Participation Rate,20.882
Somalia,2020,Male,Labour Force Participation Rate,46.736
Somalia,2020,Female,Vulnerable Employment,60.5128504
Somalia,2020,Male,Vulnerable Employment,39.66885918
South Africa,2020,Female,Employment to population ratio,36.237
South Africa,2020,Male,Employment to population ratio,47.035
South Africa,2020,Female,Labour Force Participation Rate,48.696
South Africa,2020,Male,Labour Force Participation Rate,61.288
South Africa,2020,Female,Part Time Employment,21.82
South Africa,2020,Male,Part Time Employment,14.51
South Africa,2020,Female,Vulnerable Employment,27.40324553
South Africa,2020,Male,Vulnerable Employment,24.07999158
South Sudan,2020,Female,Employment to population ratio,58.746
South Sudan,2020,Male,Employment to population ratio,60.85
South Sudan,2020,Female,Labour Force Participation Rate,69.432
South Sudan,2020,Male,Labour Force Participation Rate,70.256
South Sudan,2020,Female,Vulnerable Employment,94.73985193
South Sudan,2020,Male,Vulnerable Employment,81.28697059
Spain,2020,Female,Employment to population ratio,42.184
Spain,2020,Male,Employment to population ratio,53.285
Spain,2020,Female,Labour Force Participation Rate,51.088
Spain,2020,Male,Labour Force Participation Rate,61.866
Spain,2020,Female,Part Time Employment,46.08
Spain,2020,Male,Part Time Employment,30.36
Spain,2020,Female,Vulnerable Employment,9.081041779
Spain,2020,Male,Vulnerable Employment,13.42810205
Sri Lanka,2020,Female,Employment to population ratio,29.128
Sri Lanka,2020,Male,Employment to population ratio,68.494
Sri Lanka,2020,Female,Labour Force Participation Rate,31.74
Sri Lanka,2020,Male,Labour Force Participation Rate,71.305
Sri Lanka,2020,Female,Part Time Employment,44
Sri Lanka,2020,Male,Part Time Employment,32.99
Sri Lanka,2020,Female,Vulnerable Employment,40.35289528
Sri Lanka,2020,Male,Vulnerable Employment,39.85099171
St. Lucia,2020,Female,Employment to population ratio,48.085
St. Lucia,2020,Male,Employment to population ratio,57.802
St. Lucia,2020,Female,Labour Force Participation Rate,61.856
St. Lucia,2020,Male,Labour Force Participation Rate,71.142
St. Lucia,2020,Female,Vulnerable Employment,17.1192676
St. Lucia,2020,Male,Vulnerable Employment,25.12753874
St. Vincent and the Grenadines,2020,Female,Employment to population ratio,43.057
St. Vincent and the Grenadines,2020,Male,Employment to population ratio,56.298
St. Vincent and the Grenadines,2020,Female,Labour Force Participation Rate,52.563
St. Vincent and the Grenadines,2020,Male,Labour Force Participation Rate,72.617
St. Vincent and the Grenadines,2020,Female,Vulnerable Employment,17.37198971
St. Vincent and the Grenadines,2020,Male,Vulnerable Employment,23.68140081
Sudan,2020,Female,Employment to population ratio,19.205
Sudan,2020,Male,Employment to population ratio,58.892
Sudan,2020,Female,Labour Force Participation Rate,28.532
Sudan,2020,Male,Labour Force Participation Rate,68.032
Sudan,2020,Female,Vulnerable Employment,67.11647414
Sudan,2020,Male,Vulnerable Employment,55.68697924
Suriname,2020,Female,Employment to population ratio,37.887
Suriname,2020,Male,Employment to population ratio,59.049
Suriname,2020,Female,Labour Force Participation Rate,43.108
Suriname,2020,Male,Labour Force Participation Rate,63.077
Suriname,2020,Female,Vulnerable Employment,18.69393993
Suriname,2020,Male,Vulnerable Employment,20.90615933
Sweden,2020,Female,Employment to population ratio,56.583
Sweden,2020,Male,Employment to population ratio,63.359
Sweden,2020,Female,Labour Force Participation Rate,61.694
Sweden,2020,Male,Labour Force Participation Rate,69.09
Sweden,2020,Female,Part Time Employment,56.99
Sweden,2020,Male,Part Time Employment,44.33
Sweden,2020,Female,Vulnerable Employment,4.210050811
Sweden,2020,Male,Vulnerable Employment,8.542668643
Switzerland,2020,Female,Employment to population ratio,59.38
Switzerland,2020,Male,Employment to population ratio,69.965
Switzerland,2020,Female,Labour Force Participation Rate,62.506
Switzerland,2020,Male,Labour Force Participation Rate,73.386
Switzerland,2020,Female,Part Time Employment,51.48
Switzerland,2020,Male,Part Time Employment,24.73
Switzerland,2020,Female,Vulnerable Employment,9.263577525
Switzerland,2020,Male,Vulnerable Employment,9.342933497
Syrian Arab Republic,2020,Female,Employment to population ratio,9.618
Syrian Arab Republic,2020,Male,Employment to population ratio,52.951
Syrian Arab Republic,2020,Female,Labour Force Participation Rate,13.219
Syrian Arab Republic,2020,Male,Labour Force Participation Rate,60.597
Syrian Arab Republic,2020,Female,Vulnerable Employment,9.164315271
Syrian Arab Republic,2020,Male,Vulnerable Employment,40.37652185
Tajikistan,2020,Female,Employment to population ratio,29.247
Tajikistan,2020,Male,Employment to population ratio,46.424
Tajikistan,2020,Female,Labour Force Participation Rate,31
Tajikistan,2020,Male,Labour Force Participation Rate,50.639
Tajikistan,2020,Female,Vulnerable Employment,27.140663
Tajikistan,2020,Male,Vulnerable Employment,22.40071671
Tanzania,2020,Female,Employment to population ratio,73.268
Tanzania,2020,Male,Employment to population ratio,83.337
Tanzania,2020,Female,Labour Force Participation Rate,76.089
Tanzania,2020,Male,Labour Force Participation Rate,84.951
Tanzania,2020,Female,Vulnerable Employment,89.94696628
Tanzania,2020,Male,Vulnerable Employment,79.11527257
Thailand,2020,Female,Employment to population ratio,58.561
Thailand,2020,Male,Employment to population ratio,74.613
Thailand,2020,Female,Labour Force Participation Rate,59.206
Thailand,2020,Male,Labour Force Participation Rate,75.45
Thailand,2020,Female,Part Time Employment,23.45
Thailand,2020,Male,Part Time Employment,22.94
Thailand,2020,Female,Vulnerable Employment,49.26425887
Thailand,2020,Male,Vulnerable Employment,47.10065324
Timor-Leste,2020,Female,Employment to population ratio,58.311
Timor-Leste,2020,Male,Employment to population ratio,70.184
Timor-Leste,2020,Female,Labour Force Participation Rate,60.461
Timor-Leste,2020,Male,Labour Force Participation Rate,71.735
Timor-Leste,2020,Female,Vulnerable Employment,79.78127033
Timor-Leste,2020,Male,Vulnerable Employment,55.85081034
Togo,2020,Female,Employment to population ratio,53.762
Togo,2020,Male,Employment to population ratio,56.025
Togo,2020,Female,Labour Force Participation Rate,55.414
Togo,2020,Male,Labour Force Participation Rate,59.149
Togo,2020,Female,Vulnerable Employment,80.8179399
Togo,2020,Male,Vulnerable Employment,62.49755414
Tonga,2020,Female,Employment to population ratio,40.573
Tonga,2020,Male,Employment to population ratio,63.862
Tonga,2020,Female,Labour Force Participation Rate,42.151
Tonga,2020,Male,Labour Force Participation Rate,65.188
Tonga,2020,Female,Vulnerable Employment,36.08650157
Tonga,2020,Male,Vulnerable Employment,39.24759239
Trinidad and Tobago,2020,Female,Employment to population ratio,44.472
Trinidad and Tobago,2020,Male,Employment to population ratio,61.399
Trinidad and Tobago,2020,Female,Labour Force Participation Rate,46.722
Trinidad and Tobago,2020,Male,Labour Force Participation Rate,63.79
Trinidad and Tobago,2020,Female,Vulnerable Employment,14.93444899
Trinidad and Tobago,2020,Male,Vulnerable Employment,26.70381693
Tunisia,2020,Female,Employment to population ratio,18.447
Tunisia,2020,Male,Employment to population ratio,55.349
Tunisia,2020,Female,Labour Force Participation Rate,25.243
Tunisia,2020,Male,Labour Force Participation Rate,65.319
Tunisia,2020,Female,Vulnerable Employment,12.32750615
Tunisia,2020,Male,Vulnerable Employment,23.7864588
Turkiye,2020,Female,Employment to population ratio,26.196
Turkiye,2020,Male,Employment to population ratio,59.625
Turkiye,2020,Female,Labour Force Participation Rate,30.767
Turkiye,2020,Male,Labour Force Participation Rate,67.998
Turkiye,2020,Female,Part Time Employment,41.24
Turkiye,2020,Male,Part Time Employment,27.54
Turkiye,2020,Female,Vulnerable Employment,29.31364899
Turkiye,2020,Male,Vulnerable Employment,24.0958691
Turkmenistan,2020,Female,Employment to population ratio,46.332
Turkmenistan,2020,Male,Employment to population ratio,42.298
Turkmenistan,2020,Female,Labour Force Participation Rate,47.642
Turkmenistan,2020,Male,Labour Force Participation Rate,45.261
Turkmenistan,2020,Female,Vulnerable Employment,30.22160809
Turkmenistan,2020,Male,Vulnerable Employment,28.0245775
Uganda,2020,Female,Employment to population ratio,63.944
Uganda,2020,Male,Employment to population ratio,69.543
Uganda,2020,Female,Labour Force Participation Rate,66.855
Uganda,2020,Male,Labour Force Participation Rate,71.903
Uganda,2020,Female,Vulnerable Employment,84.353757
Uganda,2020,Male,Vulnerable Employment,66.73210689
Ukraine,2020,Female,Employment to population ratio,43.78
Ukraine,2020,Male,Employment to population ratio,57.2
Ukraine,2020,Female,Labour Force Participation Rate,48.151
Ukraine,2020,Male,Labour Force Participation Rate,63.448
Ukraine,2020,Female,Part Time Employment,9.48
Ukraine,2020,Male,Part Time Employment,5.01
Ukraine,2020,Female,Vulnerable Employment,14.17326022
Ukraine,2020,Male,Vulnerable Employment,18.75473284
United Arab Emirates,2020,Female,Employment to population ratio,57.443
United Arab Emirates,2020,Male,Employment to population ratio,86.531
United Arab Emirates,2020,Female,Labour Force Participation Rate,60.992
United Arab Emirates,2020,Male,Labour Force Participation Rate,90.047
United Arab Emirates,2020,Female,Vulnerable Employment,2.032417837
United Arab Emirates,2020,Male,Vulnerable Employment,0.944341995
United Kingdom,2020,Female,Employment to population ratio,56.172
United Kingdom,2020,Male,Employment to population ratio,63.97
United Kingdom,2020,Female,Labour Force Participation Rate,58.607
United Kingdom,2020,Male,Labour Force Participation Rate,67.166
United Kingdom,2020,Female,Part Time Employment,59.62
United Kingdom,2020,Male,Part Time Employment,35.45
United Kingdom,2020,Female,Vulnerable Employment,9.864663109
United Kingdom,2020,Male,Vulnerable Employment,16.82263667
United States,2020,Female,Employment to population ratio,51.051
United States,2020,Male,Employment to population ratio,61.884
United States,2020,Female,Labour Force Participation Rate,55.7
United States,2020,Male,Labour Force Participation Rate,67.116
United States,2020,Female,Part Time Employment,35.24
United States,2020,Male,Part Time Employment,23.19
United States,2020,Female,Vulnerable Employment,2.842661471
United States,2020,Male,Vulnerable Employment,5.572878371
Uruguay,2020,Female,Employment to population ratio,47.694
Uruguay,2020,Male,Employment to population ratio,62.843
Uruguay,2020,Female,Labour Force Participation Rate,54.42
Uruguay,2020,Male,Labour Force Participation Rate,68.733
Uruguay,2020,Female,Vulnerable Employment,22.77535391
Uruguay,2020,Male,Vulnerable Employment,27.11130942
Uzbekistan,2020,Female,Employment to population ratio,36.448
Uzbekistan,2020,Male,Employment to population ratio,69.365
Uzbekistan,2020,Female,Labour Force Participation Rate,39.481
Uzbekistan,2020,Male,Labour Force Participation Rate,72.214
Uzbekistan,2020,Female,Vulnerable Employment,22.65720909
Uzbekistan,2020,Male,Vulnerable Employment,40.7122252
Vanuatu,2020,Female,Employment to population ratio,57.27
Vanuatu,2020,Male,Employment to population ratio,74.465
Vanuatu,2020,Female,Labour Force Participation Rate,59.736
Vanuatu,2020,Male,Labour Force Participation Rate,77.558
Vanuatu,2020,Female,Vulnerable Employment,62.93461864
Vanuatu,2020,Male,Vulnerable Employment,54.83786989
"Venezuela, RB",2020,Female,Employment to population ratio,35.51
"Venezuela, RB",2020,Male,Employment to population ratio,59.428
"Venezuela, RB",2020,Female,Labour Force Participation Rate,38.561
"Venezuela, RB",2020,Male,Labour Force Participation Rate,64.101
"Venezuela, RB",2020,Female,Vulnerable Employment,33.86516907
"Venezuela, RB",2020,Male,Vulnerable Employment,41.79449544
Viet Nam,2020,Female,Employment to population ratio,66.252
Viet Nam,2020,Male,Employment to population ratio,77.58
Viet Nam,2020,Female,Labour Force Participation Rate,67.912
Viet Nam,2020,Male,Labour Force Participation Rate,78.991
Viet Nam,2020,Female,Part Time Employment,30.91
Viet Nam,2020,Male,Part Time Employment,24.2
Viet Nam,2020,Female,Vulnerable Employment,57.97953706
Viet Nam,2020,Male,Vulnerable Employment,47.47317203
Virgin Islands (U.S.),2020,Female,Employment to population ratio,36.625
Virgin Islands (U.S.),2020,Male,Employment to population ratio,55.288
Virgin Islands (U.S.),2020,Female,Labour Force Participation Rate,43.578
Virgin Islands (U.S.),2020,Male,Labour Force Participation Rate,64.044
Virgin Islands (U.S.),2020,Female,Vulnerable Employment,4.889914551
Virgin Islands (U.S.),2020,Male,Vulnerable Employment,8.656455991
West Bank and Gaza,2020,Female,Employment to population ratio,9.871
West Bank and Gaza,2020,Male,Employment to population ratio,51.456
West Bank and Gaza,2020,Female,Labour Force Participation Rate,16.401
West Bank and Gaza,2020,Male,Labour Force Participation Rate,66.254
West Bank and Gaza,2020,Female,Part Time Employment,53.48
West Bank and Gaza,2020,Male,Part Time Employment,29.9
West Bank and Gaza,2020,Female,Vulnerable Employment,19.10290931
West Bank and Gaza,2020,Male,Vulnerable Employment,22.39274807
"Yemen, Rep.",2020,Female,Employment to population ratio,3.569
"Yemen, Rep.",2020,Male,Employment to population ratio,49.079
"Yemen, Rep.",2020,Female,Labour Force Participation Rate,5.091
"Yemen, Rep.",2020,Male,Labour Force Participation Rate,59.384
"Yemen, Rep.",2020,Female,Vulnerable Employment,65.1096407
"Yemen, Rep.",2020,Male,Vulnerable Employment,47.20904285
Zambia,2020,Female,Employment to population ratio,50.866
Zambia,2020,Male,Employment to population ratio,63.833
Zambia,2020,Female,Labour Force Participation Rate,54.436
Zambia,2020,Male,Labour Force Participation Rate,67.609
Zambia,2020,Female,Vulnerable Employment,82.20868163
Zambia,2020,Male,Vulnerable Employment,65.80188175
Zimbabwe,2020,Female,Employment to population ratio,54.764
Zimbabwe,2020,Male,Employment to population ratio,65.138
Zimbabwe,2020,Female,Labour Force Participation Rate,59.848
Zimbabwe,2020,Male,Labour Force Participation Rate,71.431
Zimbabwe,2020,Female,Vulnerable Employment,73.01019858
Zimbabwe,2020,Male,Vulnerable Employment,57.35300722